district,address,title,house_type,area,price,floor,build_time,district_id,update_time,view_num,extra_info,link
朝阳区,朝阳区91号院25号楼9单元98室,四室两厅 朝阳区优质房源,三室一厅,182.9,411.64,15层/共14层,2018年,1001,2025-12-02 21:48:37,845,近地铁,https://example.com/house/10000
顺义区,顺义区57号院6号楼5单元21室,两室一厅 顺义区优质房源,四室两厅,68.2,1042.01,33层/共17层,2019年,1007,2025-05-16 21:48:37,3265,学区房,https://example.com/house/10001
顺义区,顺义区2号院2号楼19单元2室,两室一厅 顺义区优质房源,两室两厅,192.4,962.29,7层/共10层,2007年,1007,2026-02-12 21:48:37,4564,学区房,https://example.com/house/10002
西城区,西城区84号院4号楼14单元69室,一室一厅 西城区优质房源,两室两厅,93.5,592.44,7层/共12层,1999年,1004,2025-12-02 21:48:37,4732,南北通透,https://example.com/house/10003
顺义区,顺义区68号院20号楼20单元62室,一室一厅 顺义区优质房源,两室一厅,104.6,828.87,30层/共28层,2004年,1007,2026-02-09 21:48:37,3795,学区房,https://example.com/house/10004
朝阳区,朝阳区99号院5号楼6单元66室,四室两厅 朝阳区优质房源,三室一厅,186.1,889.95,28层/共19层,2005年,1001,2025-07-10 21:48:37,1088,南北通透,https://example.com/house/10005
西城区,西城区78号院2号楼4单元96室,三室两厅 西城区优质房源,三室两厅,165.4,1415.55,33层/共29层,2006年,1004,2025-04-11 21:48:37,3225,学区房,https://example.com/house/10006
丰台区,丰台区29号院21号楼11单元79室,三室两厅 丰台区优质房源,两室两厅,140.1,410.58,25层/共19层,2002年,1003,2025-05-24 21:48:37,3621,学区房,https://example.com/house/10007
昌平区,昌平区2号院27号楼6单元77室,一室一厅 昌平区优质房源,四室两厅,134.2,1261.84,31层/共18层,2001年,1006,2025-05-25 21:48:37,206,电梯房,https://example.com/house/10008
朝阳区,朝阳区25号院14号楼16单元84室,三室一厅 朝阳区优质房源,四室两厅,106.0,1003.53,16层/共21层,1991年,1001,2025-03-19 21:48:37,202,近地铁,https://example.com/house/10009
朝阳区,朝阳区42号院8号楼2单元81室,三室两厅 朝阳区优质房源,四室两厅,188.0,1409.97,17层/共12层,1997年,1001,2025-06-10 21:48:37,4284,精装修,https://example.com/house/10010
东城区,东城区50号院1号楼15单元76室,一室一厅 东城区优质房源,两室两厅,119.2,323.43,7层/共16层,1991年,1005,2025-05-21 21:48:37,2920,带车位,https://example.com/house/10011
昌平区,昌平区75号院27号楼13单元39室,三室两厅 昌平区优质房源,两室一厅,149.7,1290.13,26层/共31层,2006年,1006,2026-01-02 21:48:37,2858,带车位,https://example.com/house/10012
朝阳区,朝阳区17号院14号楼5单元82室,三室两厅 朝阳区优质房源,两室一厅,118.1,1085.24,8层/共13层,1991年,1001,2025-07-12 21:48:37,3184,精装修,https://example.com/house/10013
海淀区,海淀区74号院17号楼3单元62室,两室一厅 海淀区优质房源,三室一厅,137.5,487.66,22层/共12层,2009年,1002,2026-02-10 21:48:37,2379,电梯房,https://example.com/house/10014
丰台区,丰台区38号院13号楼7单元84室,一室一厅 丰台区优质房源,四室两厅,166.9,244.45,29层/共18层,2006年,1003,2025-10-13 21:48:37,569,近地铁,https://example.com/house/10015
朝阳区,朝阳区49号院20号楼12单元70室,三室两厅 朝阳区优质房源,三室一厅,116.8,1116.43,31层/共16层,2016年,1001,2025-07-08 21:48:37,4719,精装修,https://example.com/house/10016
昌平区,昌平区21号院5号楼3单元66室,三室一厅 昌平区优质房源,四室两厅,83.4,219.82,6层/共22层,2013年,1006,2025-10-27 21:48:37,2338,电梯房,https://example.com/house/10017
昌平区,昌平区72号院27号楼16单元99室,两室一厅 昌平区优质房源,四室两厅,171.1,543.37,32层/共20层,2016年,1006,2026-01-02 21:48:37,1834,精装修,https://example.com/house/10018
丰台区,丰台区57号院27号楼17单元70室,两室两厅 丰台区优质房源,一室一厅,177.9,1023.01,4层/共15层,2006年,1003,2026-02-20 21:48:37,3590,精装修,https://example.com/house/10019
丰台区,丰台区16号院11号楼7单元98室,两室一厅 丰台区优质房源,两室一厅,82.6,379.71,18层/共28层,1990年,1003,2025-12-25 21:48:37,3347,精装修,https://example.com/house/10020
顺义区,顺义区13号院25号楼15单元92室,一室一厅 顺义区优质房源,一室一厅,100.7,1212.23,14层/共12层,2018年,1007,2025-08-02 21:48:37,2323,学区房,https://example.com/house/10021
海淀区,海淀区30号院22号楼16单元66室,三室两厅 海淀区优质房源,三室两厅,147.8,203.06,6层/共10层,1994年,1002,2025-06-09 21:48:37,2174,精装修,https://example.com/house/10022
海淀区,海淀区9号院2号楼10单元52室,三室一厅 海淀区优质房源,两室一厅,53.1,1336.7,23层/共33层,2013年,1002,2025-10-11 21:48:37,1191,近地铁,https://example.com/house/10023
西城区,西城区14号院20号楼14单元25室,三室一厅 西城区优质房源,两室两厅,140.3,466.99,30层/共18层,2008年,1004,2025-12-14 21:48:37,2142,南北通透,https://example.com/house/10024
丰台区,丰台区58号院12号楼18单元63室,一室一厅 丰台区优质房源,三室两厅,195.3,1254.55,7层/共14层,2016年,1003,2025-08-18 21:48:37,2251,南北通透,https://example.com/house/10025
顺义区,顺义区28号院2号楼8单元6室,四室两厅 顺义区优质房源,三室两厅,89.9,451.07,26层/共21层,2020年,1007,2025-09-07 21:48:37,1723,精装修,https://example.com/house/10026
顺义区,顺义区70号院30号楼20单元26室,两室两厅 顺义区优质房源,四室两厅,185.6,397.61,26层/共18层,1998年,1007,2025-03-20 21:48:37,3227,带车位,https://example.com/house/10027
海淀区,海淀区67号院9号楼14单元91室,两室两厅 海淀区优质房源,四室两厅,78.3,1105.4,4层/共17层,2017年,1002,2025-03-12 21:48:37,3070,近地铁,https://example.com/house/10028
海淀区,海淀区68号院23号楼13单元87室,两室两厅 海淀区优质房源,三室一厅,57.6,1287.38,27层/共16层,2020年,1002,2026-02-22 21:48:37,533,电梯房,https://example.com/house/10029
朝阳区,朝阳区93号院29号楼1单元95室,两室两厅 朝阳区优质房源,三室一厅,129.8,481.24,17层/共26层,2005年,1001,2025-07-13 21:48:37,1323,学区房,https://example.com/house/10030
顺义区,顺义区36号院17号楼14单元70室,三室两厅 顺义区优质房源,三室两厅,82.2,625.92,2层/共12层,2008年,1007,2025-03-29 21:48:37,272,学区房,https://example.com/house/10031
朝阳区,朝阳区93号院10号楼12单元53室,四室两厅 朝阳区优质房源,三室两厅,136.9,650.97,21层/共12层,1998年,1001,2025-04-09 21:48:37,3612,电梯房,https://example.com/house/10032
顺义区,顺义区38号院29号楼3单元81室,三室一厅 顺义区优质房源,三室一厅,82.1,611.86,1层/共27层,1993年,1007,2025-12-25 21:48:37,1542,学区房,https://example.com/house/10033
顺义区,顺义区52号院1号楼11单元5室,四室两厅 顺义区优质房源,三室一厅,188.6,1166.45,29层/共29层,1996年,1007,2026-02-05 21:48:37,1155,近地铁,https://example.com/house/10034
东城区,东城区48号院18号楼11单元17室,四室两厅 东城区优质房源,三室两厅,178.9,1489.23,29层/共12层,2001年,1005,2025-10-19 21:48:37,4648,近地铁,https://example.com/house/10035
丰台区,丰台区54号院2号楼7单元39室,两室一厅 丰台区优质房源,两室两厅,55.6,1320.21,23层/共12层,2007年,1003,2026-01-07 21:48:37,133,带车位,https://example.com/house/10036
东城区,东城区38号院2号楼1单元60室,三室一厅 东城区优质房源,四室两厅,74.6,1485.24,33层/共18层,2010年,1005,2025-05-11 21:48:37,370,电梯房,https://example.com/house/10037
西城区,西城区8号院12号楼15单元63室,四室两厅 西城区优质房源,一室一厅,146.2,1211.21,22层/共18层,1990年,1004,2025-08-07 21:48:37,547,电梯房,https://example.com/house/10038
东城区,东城区12号院13号楼7单元61室,一室一厅 东城区优质房源,两室一厅,82.5,835.52,21层/共19层,2017年,1005,2025-05-31 21:48:37,2407,南北通透,https://example.com/house/10039
丰台区,丰台区49号院7号楼1单元20室,两室一厅 丰台区优质房源,两室一厅,159.5,1148.53,23层/共26层,2013年,1003,2025-09-09 21:48:37,3574,南北通透,https://example.com/house/10040
西城区,西城区61号院18号楼4单元90室,四室两厅 西城区优质房源,三室一厅,100.5,1239.46,18层/共11层,2005年,1004,2025-06-16 21:48:37,1999,电梯房,https://example.com/house/10041
顺义区,顺义区62号院21号楼20单元31室,四室两厅 顺义区优质房源,两室两厅,99.7,1436.63,7层/共17层,2007年,1007,2025-06-25 21:48:37,2850,近地铁,https://example.com/house/10042
丰台区,丰台区39号院11号楼4单元74室,三室两厅 丰台区优质房源,四室两厅,88.9,637.96,13层/共32层,2013年,1003,2025-08-16 21:48:37,4805,电梯房,https://example.com/house/10043
顺义区,顺义区8号院23号楼12单元54室,四室两厅 顺义区优质房源,三室两厅,85.0,813.01,17层/共29层,2005年,1007,2025-04-08 21:48:37,3973,带车位,https://example.com/house/10044
海淀区,海淀区82号院29号楼10单元16室,两室一厅 海淀区优质房源,两室两厅,183.5,1079.65,14层/共33层,2001年,1002,2025-07-26 21:48:37,2880,电梯房,https://example.com/house/10045
顺义区,顺义区73号院7号楼3单元37室,三室两厅 顺义区优质房源,两室两厅,158.9,715.01,22层/共26层,2003年,1007,2025-09-15 21:48:37,3060,近地铁,https://example.com/house/10046
顺义区,顺义区15号院27号楼5单元48室,四室两厅 顺义区优质房源,两室一厅,138.8,1144.7,27层/共31层,2017年,1007,2025-12-16 21:48:37,2403,电梯房,https://example.com/house/10047
顺义区,顺义区38号院27号楼14单元88室,三室一厅 顺义区优质房源,一室一厅,126.2,636.64,30层/共20层,2013年,1007,2025-08-02 21:48:37,3561,带车位,https://example.com/house/10048
东城区,东城区36号院19号楼14单元12室,三室两厅 东城区优质房源,三室两厅,122.3,311.84,32层/共17层,1999年,1005,2025-06-02 21:48:37,3489,近地铁,https://example.com/house/10049
东城区,东城区94号院22号楼18单元93室,四室两厅 东城区优质房源,两室两厅,131.4,325.11,9层/共24层,2000年,1005,2025-10-10 21:48:37,3202,精装修,https://example.com/house/10050
西城区,西城区16号院2号楼1单元62室,两室两厅 西城区优质房源,四室两厅,199.0,314.88,32层/共16层,2002年,1004,2026-01-12 21:48:37,1146,南北通透,https://example.com/house/10051
海淀区,海淀区43号院13号楼2单元89室,一室一厅 海淀区优质房源,两室两厅,56.6,247.35,16层/共17层,2015年,1002,2025-04-15 21:48:37,601,学区房,https://example.com/house/10052
海淀区,海淀区8号院12号楼7单元92室,两室两厅 海淀区优质房源,一室一厅,96.3,610.24,8层/共28层,1998年,1002,2025-11-18 21:48:37,1078,学区房,https://example.com/house/10053
西城区,西城区71号院6号楼13单元17室,三室两厅 西城区优质房源,两室两厅,55.3,501.25,30层/共23层,2012年,1004,2025-10-08 21:48:37,1628,近地铁,https://example.com/house/10054
丰台区,丰台区92号院10号楼14单元10室,两室一厅 丰台区优质房源,两室两厅,92.2,1421.36,6层/共15层,2011年,1003,2025-06-20 21:48:37,586,带车位,https://example.com/house/10055
顺义区,顺义区49号院14号楼11单元78室,一室一厅 顺义区优质房源,三室一厅,139.9,698.79,24层/共12层,1991年,1007,2025-10-28 21:48:37,578,南北通透,https://example.com/house/10056
朝阳区,朝阳区96号院9号楼10单元91室,四室两厅 朝阳区优质房源,两室两厅,119.6,1064.43,27层/共31层,2000年,1001,2025-08-13 21:48:37,2804,电梯房,https://example.com/house/10057
朝阳区,朝阳区72号院7号楼6单元90室,一室一厅 朝阳区优质房源,两室两厅,77.2,729.34,13层/共21层,2016年,1001,2026-02-25 21:48:37,1916,南北通透,https://example.com/house/10058
东城区,东城区59号院14号楼11单元45室,三室两厅 东城区优质房源,三室两厅,140.9,305.67,6层/共30层,1995年,1005,2025-05-15 21:48:37,1552,精装修,https://example.com/house/10059
西城区,西城区2号院11号楼14单元31室,三室两厅 西城区优质房源,两室两厅,192.7,1185.26,3层/共32层,2010年,1004,2025-06-29 21:48:37,1260,精装修,https://example.com/house/10060
海淀区,海淀区58号院7号楼17单元13室,两室一厅 海淀区优质房源,两室一厅,150.3,261.13,20层/共25层,2016年,1002,2025-12-03 21:48:37,1941,电梯房,https://example.com/house/10061
顺义区,顺义区34号院6号楼20单元18室,一室一厅 顺义区优质房源,三室两厅,125.4,992.36,3层/共33层,2015年,1007,2025-08-22 21:48:37,2485,精装修,https://example.com/house/10062
昌平区,昌平区84号院1号楼11单元1室,两室两厅 昌平区优质房源,两室一厅,77.1,1399.57,14层/共32层,2012年,1006,2026-02-21 21:48:37,2220,学区房,https://example.com/house/10063
朝阳区,朝阳区88号院7号楼16单元30室,三室一厅 朝阳区优质房源,两室两厅,193.8,255.38,16层/共28层,2016年,1001,2025-12-02 21:48:37,1633,电梯房,https://example.com/house/10064
顺义区,顺义区16号院26号楼1单元85室,三室两厅 顺义区优质房源,三室一厅,163.4,629.17,16层/共20层,2006年,1007,2025-08-13 21:48:37,2802,近地铁,https://example.com/house/10065
海淀区,海淀区5号院4号楼15单元28室,一室一厅 海淀区优质房源,一室一厅,132.3,364.02,3层/共25层,2011年,1002,2025-10-10 21:48:37,3497,精装修,https://example.com/house/10066
丰台区,丰台区24号院13号楼3单元41室,一室一厅 丰台区优质房源,两室两厅,188.0,947.8,30层/共21层,2002年,1003,2026-03-01 21:48:37,3569,近地铁,https://example.com/house/10067
东城区,东城区36号院7号楼13单元61室,三室两厅 东城区优质房源,两室一厅,57.0,478.99,25层/共18层,2008年,1005,2026-03-04 21:48:37,4393,南北通透,https://example.com/house/10068
丰台区,丰台区88号院4号楼1单元91室,四室两厅 丰台区优质房源,一室一厅,109.9,1114.82,14层/共31层,2006年,1003,2025-08-22 21:48:37,3199,近地铁,https://example.com/house/10069
东城区,东城区9号院12号楼12单元69室,两室两厅 东城区优质房源,三室一厅,164.3,1361.67,12层/共18层,2016年,1005,2025-06-07 21:48:37,3782,南北通透,https://example.com/house/10070
朝阳区,朝阳区72号院4号楼11单元89室,三室两厅 朝阳区优质房源,三室一厅,192.4,856.3,33层/共16层,1995年,1001,2026-02-08 21:48:37,1509,近地铁,https://example.com/house/10071
西城区,西城区37号院28号楼17单元95室,两室两厅 西城区优质房源,一室一厅,65.7,1259.57,32层/共25层,2013年,1004,2025-10-11 21:48:37,1689,学区房,https://example.com/house/10072
丰台区,丰台区75号院14号楼2单元84室,四室两厅 丰台区优质房源,三室两厅,84.9,813.47,19层/共16层,1995年,1003,2025-09-08 21:48:37,1738,精装修,https://example.com/house/10073
海淀区,海淀区70号院1号楼19单元44室,三室两厅 海淀区优质房源,四室两厅,125.2,249.59,32层/共29层,1990年,1002,2026-01-13 21:48:37,3840,电梯房,https://example.com/house/10074
西城区,西城区63号院2号楼16单元57室,两室一厅 西城区优质房源,一室一厅,156.5,751.03,6层/共17层,2002年,1004,2025-03-12 21:48:37,4796,精装修,https://example.com/house/10075
海淀区,海淀区59号院8号楼17单元75室,三室一厅 海淀区优质房源,两室两厅,185.7,579.14,24层/共28层,2018年,1002,2026-02-03 21:48:37,4994,电梯房,https://example.com/house/10076
昌平区,昌平区79号院28号楼11单元16室,三室一厅 昌平区优质房源,一室一厅,60.7,1369.62,21层/共13层,2017年,1006,2025-09-08 21:48:37,1824,精装修,https://example.com/house/10077
丰台区,丰台区66号院28号楼13单元41室,两室两厅 丰台区优质房源,三室一厅,95.8,1296.96,28层/共30层,2011年,1003,2025-10-28 21:48:37,1998,南北通透,https://example.com/house/10078
海淀区,海淀区73号院7号楼5单元95室,三室一厅 海淀区优质房源,一室一厅,132.9,285.28,30层/共29层,2008年,1002,2025-07-31 21:48:37,3418,精装修,https://example.com/house/10079
丰台区,丰台区17号院16号楼13单元18室,一室一厅 丰台区优质房源,两室两厅,100.9,428.58,31层/共26层,2003年,1003,2026-01-02 21:48:37,3451,近地铁,https://example.com/house/10080
丰台区,丰台区88号院25号楼16单元5室,三室一厅 丰台区优质房源,一室一厅,78.3,1365.14,25层/共30层,2005年,1003,2025-09-27 21:48:37,1872,带车位,https://example.com/house/10081
顺义区,顺义区18号院24号楼16单元70室,两室两厅 顺义区优质房源,两室一厅,125.5,252.03,24层/共14层,2000年,1007,2025-06-29 21:48:37,4108,南北通透,https://example.com/house/10082
海淀区,海淀区20号院3号楼3单元35室,两室两厅 海淀区优质房源,四室两厅,94.3,1072.86,24层/共33层,2016年,1002,2025-06-17 21:48:37,3193,学区房,https://example.com/house/10083
昌平区,昌平区34号院26号楼3单元46室,一室一厅 昌平区优质房源,三室两厅,173.6,1020.02,14层/共30层,2007年,1006,2026-03-07 21:48:37,3573,学区房,https://example.com/house/10084
顺义区,顺义区57号院5号楼13单元40室,三室两厅 顺义区优质房源,三室一厅,174.3,455.81,21层/共21层,1999年,1007,2025-03-26 21:48:37,4096,学区房,https://example.com/house/10085
东城区,东城区10号院21号楼1单元37室,四室两厅 东城区优质房源,一室一厅,191.3,826.44,28层/共33层,2013年,1005,2025-11-01 21:48:37,3263,学区房,https://example.com/house/10086
西城区,西城区96号院12号楼19单元81室,四室两厅 西城区优质房源,一室一厅,187.0,697.56,7层/共21层,2015年,1004,2025-03-27 21:48:37,1037,带车位,https://example.com/house/10087
顺义区,顺义区90号院15号楼5单元22室,四室两厅 顺义区优质房源,两室两厅,177.2,1306.96,14层/共33层,1995年,1007,2025-10-05 21:48:37,150,南北通透,https://example.com/house/10088
东城区,东城区50号院24号楼15单元92室,三室一厅 东城区优质房源,两室一厅,171.6,329.03,3层/共24层,2000年,1005,2026-02-09 21:48:37,45,近地铁,https://example.com/house/10089
西城区,西城区35号院3号楼11单元17室,两室一厅 西城区优质房源,两室两厅,62.6,1410.12,8层/共26层,2001年,1004,2025-08-03 21:48:37,4919,电梯房,https://example.com/house/10090
东城区,东城区11号院6号楼20单元82室,三室两厅 东城区优质房源,四室两厅,78.4,270.72,10层/共11层,2004年,1005,2025-08-19 21:48:37,2043,南北通透,https://example.com/house/10091
顺义区,顺义区78号院21号楼5单元41室,三室两厅 顺义区优质房源,两室一厅,100.6,1270.29,17层/共17层,2014年,1007,2025-10-14 21:48:37,2991,近地铁,https://example.com/house/10092
东城区,东城区68号院20号楼17单元66室,两室两厅 东城区优质房源,四室两厅,181.1,631.96,23层/共15层,1996年,1005,2025-05-11 21:48:37,2607,南北通透,https://example.com/house/10093
海淀区,海淀区77号院25号楼16单元73室,两室一厅 海淀区优质房源,四室两厅,155.8,850.63,16层/共14层,1990年,1002,2025-04-20 21:48:37,1885,电梯房,https://example.com/house/10094
海淀区,海淀区45号院21号楼14单元99室,一室一厅 海淀区优质房源,四室两厅,138.1,617.81,1层/共14层,2002年,1002,2025-07-22 21:48:37,2863,带车位,https://example.com/house/10095
朝阳区,朝阳区9号院30号楼20单元62室,四室两厅 朝阳区优质房源,一室一厅,135.5,1186.84,18层/共19层,2018年,1001,2026-01-07 21:48:37,1377,近地铁,https://example.com/house/10096
朝阳区,朝阳区27号院25号楼1单元87室,三室一厅 朝阳区优质房源,三室一厅,111.5,950.62,23层/共22层,2000年,1001,2025-10-10 21:48:37,4249,带车位,https://example.com/house/10097
海淀区,海淀区37号院6号楼16单元61室,两室一厅 海淀区优质房源,两室一厅,154.6,382.93,10层/共14层,1992年,1002,2025-04-03 21:48:37,4621,精装修,https://example.com/house/10098
昌平区,昌平区73号院20号楼15单元99室,一室一厅 昌平区优质房源,三室两厅,189.8,1405.51,30层/共23层,2006年,1006,2025-08-02 21:48:37,3328,电梯房,https://example.com/house/10099
东城区,东城区51号院22号楼17单元17室,三室一厅 东城区优质房源,三室两厅,75.4,1361.08,7层/共31层,2011年,1005,2025-04-24 21:48:37,3951,精装修,https://example.com/house/10100
海淀区,海淀区6号院22号楼20单元7室,两室两厅 海淀区优质房源,三室一厅,149.0,433.09,24层/共24层,2010年,1002,2025-11-12 21:48:37,748,带车位,https://example.com/house/10101
朝阳区,朝阳区98号院27号楼10单元88室,一室一厅 朝阳区优质房源,三室两厅,64.7,1250.45,26层/共15层,1991年,1001,2025-12-17 21:48:37,2668,带车位,https://example.com/house/10102
丰台区,丰台区63号院12号楼9单元70室,两室两厅 丰台区优质房源,四室两厅,61.3,629.24,33层/共19层,1991年,1003,2025-09-07 21:48:37,1627,近地铁,https://example.com/house/10103
丰台区,丰台区6号院26号楼7单元28室,三室两厅 丰台区优质房源,三室两厅,187.3,574.39,15层/共17层,2012年,1003,2026-01-28 21:48:37,20,南北通透,https://example.com/house/10104
顺义区,顺义区1号院30号楼3单元29室,两室两厅 顺义区优质房源,一室一厅,163.7,257.99,29层/共26层,2000年,1007,2025-08-20 21:48:37,4251,电梯房,https://example.com/house/10105
西城区,西城区99号院16号楼15单元49室,一室一厅 西城区优质房源,一室一厅,114.3,1048.7,7层/共17层,2005年,1004,2026-03-09 21:48:37,288,带车位,https://example.com/house/10106
顺义区,顺义区96号院5号楼3单元77室,四室两厅 顺义区优质房源,三室一厅,173.2,320.72,5层/共18层,2016年,1007,2025-03-24 21:48:37,3669,近地铁,https://example.com/house/10107
丰台区,丰台区33号院9号楼19单元98室,一室一厅 丰台区优质房源,两室两厅,188.3,725.67,21层/共18层,2017年,1003,2026-01-22 21:48:37,1410,带车位,https://example.com/house/10108
丰台区,丰台区60号院11号楼6单元94室,三室两厅 丰台区优质房源,三室一厅,116.7,796.92,30层/共18层,2019年,1003,2026-01-05 21:48:37,3986,电梯房,https://example.com/house/10109
顺义区,顺义区65号院7号楼13单元83室,两室两厅 顺义区优质房源,两室一厅,165.5,1045.1,25层/共25层,1999年,1007,2025-10-24 21:48:37,2987,精装修,https://example.com/house/10110
昌平区,昌平区19号院15号楼20单元63室,三室两厅 昌平区优质房源,三室两厅,142.9,955.92,21层/共32层,2003年,1006,2025-09-09 21:48:37,3627,学区房,https://example.com/house/10111
丰台区,丰台区45号院9号楼8单元65室,三室两厅 丰台区优质房源,两室一厅,94.3,636.82,13层/共33层,2011年,1003,2025-12-16 21:48:37,4833,电梯房,https://example.com/house/10112
海淀区,海淀区96号院10号楼16单元73室,两室两厅 海淀区优质房源,三室一厅,62.2,340.26,3层/共20层,2012年,1002,2025-09-11 21:48:37,206,南北通透,https://example.com/house/10113
朝阳区,朝阳区58号院13号楼11单元21室,四室两厅 朝阳区优质房源,三室两厅,70.5,577.47,11层/共10层,1991年,1001,2025-08-25 21:48:37,446,学区房,https://example.com/house/10114
西城区,西城区96号院8号楼19单元95室,一室一厅 西城区优质房源,三室两厅,150.4,268.97,11层/共31层,2017年,1004,2025-11-11 21:48:37,2709,带车位,https://example.com/house/10115
朝阳区,朝阳区93号院13号楼12单元38室,三室两厅 朝阳区优质房源,一室一厅,159.1,434.07,8层/共19层,2008年,1001,2025-04-01 21:48:37,141,南北通透,https://example.com/house/10116
西城区,西城区28号院16号楼10单元53室,四室两厅 西城区优质房源,四室两厅,148.0,1222.65,25层/共10层,2012年,1004,2025-11-19 21:48:37,4392,南北通透,https://example.com/house/10117
西城区,西城区77号院26号楼19单元98室,一室一厅 西城区优质房源,一室一厅,129.3,1088.51,23层/共25层,1991年,1004,2025-06-02 21:48:37,132,近地铁,https://example.com/house/10118
朝阳区,朝阳区41号院12号楼2单元68室,一室一厅 朝阳区优质房源,三室两厅,85.4,523.43,33层/共33层,2012年,1001,2025-12-26 21:48:37,4756,学区房,https://example.com/house/10119
昌平区,昌平区42号院20号楼20单元44室,两室一厅 昌平区优质房源,两室一厅,52.7,930.56,32层/共11层,2014年,1006,2025-10-21 21:48:37,1275,电梯房,https://example.com/house/10120
西城区,西城区2号院22号楼13单元62室,三室两厅 西城区优质房源,四室两厅,75.3,1378.15,10层/共29层,2016年,1004,2025-08-16 21:48:37,3022,南北通透,https://example.com/house/10121
昌平区,昌平区34号院8号楼18单元18室,两室两厅 昌平区优质房源,三室一厅,159.7,1403.88,25层/共20层,2004年,1006,2026-02-25 21:48:37,3425,学区房,https://example.com/house/10122
丰台区,丰台区4号院1号楼13单元20室,三室两厅 丰台区优质房源,三室两厅,118.3,965.21,6层/共13层,1992年,1003,2025-12-31 21:48:37,306,带车位,https://example.com/house/10123
顺义区,顺义区80号院9号楼10单元66室,一室一厅 顺义区优质房源,三室两厅,71.3,1357.37,27层/共22层,1999年,1007,2026-01-29 21:48:37,3018,精装修,https://example.com/house/10124
东城区,东城区59号院8号楼13单元68室,三室两厅 东城区优质房源,一室一厅,85.4,529.71,6层/共28层,2000年,1005,2025-07-01 21:48:37,2847,精装修,https://example.com/house/10125
东城区,东城区2号院18号楼12单元54室,四室两厅 东城区优质房源,三室两厅,82.8,358.69,1层/共26层,2000年,1005,2026-02-07 21:48:37,3169,南北通透,https://example.com/house/10126
顺义区,顺义区63号院26号楼10单元45室,两室两厅 顺义区优质房源,四室两厅,74.4,1301.28,2层/共33层,1991年,1007,2025-11-13 21:48:37,2674,近地铁,https://example.com/house/10127
顺义区,顺义区95号院6号楼11单元39室,四室两厅 顺义区优质房源,四室两厅,96.2,770.84,4层/共21层,1999年,1007,2025-07-15 21:48:37,4651,南北通透,https://example.com/house/10128
朝阳区,朝阳区6号院18号楼6单元27室,两室两厅 朝阳区优质房源,两室两厅,73.2,488.45,11层/共27层,1991年,1001,2025-11-08 21:48:37,514,电梯房,https://example.com/house/10129
东城区,东城区94号院26号楼7单元76室,两室两厅 东城区优质房源,两室一厅,118.9,665.05,24层/共26层,1995年,1005,2025-06-12 21:48:37,1988,带车位,https://example.com/house/10130
海淀区,海淀区12号院20号楼8单元7室,两室两厅 海淀区优质房源,三室两厅,109.7,369.21,5层/共19层,2006年,1002,2025-11-18 21:48:37,3906,精装修,https://example.com/house/10131
顺义区,顺义区79号院23号楼15单元67室,一室一厅 顺义区优质房源,三室一厅,123.4,1109.69,21层/共24层,1994年,1007,2025-04-22 21:48:37,3279,学区房,https://example.com/house/10132
昌平区,昌平区15号院16号楼19单元59室,四室两厅 昌平区优质房源,一室一厅,160.5,446.97,31层/共20层,2017年,1006,2025-07-18 21:48:37,775,带车位,https://example.com/house/10133
海淀区,海淀区35号院19号楼20单元22室,两室两厅 海淀区优质房源,两室一厅,124.2,973.12,11层/共23层,1990年,1002,2025-11-26 21:48:37,373,电梯房,https://example.com/house/10134
昌平区,昌平区3号院6号楼13单元90室,两室一厅 昌平区优质房源,三室两厅,139.1,1083.91,32层/共11层,2000年,1006,2025-06-22 21:48:37,4011,近地铁,https://example.com/house/10135
丰台区,丰台区6号院26号楼10单元67室,一室一厅 丰台区优质房源,三室两厅,157.7,1003.22,12层/共27层,1999年,1003,2025-03-17 21:48:37,855,南北通透,https://example.com/house/10136
海淀区,海淀区61号院11号楼18单元71室,两室一厅 海淀区优质房源,两室两厅,88.3,1040.49,12层/共26层,2011年,1002,2025-05-07 21:48:37,945,南北通透,https://example.com/house/10137
丰台区,丰台区15号院9号楼15单元21室,四室两厅 丰台区优质房源,一室一厅,109.8,653.12,20层/共10层,2018年,1003,2025-03-31 21:48:37,1216,精装修,https://example.com/house/10138
昌平区,昌平区95号院12号楼14单元15室,两室两厅 昌平区优质房源,两室一厅,104.2,258.47,6层/共32层,2008年,1006,2026-01-27 21:48:37,3330,带车位,https://example.com/house/10139
东城区,东城区14号院19号楼3单元97室,四室两厅 东城区优质房源,两室一厅,154.4,412.24,30层/共25层,2005年,1005,2025-10-20 21:48:37,1358,南北通透,https://example.com/house/10140
昌平区,昌平区94号院11号楼14单元97室,四室两厅 昌平区优质房源,三室一厅,66.1,1338.01,11层/共24层,2017年,1006,2025-10-19 21:48:37,2705,电梯房,https://example.com/house/10141
东城区,东城区89号院10号楼10单元52室,一室一厅 东城区优质房源,三室两厅,148.3,1107.73,22层/共18层,2011年,1005,2025-04-02 21:48:37,967,近地铁,https://example.com/house/10142
海淀区,海淀区72号院14号楼9单元14室,两室两厅 海淀区优质房源,三室两厅,189.0,872.64,1层/共23层,2000年,1002,2025-05-04 21:48:37,1515,带车位,https://example.com/house/10143
海淀区,海淀区28号院14号楼6单元16室,两室一厅 海淀区优质房源,三室两厅,87.5,646.77,28层/共11层,2002年,1002,2025-04-05 21:48:37,379,近地铁,https://example.com/house/10144
顺义区,顺义区94号院3号楼14单元2室,两室两厅 顺义区优质房源,四室两厅,85.7,1037.66,3层/共16层,2010年,1007,2025-08-28 21:48:37,921,近地铁,https://example.com/house/10145
丰台区,丰台区47号院10号楼15单元14室,三室两厅 丰台区优质房源,两室一厅,158.9,572.32,32层/共17层,2004年,1003,2026-01-13 21:48:37,3638,精装修,https://example.com/house/10146
西城区,西城区46号院5号楼4单元94室,一室一厅 西城区优质房源,三室两厅,189.0,941.36,19层/共20层,2017年,1004,2025-05-24 21:48:37,1079,南北通透,https://example.com/house/10147
丰台区,丰台区95号院29号楼18单元10室,两室两厅 丰台区优质房源,两室两厅,100.2,202.95,16层/共19层,2020年,1003,2025-10-18 21:48:37,4754,近地铁,https://example.com/house/10148
昌平区,昌平区87号院23号楼18单元69室,一室一厅 昌平区优质房源,三室一厅,133.0,841.59,8层/共15层,1999年,1006,2026-02-02 21:48:37,824,电梯房,https://example.com/house/10149
海淀区,海淀区18号院19号楼15单元21室,三室一厅 海淀区优质房源,两室两厅,139.2,1067.02,27层/共32层,2005年,1002,2025-03-29 21:48:37,1462,带车位,https://example.com/house/10150
昌平区,昌平区32号院25号楼11单元35室,三室一厅 昌平区优质房源,两室一厅,84.5,628.58,28层/共10层,2002年,1006,2025-05-29 21:48:37,1996,带车位,https://example.com/house/10151
顺义区,顺义区2号院24号楼10单元74室,三室一厅 顺义区优质房源,三室一厅,144.3,1117.24,8层/共24层,1994年,1007,2025-05-27 21:48:37,670,精装修,https://example.com/house/10152
朝阳区,朝阳区15号院3号楼18单元58室,两室一厅 朝阳区优质房源,四室两厅,66.3,1324.64,33层/共14层,2008年,1001,2025-09-20 21:48:37,3740,近地铁,https://example.com/house/10153
西城区,西城区21号院22号楼13单元3室,四室两厅 西城区优质房源,一室一厅,126.3,879.74,32层/共13层,1992年,1004,2025-06-05 21:48:37,2548,精装修,https://example.com/house/10154
顺义区,顺义区18号院19号楼13单元28室,三室两厅 顺义区优质房源,四室两厅,146.8,240.43,18层/共20层,1998年,1007,2025-11-06 21:48:37,4930,带车位,https://example.com/house/10155
丰台区,丰台区7号院27号楼20单元34室,一室一厅 丰台区优质房源,两室一厅,80.0,1241.5,31层/共25层,1994年,1003,2025-04-28 21:48:37,189,电梯房,https://example.com/house/10156
丰台区,丰台区46号院13号楼15单元63室,两室两厅 丰台区优质房源,一室一厅,159.1,1492.4,28层/共22层,1998年,1003,2025-04-09 21:48:37,4834,带车位,https://example.com/house/10157
东城区,东城区52号院11号楼19单元25室,三室两厅 东城区优质房源,四室两厅,192.4,319.23,12层/共31层,2004年,1005,2025-12-02 21:48:37,4076,电梯房,https://example.com/house/10158
朝阳区,朝阳区7号院13号楼3单元20室,三室两厅 朝阳区优质房源,一室一厅,126.3,622.58,14层/共30层,2013年,1001,2025-04-12 21:48:37,2112,南北通透,https://example.com/house/10159
丰台区,丰台区5号院27号楼9单元75室,两室两厅 丰台区优质房源,一室一厅,186.0,743.85,31层/共12层,2019年,1003,2025-11-06 21:48:37,3196,精装修,https://example.com/house/10160
西城区,西城区57号院29号楼15单元88室,三室一厅 西城区优质房源,两室两厅,155.6,994.22,11层/共16层,2012年,1004,2026-02-07 21:48:37,2380,带车位,https://example.com/house/10161
顺义区,顺义区92号院4号楼16单元57室,两室两厅 顺义区优质房源,两室一厅,60.6,479.3,25层/共30层,2017年,1007,2025-04-03 21:48:37,3272,电梯房,https://example.com/house/10162
顺义区,顺义区75号院15号楼20单元65室,三室一厅 顺义区优质房源,两室两厅,150.8,1255.06,11层/共15层,2013年,1007,2026-02-11 21:48:37,3345,带车位,https://example.com/house/10163
西城区,西城区75号院11号楼6单元22室,三室两厅 西城区优质房源,三室一厅,190.2,297.0,11层/共10层,2016年,1004,2025-08-23 21:48:37,4307,电梯房,https://example.com/house/10164
海淀区,海淀区33号院28号楼5单元89室,两室两厅 海淀区优质房源,四室两厅,94.4,295.41,26层/共12层,2006年,1002,2025-04-30 21:48:37,4191,学区房,https://example.com/house/10165
东城区,东城区99号院25号楼4单元74室,两室一厅 东城区优质房源,四室两厅,64.3,1013.92,33层/共15层,1993年,1005,2026-02-09 21:48:37,3115,精装修,https://example.com/house/10166
东城区,东城区34号院12号楼18单元32室,三室两厅 东城区优质房源,两室两厅,107.2,959.69,30层/共30层,1992年,1005,2025-04-23 21:48:37,742,南北通透,https://example.com/house/10167
海淀区,海淀区29号院5号楼13单元94室,两室一厅 海淀区优质房源,四室两厅,148.5,914.39,3层/共10层,2000年,1002,2025-07-02 21:48:37,976,南北通透,https://example.com/house/10168
西城区,西城区2号院1号楼20单元62室,两室两厅 西城区优质房源,三室两厅,146.0,1070.48,8层/共14层,1995年,1004,2025-07-20 21:48:37,1017,带车位,https://example.com/house/10169
丰台区,丰台区26号院26号楼3单元91室,一室一厅 丰台区优质房源,三室一厅,158.4,589.96,20层/共25层,1999年,1003,2025-09-08 21:48:37,1980,学区房,https://example.com/house/10170
丰台区,丰台区67号院9号楼17单元88室,三室一厅 丰台区优质房源,三室一厅,84.9,362.48,18层/共13层,2003年,1003,2025-05-22 21:48:37,3637,学区房,https://example.com/house/10171
顺义区,顺义区65号院15号楼8单元75室,两室一厅 顺义区优质房源,两室一厅,115.8,1383.51,18层/共28层,2019年,1007,2025-07-17 21:48:37,3591,精装修,https://example.com/house/10172
西城区,西城区70号院2号楼19单元20室,三室一厅 西城区优质房源,两室两厅,147.0,1354.04,14层/共17层,2017年,1004,2025-09-25 21:48:37,1030,精装修,https://example.com/house/10173
顺义区,顺义区69号院26号楼15单元85室,两室两厅 顺义区优质房源,四室两厅,175.9,783.87,30层/共23层,2012年,1007,2025-12-16 21:48:37,2500,电梯房,https://example.com/house/10174
顺义区,顺义区82号院11号楼11单元6室,一室一厅 顺义区优质房源,三室两厅,125.1,1226.92,14层/共25层,2015年,1007,2025-03-19 21:48:37,379,南北通透,https://example.com/house/10175
海淀区,海淀区4号院16号楼13单元82室,四室两厅 海淀区优质房源,三室一厅,187.1,603.36,22层/共20层,2003年,1002,2025-04-18 21:48:37,1844,带车位,https://example.com/house/10176
顺义区,顺义区1号院25号楼20单元40室,两室两厅 顺义区优质房源,三室两厅,155.8,1330.04,18层/共21层,1990年,1007,2025-04-18 21:48:37,2005,近地铁,https://example.com/house/10177
顺义区,顺义区69号院16号楼13单元96室,一室一厅 顺义区优质房源,一室一厅,109.0,1071.46,2层/共29层,2003年,1007,2026-02-03 21:48:37,4587,带车位,https://example.com/house/10178
顺义区,顺义区2号院6号楼8单元84室,三室一厅 顺义区优质房源,三室两厅,56.7,854.43,28层/共31层,2000年,1007,2025-06-28 21:48:37,3755,学区房,https://example.com/house/10179
海淀区,海淀区38号院10号楼17单元74室,两室两厅 海淀区优质房源,一室一厅,131.6,1020.8,8层/共22层,2006年,1002,2025-06-04 21:48:37,4132,电梯房,https://example.com/house/10180
丰台区,丰台区53号院6号楼13单元23室,三室两厅 丰台区优质房源,一室一厅,66.4,346.97,2层/共14层,2014年,1003,2025-04-30 21:48:37,4145,电梯房,https://example.com/house/10181
海淀区,海淀区25号院24号楼19单元26室,两室一厅 海淀区优质房源,三室两厅,56.1,764.47,10层/共17层,1994年,1002,2025-10-03 21:48:37,4926,学区房,https://example.com/house/10182
西城区,西城区67号院17号楼2单元1室,三室两厅 西城区优质房源,三室两厅,186.4,407.72,33层/共25层,2005年,1004,2025-07-14 21:48:37,4075,电梯房,https://example.com/house/10183
丰台区,丰台区44号院18号楼11单元56室,两室一厅 丰台区优质房源,两室一厅,101.0,1052.87,25层/共26层,2015年,1003,2025-08-06 21:48:37,3830,南北通透,https://example.com/house/10184
东城区,东城区85号院23号楼18单元26室,三室两厅 东城区优质房源,三室一厅,53.8,952.81,28层/共19层,2006年,1005,2025-10-23 21:48:37,3050,南北通透,https://example.com/house/10185
海淀区,海淀区40号院24号楼14单元28室,三室两厅 海淀区优质房源,两室一厅,111.4,932.44,32层/共26层,2012年,1002,2025-04-11 21:48:37,1490,带车位,https://example.com/house/10186
东城区,东城区2号院4号楼20单元62室,三室两厅 东城区优质房源,两室一厅,170.2,734.88,16层/共11层,2003年,1005,2025-08-29 21:48:37,2014,近地铁,https://example.com/house/10187
东城区,东城区77号院16号楼3单元15室,一室一厅 东城区优质房源,一室一厅,73.5,1174.36,32层/共22层,2001年,1005,2025-08-18 21:48:37,4350,带车位,https://example.com/house/10188
丰台区,丰台区71号院13号楼11单元10室,两室两厅 丰台区优质房源,一室一厅,80.0,454.39,5层/共28层,2019年,1003,2025-04-10 21:48:37,162,电梯房,https://example.com/house/10189
东城区,东城区78号院19号楼1单元67室,两室两厅 东城区优质房源,两室两厅,191.8,628.96,4层/共11层,2014年,1005,2025-11-30 21:48:37,2996,南北通透,https://example.com/house/10190
昌平区,昌平区97号院22号楼11单元58室,四室两厅 昌平区优质房源,三室两厅,56.2,398.57,16层/共27层,2012年,1006,2025-06-15 21:48:37,4843,近地铁,https://example.com/house/10191
西城区,西城区5号院16号楼17单元78室,四室两厅 西城区优质房源,三室一厅,166.9,232.52,10层/共18层,2020年,1004,2025-11-01 21:48:37,2763,带车位,https://example.com/house/10192
丰台区,丰台区99号院18号楼6单元85室,两室两厅 丰台区优质房源,一室一厅,177.7,991.59,21层/共23层,2013年,1003,2025-05-08 21:48:37,3544,带车位,https://example.com/house/10193
朝阳区,朝阳区9号院3号楼1单元41室,四室两厅 朝阳区优质房源,两室两厅,59.3,540.95,32层/共20层,1992年,1001,2025-11-03 21:48:37,972,南北通透,https://example.com/house/10194
海淀区,海淀区42号院17号楼18单元94室,两室一厅 海淀区优质房源,四室两厅,105.1,1003.1,18层/共23层,1996年,1002,2025-11-06 21:48:37,3125,近地铁,https://example.com/house/10195
昌平区,昌平区34号院21号楼5单元73室,四室两厅 昌平区优质房源,四室两厅,187.4,1232.58,3层/共26层,2005年,1006,2025-10-30 21:48:37,3068,电梯房,https://example.com/house/10196
朝阳区,朝阳区99号院17号楼5单元54室,两室一厅 朝阳区优质房源,两室两厅,195.3,364.84,8层/共15层,2007年,1001,2025-11-27 21:48:37,4444,学区房,https://example.com/house/10197
海淀区,海淀区76号院25号楼1单元75室,两室一厅 海淀区优质房源,三室两厅,166.7,520.25,5层/共27层,2004年,1002,2025-11-30 21:48:37,930,学区房,https://example.com/house/10198
海淀区,海淀区40号院11号楼7单元70室,四室两厅 海淀区优质房源,一室一厅,142.1,374.11,12层/共32层,2003年,1002,2026-01-11 21:48:37,653,精装修,https://example.com/house/10199
朝阳区,朝阳区80号院20号楼9单元19室,三室两厅 朝阳区优质房源,一室一厅,77.6,895.84,26层/共33层,2002年,1001,2025-07-16 21:48:37,2629,带车位,https://example.com/house/10200
朝阳区,朝阳区25号院24号楼7单元4室,四室两厅 朝阳区优质房源,两室两厅,174.2,440.06,19层/共26层,2012年,1001,2025-10-09 21:48:37,1442,带车位,https://example.com/house/10201
丰台区,丰台区72号院19号楼16单元78室,一室一厅 丰台区优质房源,两室两厅,105.6,224.19,5层/共22层,1998年,1003,2025-12-27 21:48:37,1822,南北通透,https://example.com/house/10202
西城区,西城区51号院4号楼17单元82室,两室一厅 西城区优质房源,两室一厅,116.7,630.84,31层/共33层,1998年,1004,2025-11-18 21:48:37,773,电梯房,https://example.com/house/10203
朝阳区,朝阳区11号院16号楼20单元79室,一室一厅 朝阳区优质房源,两室一厅,75.5,217.8,32层/共26层,2010年,1001,2025-09-07 21:48:37,2549,精装修,https://example.com/house/10204
东城区,东城区64号院9号楼15单元15室,三室两厅 东城区优质房源,一室一厅,61.9,897.48,28层/共24层,1998年,1005,2026-02-25 21:48:37,2011,近地铁,https://example.com/house/10205
东城区,东城区18号院5号楼15单元29室,四室两厅 东城区优质房源,三室一厅,131.1,1237.52,23层/共28层,2000年,1005,2025-10-12 21:48:37,940,近地铁,https://example.com/house/10206
东城区,东城区20号院7号楼14单元49室,两室一厅 东城区优质房源,两室两厅,67.3,278.62,13层/共25层,1996年,1005,2026-01-13 21:48:37,3496,学区房,https://example.com/house/10207
西城区,西城区28号院30号楼16单元60室,两室两厅 西城区优质房源,两室两厅,113.0,1346.33,21层/共15层,2013年,1004,2026-01-19 21:48:37,3873,近地铁,https://example.com/house/10208
昌平区,昌平区12号院10号楼12单元84室,三室两厅 昌平区优质房源,两室两厅,179.7,536.89,33层/共16层,2001年,1006,2025-04-04 21:48:37,877,精装修,https://example.com/house/10209
西城区,西城区70号院21号楼11单元68室,两室两厅 西城区优质房源,一室一厅,181.2,580.7,28层/共10层,2012年,1004,2025-07-09 21:48:37,3531,精装修,https://example.com/house/10210
丰台区,丰台区59号院25号楼5单元6室,四室两厅 丰台区优质房源,两室一厅,51.5,1188.55,9层/共10层,1991年,1003,2026-01-06 21:48:37,2496,学区房,https://example.com/house/10211
丰台区,丰台区81号院26号楼18单元57室,一室一厅 丰台区优质房源,两室一厅,131.4,732.74,5层/共19层,1996年,1003,2025-08-02 21:48:37,1552,带车位,https://example.com/house/10212
昌平区,昌平区53号院23号楼7单元7室,两室两厅 昌平区优质房源,三室一厅,120.3,816.49,10层/共14层,2006年,1006,2025-09-21 21:48:37,692,电梯房,https://example.com/house/10213
海淀区,海淀区18号院10号楼7单元44室,两室一厅 海淀区优质房源,四室两厅,106.6,1015.93,23层/共25层,2006年,1002,2025-04-04 21:48:37,1640,精装修,https://example.com/house/10214
西城区,西城区19号院6号楼15单元91室,三室一厅 西城区优质房源,两室一厅,77.0,558.39,6层/共27层,1990年,1004,2025-11-26 21:48:37,1028,电梯房,https://example.com/house/10215
东城区,东城区6号院29号楼9单元67室,两室两厅 东城区优质房源,两室一厅,136.8,257.67,32层/共28层,1990年,1005,2026-01-01 21:48:37,3768,近地铁,https://example.com/house/10216
丰台区,丰台区89号院22号楼16单元99室,三室两厅 丰台区优质房源,一室一厅,70.4,767.33,26层/共20层,2009年,1003,2026-02-22 21:48:37,1808,电梯房,https://example.com/house/10217
昌平区,昌平区2号院6号楼8单元1室,三室一厅 昌平区优质房源,四室两厅,160.6,484.4,12层/共15层,2002年,1006,2025-09-18 21:48:37,652,学区房,https://example.com/house/10218
昌平区,昌平区92号院25号楼5单元20室,四室两厅 昌平区优质房源,两室两厅,112.0,217.74,26层/共28层,2009年,1006,2025-11-25 21:48:37,3331,学区房,https://example.com/house/10219
朝阳区,朝阳区31号院20号楼4单元64室,两室一厅 朝阳区优质房源,三室两厅,52.1,379.87,19层/共22层,2002年,1001,2025-11-03 21:48:37,4346,精装修,https://example.com/house/10220
东城区,东城区32号院25号楼12单元22室,三室一厅 东城区优质房源,两室两厅,184.0,1337.44,24层/共12层,2002年,1005,2026-02-27 21:48:37,1415,带车位,https://example.com/house/10221
朝阳区,朝阳区62号院12号楼14单元87室,两室一厅 朝阳区优质房源,三室一厅,179.8,1019.55,3层/共13层,2015年,1001,2025-06-04 21:48:37,999,精装修,https://example.com/house/10222
昌平区,昌平区23号院29号楼19单元68室,一室一厅 昌平区优质房源,两室两厅,98.8,738.48,21层/共22层,2004年,1006,2025-04-18 21:48:37,2182,精装修,https://example.com/house/10223
朝阳区,朝阳区91号院27号楼9单元82室,三室两厅 朝阳区优质房源,两室一厅,162.3,455.46,15层/共25层,2017年,1001,2025-09-02 21:48:37,3877,南北通透,https://example.com/house/10224
丰台区,丰台区45号院21号楼4单元71室,三室一厅 丰台区优质房源,一室一厅,113.5,440.86,11层/共27层,2001年,1003,2025-12-07 21:48:37,2136,学区房,https://example.com/house/10225
丰台区,丰台区22号院27号楼15单元89室,四室两厅 丰台区优质房源,三室一厅,106.2,799.45,24层/共24层,2012年,1003,2025-06-12 21:48:37,4196,带车位,https://example.com/house/10226
顺义区,顺义区88号院3号楼4单元76室,三室两厅 顺义区优质房源,四室两厅,183.2,444.84,21层/共15层,2007年,1007,2025-09-06 21:48:37,4709,带车位,https://example.com/house/10227
昌平区,昌平区36号院21号楼18单元53室,三室两厅 昌平区优质房源,四室两厅,80.3,352.34,13层/共33层,2000年,1006,2025-08-28 21:48:37,1690,学区房,https://example.com/house/10228
海淀区,海淀区1号院8号楼15单元99室,一室一厅 海淀区优质房源,四室两厅,192.8,1398.9,2层/共10层,2000年,1002,2025-11-05 21:48:37,435,精装修,https://example.com/house/10229
朝阳区,朝阳区56号院17号楼8单元58室,三室一厅 朝阳区优质房源,四室两厅,67.0,1012.77,12层/共30层,1991年,1001,2025-06-30 21:48:37,2981,学区房,https://example.com/house/10230
海淀区,海淀区52号院22号楼16单元38室,两室两厅 海淀区优质房源,三室两厅,167.9,608.79,23层/共25层,2009年,1002,2025-07-06 21:48:37,2267,近地铁,https://example.com/house/10231
丰台区,丰台区11号院24号楼5单元88室,四室两厅 丰台区优质房源,四室两厅,51.3,400.65,24层/共33层,2010年,1003,2025-09-08 21:48:37,2543,电梯房,https://example.com/house/10232
东城区,东城区5号院22号楼4单元88室,三室一厅 东城区优质房源,四室两厅,140.7,533.33,9层/共28层,2004年,1005,2025-03-15 21:48:37,514,南北通透,https://example.com/house/10233
东城区,东城区84号院6号楼10单元32室,四室两厅 东城区优质房源,两室两厅,51.1,1052.0,20层/共26层,1994年,1005,2025-08-11 21:48:37,2617,精装修,https://example.com/house/10234
丰台区,丰台区66号院13号楼1单元6室,一室一厅 丰台区优质房源,三室两厅,69.9,263.2,12层/共29层,2012年,1003,2025-04-20 21:48:37,2152,南北通透,https://example.com/house/10235
昌平区,昌平区87号院25号楼5单元94室,两室一厅 昌平区优质房源,三室一厅,195.1,657.28,7层/共10层,1997年,1006,2025-04-01 21:48:37,2596,近地铁,https://example.com/house/10236
朝阳区,朝阳区83号院9号楼17单元62室,四室两厅 朝阳区优质房源,两室一厅,115.1,1381.79,14层/共26层,1991年,1001,2026-02-22 21:48:37,3338,带车位,https://example.com/house/10237
朝阳区,朝阳区87号院12号楼17单元67室,两室一厅 朝阳区优质房源,三室两厅,126.2,1185.25,8层/共15层,2006年,1001,2025-08-18 21:48:37,114,学区房,https://example.com/house/10238
丰台区,丰台区23号院4号楼13单元23室,一室一厅 丰台区优质房源,两室两厅,109.0,813.01,27层/共33层,2020年,1003,2025-12-23 21:48:37,1834,学区房,https://example.com/house/10239
丰台区,丰台区4号院28号楼14单元53室,三室一厅 丰台区优质房源,两室两厅,185.8,1442.61,21层/共27层,2004年,1003,2025-09-19 21:48:37,2750,学区房,https://example.com/house/10240
东城区,东城区13号院30号楼7单元41室,一室一厅 东城区优质房源,两室一厅,79.3,1392.87,30层/共21层,2018年,1005,2026-02-24 21:48:37,84,电梯房,https://example.com/house/10241
东城区,东城区85号院29号楼2单元96室,两室两厅 东城区优质房源,四室两厅,115.1,749.79,3层/共14层,2003年,1005,2025-08-16 21:48:37,3335,精装修,https://example.com/house/10242
丰台区,丰台区32号院4号楼6单元55室,三室一厅 丰台区优质房源,两室两厅,190.8,1419.05,21层/共23层,2018年,1003,2025-11-30 21:48:37,2116,电梯房,https://example.com/house/10243
顺义区,顺义区25号院2号楼9单元12室,一室一厅 顺义区优质房源,两室两厅,111.7,466.78,1层/共26层,2009年,1007,2025-09-06 21:48:37,3333,南北通透,https://example.com/house/10244
海淀区,海淀区75号院24号楼4单元81室,一室一厅 海淀区优质房源,两室两厅,166.3,632.06,18层/共22层,2012年,1002,2026-02-06 21:48:37,965,精装修,https://example.com/house/10245
丰台区,丰台区22号院6号楼2单元79室,四室两厅 丰台区优质房源,两室两厅,153.7,551.08,25层/共13层,2008年,1003,2025-05-11 21:48:37,942,学区房,https://example.com/house/10246
朝阳区,朝阳区76号院25号楼8单元35室,一室一厅 朝阳区优质房源,三室两厅,186.2,900.75,17层/共12层,1998年,1001,2025-12-13 21:48:37,3494,精装修,https://example.com/house/10247
海淀区,海淀区55号院17号楼17单元28室,两室两厅 海淀区优质房源,三室两厅,153.6,309.12,2层/共15层,1999年,1002,2025-05-15 21:48:37,3907,带车位,https://example.com/house/10248
顺义区,顺义区95号院23号楼7单元3室,一室一厅 顺义区优质房源,四室两厅,53.8,1040.0,4层/共15层,1993年,1007,2025-08-06 21:48:37,131,精装修,https://example.com/house/10249
海淀区,海淀区57号院5号楼19单元34室,三室一厅 海淀区优质房源,两室一厅,187.7,1388.63,4层/共22层,1998年,1002,2025-12-27 21:48:37,2178,学区房,https://example.com/house/10250
昌平区,昌平区75号院15号楼7单元41室,两室一厅 昌平区优质房源,两室一厅,60.5,906.72,1层/共24层,1995年,1006,2025-05-24 21:48:37,2300,学区房,https://example.com/house/10251
顺义区,顺义区48号院19号楼2单元71室,三室一厅 顺义区优质房源,三室两厅,124.9,392.93,2层/共16层,2011年,1007,2025-08-13 21:48:37,1068,电梯房,https://example.com/house/10252
丰台区,丰台区14号院15号楼9单元78室,两室一厅 丰台区优质房源,两室一厅,170.0,516.94,11层/共23层,2010年,1003,2025-09-28 21:48:37,4757,近地铁,https://example.com/house/10253
朝阳区,朝阳区99号院5号楼14单元56室,两室一厅 朝阳区优质房源,一室一厅,189.2,290.97,21层/共14层,1995年,1001,2025-10-20 21:48:37,3281,带车位,https://example.com/house/10254
朝阳区,朝阳区91号院26号楼12单元50室,一室一厅 朝阳区优质房源,三室一厅,81.1,259.47,17层/共14层,2007年,1001,2025-08-13 21:48:37,3809,学区房,https://example.com/house/10255
海淀区,海淀区16号院19号楼5单元91室,两室一厅 海淀区优质房源,两室两厅,76.0,1421.73,7层/共24层,2016年,1002,2025-12-12 21:48:37,4204,学区房,https://example.com/house/10256
海淀区,海淀区70号院19号楼5单元75室,三室一厅 海淀区优质房源,两室两厅,136.5,1401.03,13层/共12层,2005年,1002,2026-02-06 21:48:37,1732,南北通透,https://example.com/house/10257
丰台区,丰台区98号院24号楼6单元68室,两室一厅 丰台区优质房源,四室两厅,53.9,1440.03,23层/共20层,2010年,1003,2026-01-08 21:48:37,4608,近地铁,https://example.com/house/10258
丰台区,丰台区52号院29号楼20单元4室,两室两厅 丰台区优质房源,三室一厅,144.0,423.95,1层/共22层,1997年,1003,2025-12-20 21:48:37,3845,带车位,https://example.com/house/10259
海淀区,海淀区12号院18号楼4单元60室,三室两厅 海淀区优质房源,两室一厅,50.1,1473.74,19层/共32层,1993年,1002,2025-09-14 21:48:37,1693,电梯房,https://example.com/house/10260
西城区,西城区96号院20号楼3单元12室,三室两厅 西城区优质房源,两室一厅,137.7,425.31,5层/共31层,2005年,1004,2025-06-26 21:48:37,340,学区房,https://example.com/house/10261
西城区,西城区57号院19号楼4单元48室,四室两厅 西城区优质房源,两室一厅,195.7,371.51,14层/共30层,2012年,1004,2025-07-31 21:48:37,2834,南北通透,https://example.com/house/10262
丰台区,丰台区29号院12号楼4单元76室,三室两厅 丰台区优质房源,四室两厅,59.4,1435.69,1层/共18层,1992年,1003,2026-01-01 21:48:37,325,精装修,https://example.com/house/10263
丰台区,丰台区89号院15号楼13单元1室,一室一厅 丰台区优质房源,两室两厅,156.0,1388.16,11层/共32层,2007年,1003,2026-03-04 21:48:37,4754,近地铁,https://example.com/house/10264
东城区,东城区88号院17号楼17单元78室,三室两厅 东城区优质房源,三室两厅,63.0,900.33,33层/共13层,2013年,1005,2025-11-27 21:48:37,4879,电梯房,https://example.com/house/10265
丰台区,丰台区47号院2号楼16单元59室,三室一厅 丰台区优质房源,三室一厅,68.6,1478.55,5层/共15层,2013年,1003,2026-02-21 21:48:37,2511,带车位,https://example.com/house/10266
顺义区,顺义区44号院16号楼14单元53室,三室一厅 顺义区优质房源,两室两厅,151.2,724.14,21层/共12层,2005年,1007,2026-03-09 21:48:37,3665,近地铁,https://example.com/house/10267
海淀区,海淀区11号院2号楼20单元16室,三室两厅 海淀区优质房源,一室一厅,53.2,604.26,19层/共23层,1992年,1002,2025-07-23 21:48:37,4622,南北通透,https://example.com/house/10268
东城区,东城区71号院13号楼16单元77室,一室一厅 东城区优质房源,两室两厅,152.1,607.36,18层/共31层,2005年,1005,2025-09-29 21:48:37,4009,学区房,https://example.com/house/10269
西城区,西城区8号院17号楼15单元40室,两室两厅 西城区优质房源,三室两厅,124.3,747.62,33层/共23层,2019年,1004,2025-04-04 21:48:37,3514,精装修,https://example.com/house/10270
昌平区,昌平区77号院3号楼18单元59室,三室两厅 昌平区优质房源,三室一厅,198.4,433.9,32层/共15层,2007年,1006,2025-08-25 21:48:37,1886,学区房,https://example.com/house/10271
海淀区,海淀区49号院29号楼1单元50室,四室两厅 海淀区优质房源,三室两厅,157.7,1012.95,30层/共12层,2000年,1002,2025-10-17 21:48:37,138,学区房,https://example.com/house/10272
昌平区,昌平区47号院21号楼19单元92室,两室两厅 昌平区优质房源,两室两厅,185.0,773.28,32层/共12层,2012年,1006,2025-03-30 21:48:37,3241,带车位,https://example.com/house/10273
东城区,东城区35号院25号楼11单元64室,三室一厅 东城区优质房源,两室两厅,58.7,1435.3,17层/共15层,2016年,1005,2025-05-28 21:48:37,34,南北通透,https://example.com/house/10274
海淀区,海淀区11号院12号楼10单元71室,三室一厅 海淀区优质房源,两室两厅,116.6,1108.09,19层/共32层,1999年,1002,2025-05-16 21:48:37,441,电梯房,https://example.com/house/10275
顺义区,顺义区70号院13号楼13单元42室,四室两厅 顺义区优质房源,两室一厅,160.5,1072.32,12层/共11层,2017年,1007,2025-07-23 21:48:37,80,近地铁,https://example.com/house/10276
顺义区,顺义区1号院28号楼9单元88室,四室两厅 顺义区优质房源,三室两厅,147.3,297.55,16层/共23层,2009年,1007,2025-03-12 21:48:37,2935,南北通透,https://example.com/house/10277
东城区,东城区68号院18号楼2单元81室,三室一厅 东城区优质房源,两室两厅,175.5,1341.77,24层/共32层,1993年,1005,2025-11-17 21:48:37,4882,近地铁,https://example.com/house/10278
丰台区,丰台区73号院30号楼11单元70室,两室一厅 丰台区优质房源,三室一厅,95.2,740.19,30层/共21层,2003年,1003,2026-01-06 21:48:37,3769,学区房,https://example.com/house/10279
西城区,西城区38号院7号楼13单元21室,三室一厅 西城区优质房源,三室两厅,124.0,1306.08,15层/共25层,2006年,1004,2025-10-03 21:48:37,2618,电梯房,https://example.com/house/10280
海淀区,海淀区18号院28号楼6单元26室,三室一厅 海淀区优质房源,两室两厅,138.3,1174.9,12层/共25层,2009年,1002,2025-09-29 21:48:37,4642,电梯房,https://example.com/house/10281
顺义区,顺义区83号院5号楼2单元25室,两室两厅 顺义区优质房源,三室一厅,123.7,1014.96,12层/共24层,2007年,1007,2025-03-24 21:48:37,2842,电梯房,https://example.com/house/10282
海淀区,海淀区15号院22号楼13单元76室,两室两厅 海淀区优质房源,一室一厅,105.6,482.59,2层/共19层,2008年,1002,2025-12-31 21:48:37,1764,学区房,https://example.com/house/10283
东城区,东城区46号院14号楼13单元96室,两室两厅 东城区优质房源,三室两厅,187.9,251.72,33层/共30层,2015年,1005,2025-05-06 21:48:37,4703,精装修,https://example.com/house/10284
东城区,东城区40号院25号楼20单元40室,两室两厅 东城区优质房源,三室两厅,143.9,891.29,30层/共27层,1998年,1005,2025-04-01 21:48:37,3199,精装修,https://example.com/house/10285
朝阳区,朝阳区47号院14号楼1单元44室,三室一厅 朝阳区优质房源,三室一厅,158.0,1470.01,11层/共22层,1996年,1001,2025-04-13 21:48:37,389,带车位,https://example.com/house/10286
海淀区,海淀区17号院19号楼8单元79室,三室两厅 海淀区优质房源,三室两厅,182.4,1479.19,22层/共33层,2017年,1002,2025-09-14 21:48:37,232,南北通透,https://example.com/house/10287
昌平区,昌平区33号院19号楼12单元66室,两室一厅 昌平区优质房源,一室一厅,97.7,844.97,29层/共11层,1993年,1006,2025-08-19 21:48:37,2615,南北通透,https://example.com/house/10288
东城区,东城区15号院24号楼12单元10室,三室两厅 东城区优质房源,三室两厅,138.9,1263.56,11层/共32层,2013年,1005,2025-06-10 21:48:37,4653,带车位,https://example.com/house/10289
海淀区,海淀区27号院2号楼13单元29室,两室一厅 海淀区优质房源,三室两厅,198.2,1181.05,12层/共24层,2009年,1002,2026-01-13 21:48:37,1546,近地铁,https://example.com/house/10290
海淀区,海淀区91号院18号楼9单元24室,三室一厅 海淀区优质房源,四室两厅,100.5,1231.31,3层/共23层,2014年,1002,2025-05-24 21:48:37,2696,带车位,https://example.com/house/10291
朝阳区,朝阳区5号院20号楼17单元51室,一室一厅 朝阳区优质房源,三室一厅,169.5,1247.9,17层/共21层,1994年,1001,2025-06-15 21:48:37,3291,近地铁,https://example.com/house/10292
东城区,东城区28号院14号楼7单元9室,三室两厅 东城区优质房源,一室一厅,163.5,498.53,26层/共33层,1996年,1005,2025-07-13 21:48:37,1345,精装修,https://example.com/house/10293
丰台区,丰台区61号院23号楼12单元84室,两室一厅 丰台区优质房源,两室一厅,128.7,235.63,28层/共16层,2013年,1003,2026-03-01 21:48:37,332,学区房,https://example.com/house/10294
西城区,西城区81号院22号楼20单元5室,三室一厅 西城区优质房源,三室两厅,118.1,426.5,1层/共17层,2009年,1004,2025-08-27 21:48:37,3561,南北通透,https://example.com/house/10295
丰台区,丰台区69号院30号楼2单元71室,两室两厅 丰台区优质房源,两室一厅,120.5,600.52,28层/共10层,2004年,1003,2025-12-25 21:48:37,4025,带车位,https://example.com/house/10296
丰台区,丰台区18号院5号楼14单元74室,三室一厅 丰台区优质房源,一室一厅,126.5,1096.56,11层/共13层,2014年,1003,2026-02-28 21:48:37,3113,精装修,https://example.com/house/10297
丰台区,丰台区8号院3号楼1单元68室,四室两厅 丰台区优质房源,两室一厅,68.3,703.47,3层/共32层,2002年,1003,2026-01-10 21:48:37,1973,精装修,https://example.com/house/10298
昌平区,昌平区36号院15号楼14单元84室,三室两厅 昌平区优质房源,一室一厅,131.7,769.36,33层/共31层,1992年,1006,2026-01-08 21:48:37,3963,南北通透,https://example.com/house/10299
丰台区,丰台区80号院6号楼19单元1室,两室两厅 丰台区优质房源,两室两厅,52.8,587.05,31层/共21层,2011年,1003,2026-03-06 21:48:37,985,学区房,https://example.com/house/10300
朝阳区,朝阳区15号院13号楼2单元81室,两室一厅 朝阳区优质房源,两室两厅,162.6,348.35,12层/共33层,2014年,1001,2025-12-05 21:48:37,2843,近地铁,https://example.com/house/10301
朝阳区,朝阳区39号院9号楼20单元79室,三室一厅 朝阳区优质房源,三室一厅,100.7,1328.46,9层/共30层,1994年,1001,2025-08-17 21:48:37,490,精装修,https://example.com/house/10302
昌平区,昌平区78号院17号楼6单元43室,四室两厅 昌平区优质房源,两室一厅,163.2,1286.51,10层/共13层,2020年,1006,2025-11-10 21:48:37,1744,南北通透,https://example.com/house/10303
西城区,西城区11号院25号楼19单元46室,四室两厅 西城区优质房源,一室一厅,96.0,546.64,25层/共32层,2007年,1004,2025-09-24 21:48:37,1711,近地铁,https://example.com/house/10304
顺义区,顺义区61号院11号楼1单元67室,两室一厅 顺义区优质房源,四室两厅,154.2,1063.05,14层/共16层,1997年,1007,2025-06-05 21:48:37,2167,电梯房,https://example.com/house/10305
丰台区,丰台区47号院4号楼14单元39室,两室一厅 丰台区优质房源,四室两厅,62.7,1461.88,14层/共11层,2009年,1003,2025-09-29 21:48:37,2517,电梯房,https://example.com/house/10306
朝阳区,朝阳区1号院3号楼10单元92室,两室一厅 朝阳区优质房源,两室一厅,178.9,1264.4,25层/共17层,2005年,1001,2025-08-31 21:48:37,110,精装修,https://example.com/house/10307
丰台区,丰台区34号院16号楼5单元78室,三室一厅 丰台区优质房源,三室一厅,123.0,680.66,22层/共22层,2008年,1003,2025-04-09 21:48:37,342,近地铁,https://example.com/house/10308
西城区,西城区75号院5号楼2单元87室,一室一厅 西城区优质房源,四室两厅,128.4,1492.95,29层/共28层,2018年,1004,2025-10-26 21:48:37,381,南北通透,https://example.com/house/10309
海淀区,海淀区96号院3号楼1单元45室,四室两厅 海淀区优质房源,两室一厅,156.0,276.12,6层/共18层,2007年,1002,2025-12-31 21:48:37,1355,带车位,https://example.com/house/10310
海淀区,海淀区90号院27号楼11单元31室,三室一厅 海淀区优质房源,两室一厅,106.0,446.06,20层/共27层,2018年,1002,2025-04-13 21:48:37,3296,近地铁,https://example.com/house/10311
东城区,东城区36号院22号楼16单元70室,两室两厅 东城区优质房源,四室两厅,58.2,1456.07,25层/共22层,2002年,1005,2025-05-16 21:48:37,1461,带车位,https://example.com/house/10312
昌平区,昌平区30号院17号楼12单元94室,一室一厅 昌平区优质房源,两室一厅,164.1,1099.1,25层/共33层,1994年,1006,2025-08-09 21:48:37,1830,精装修,https://example.com/house/10313
顺义区,顺义区88号院28号楼20单元88室,两室一厅 顺义区优质房源,三室一厅,134.5,1182.71,20层/共26层,2006年,1007,2025-12-27 21:48:37,3837,学区房,https://example.com/house/10314
海淀区,海淀区50号院15号楼20单元6室,两室一厅 海淀区优质房源,三室一厅,141.8,1299.3,18层/共33层,2000年,1002,2025-05-19 21:48:37,2138,近地铁,https://example.com/house/10315
西城区,西城区39号院2号楼6单元66室,三室一厅 西城区优质房源,两室两厅,118.5,760.51,30层/共15层,2018年,1004,2025-07-27 21:48:37,2710,精装修,https://example.com/house/10316
丰台区,丰台区35号院3号楼9单元90室,一室一厅 丰台区优质房源,一室一厅,123.5,1386.83,3层/共30层,1990年,1003,2025-05-18 21:48:37,652,南北通透,https://example.com/house/10317
昌平区,昌平区89号院13号楼12单元12室,三室一厅 昌平区优质房源,两室一厅,179.9,337.77,10层/共21层,2004年,1006,2026-02-11 21:48:37,3792,精装修,https://example.com/house/10318
丰台区,丰台区56号院15号楼14单元39室,一室一厅 丰台区优质房源,三室两厅,195.4,1390.77,2层/共12层,2018年,1003,2025-07-01 21:48:37,2826,南北通透,https://example.com/house/10319
顺义区,顺义区13号院7号楼19单元57室,两室一厅 顺义区优质房源,两室两厅,117.3,1266.28,29层/共30层,2016年,1007,2025-08-31 21:48:37,4319,学区房,https://example.com/house/10320
西城区,西城区9号院4号楼20单元72室,三室一厅 西城区优质房源,四室两厅,109.0,1472.88,17层/共26层,2013年,1004,2025-06-18 21:48:37,2904,学区房,https://example.com/house/10321
朝阳区,朝阳区76号院23号楼7单元16室,两室两厅 朝阳区优质房源,一室一厅,100.6,635.99,5层/共16层,2017年,1001,2026-02-13 21:48:37,4887,近地铁,https://example.com/house/10322
顺义区,顺义区63号院12号楼12单元96室,三室两厅 顺义区优质房源,一室一厅,149.7,825.5,9层/共15层,2018年,1007,2025-09-29 21:48:37,2069,带车位,https://example.com/house/10323
朝阳区,朝阳区7号院25号楼15单元83室,四室两厅 朝阳区优质房源,三室一厅,68.9,1111.35,12层/共21层,2015年,1001,2025-09-05 21:48:37,3286,南北通透,https://example.com/house/10324
顺义区,顺义区3号院3号楼8单元99室,四室两厅 顺义区优质房源,四室两厅,179.6,531.02,7层/共33层,1992年,1007,2025-06-22 21:48:37,2735,近地铁,https://example.com/house/10325
顺义区,顺义区31号院21号楼17单元56室,三室两厅 顺义区优质房源,一室一厅,131.8,519.63,23层/共19层,2003年,1007,2026-01-27 21:48:37,402,学区房,https://example.com/house/10326
西城区,西城区38号院17号楼5单元47室,三室一厅 西城区优质房源,三室一厅,99.5,1375.05,23层/共32层,2006年,1004,2025-09-09 21:48:37,3614,精装修,https://example.com/house/10327
朝阳区,朝阳区3号院22号楼4单元85室,两室一厅 朝阳区优质房源,三室两厅,183.2,1216.07,11层/共28层,2019年,1001,2025-09-03 21:48:37,249,电梯房,https://example.com/house/10328
西城区,西城区40号院28号楼7单元15室,三室两厅 西城区优质房源,两室一厅,65.5,1010.86,3层/共23层,1995年,1004,2025-05-23 21:48:37,4275,电梯房,https://example.com/house/10329
东城区,东城区5号院14号楼4单元82室,两室两厅 东城区优质房源,一室一厅,114.9,1262.77,5层/共12层,2009年,1005,2025-07-30 21:48:37,1797,电梯房,https://example.com/house/10330
朝阳区,朝阳区1号院27号楼7单元23室,四室两厅 朝阳区优质房源,两室两厅,71.5,1033.13,17层/共13层,2001年,1001,2025-09-18 21:48:37,2015,精装修,https://example.com/house/10331
丰台区,丰台区43号院27号楼3单元80室,三室一厅 丰台区优质房源,两室一厅,138.3,1091.05,24层/共33层,1997年,1003,2025-05-13 21:48:37,1220,精装修,https://example.com/house/10332
东城区,东城区95号院24号楼3单元5室,三室两厅 东城区优质房源,四室两厅,77.6,800.77,14层/共30层,1994年,1005,2025-12-04 21:48:37,4899,近地铁,https://example.com/house/10333
朝阳区,朝阳区89号院27号楼18单元61室,两室两厅 朝阳区优质房源,一室一厅,93.0,1092.44,17层/共12层,2016年,1001,2025-05-08 21:48:37,2128,学区房,https://example.com/house/10334
朝阳区,朝阳区93号院21号楼3单元16室,三室两厅 朝阳区优质房源,三室一厅,156.1,549.94,27层/共33层,2006年,1001,2025-11-28 21:48:37,3825,电梯房,https://example.com/house/10335
东城区,东城区31号院5号楼6单元11室,两室两厅 东城区优质房源,四室两厅,181.9,1249.18,19层/共30层,1994年,1005,2025-09-11 21:48:37,3147,近地铁,https://example.com/house/10336
顺义区,顺义区72号院10号楼17单元60室,一室一厅 顺义区优质房源,三室一厅,140.7,251.75,17层/共24层,2007年,1007,2025-03-22 21:48:37,4730,带车位,https://example.com/house/10337
昌平区,昌平区60号院18号楼16单元26室,两室一厅 昌平区优质房源,三室两厅,148.3,350.94,17层/共31层,1996年,1006,2025-10-19 21:48:37,1088,近地铁,https://example.com/house/10338
西城区,西城区92号院8号楼10单元34室,三室两厅 西城区优质房源,四室两厅,129.9,547.41,18层/共28层,1999年,1004,2025-04-04 21:48:37,1928,近地铁,https://example.com/house/10339
昌平区,昌平区6号院12号楼2单元43室,三室一厅 昌平区优质房源,一室一厅,165.7,1282.83,28层/共19层,2005年,1006,2025-05-18 21:48:37,1440,精装修,https://example.com/house/10340
昌平区,昌平区46号院5号楼3单元84室,两室两厅 昌平区优质房源,两室两厅,144.9,623.1,1层/共32层,1996年,1006,2025-09-10 21:48:37,4775,南北通透,https://example.com/house/10341
昌平区,昌平区4号院11号楼2单元40室,四室两厅 昌平区优质房源,三室一厅,74.2,764.39,21层/共28层,1995年,1006,2025-03-26 21:48:37,1224,带车位,https://example.com/house/10342
朝阳区,朝阳区91号院13号楼14单元68室,一室一厅 朝阳区优质房源,四室两厅,95.3,262.85,10层/共17层,2016年,1001,2025-12-23 21:48:37,4297,电梯房,https://example.com/house/10343
丰台区,丰台区8号院12号楼2单元19室,四室两厅 丰台区优质房源,四室两厅,64.4,1041.03,27层/共15层,1990年,1003,2026-02-04 21:48:37,1735,南北通透,https://example.com/house/10344
西城区,西城区70号院16号楼13单元74室,两室一厅 西城区优质房源,两室两厅,53.9,1249.31,9层/共26层,2004年,1004,2025-04-08 21:48:37,3707,精装修,https://example.com/house/10345
顺义区,顺义区43号院3号楼1单元50室,三室两厅 顺义区优质房源,一室一厅,156.4,841.8,4层/共18层,2013年,1007,2026-03-03 21:48:37,2112,学区房,https://example.com/house/10346
丰台区,丰台区50号院11号楼1单元22室,两室两厅 丰台区优质房源,两室两厅,102.8,1224.38,4层/共14层,2006年,1003,2026-02-06 21:48:37,2942,精装修,https://example.com/house/10347
顺义区,顺义区85号院11号楼5单元57室,两室一厅 顺义区优质房源,三室两厅,149.1,466.35,27层/共30层,2012年,1007,2026-03-02 21:48:37,4999,精装修,https://example.com/house/10348
东城区,东城区66号院30号楼3单元17室,三室一厅 东城区优质房源,一室一厅,179.2,464.77,20层/共25层,2008年,1005,2025-06-06 21:48:37,3520,电梯房,https://example.com/house/10349
朝阳区,朝阳区53号院13号楼12单元73室,三室一厅 朝阳区优质房源,三室一厅,153.6,1000.14,20层/共33层,2018年,1001,2025-10-02 21:48:37,975,精装修,https://example.com/house/10350
海淀区,海淀区61号院4号楼1单元8室,两室一厅 海淀区优质房源,一室一厅,103.8,1008.14,26层/共23层,2008年,1002,2026-01-19 21:48:37,4066,学区房,https://example.com/house/10351
昌平区,昌平区43号院3号楼2单元14室,三室两厅 昌平区优质房源,一室一厅,88.8,927.89,32层/共12层,2018年,1006,2025-12-31 21:48:37,4605,南北通透,https://example.com/house/10352
西城区,西城区81号院27号楼12单元95室,三室一厅 西城区优质房源,两室两厅,152.3,883.59,20层/共11层,2001年,1004,2025-12-21 21:48:37,237,南北通透,https://example.com/house/10353
丰台区,丰台区78号院14号楼15单元74室,三室两厅 丰台区优质房源,三室一厅,73.8,610.37,13层/共17层,1997年,1003,2025-09-21 21:48:37,1315,近地铁,https://example.com/house/10354
海淀区,海淀区64号院1号楼8单元21室,三室一厅 海淀区优质房源,一室一厅,92.1,1435.79,29层/共13层,2005年,1002,2025-07-01 21:48:37,2222,南北通透,https://example.com/house/10355
海淀区,海淀区91号院5号楼3单元39室,四室两厅 海淀区优质房源,两室一厅,173.3,327.94,2层/共32层,2016年,1002,2025-06-22 21:48:37,481,近地铁,https://example.com/house/10356
海淀区,海淀区63号院15号楼7单元50室,三室两厅 海淀区优质房源,两室两厅,84.1,1140.47,8层/共22层,2013年,1002,2026-02-23 21:48:37,1923,近地铁,https://example.com/house/10357
昌平区,昌平区16号院9号楼5单元88室,两室一厅 昌平区优质房源,一室一厅,107.6,800.54,30层/共21层,2001年,1006,2025-10-17 21:48:37,3160,带车位,https://example.com/house/10358
顺义区,顺义区35号院2号楼3单元48室,一室一厅 顺义区优质房源,两室两厅,88.5,514.62,23层/共14层,1992年,1007,2026-02-09 21:48:37,697,近地铁,https://example.com/house/10359
西城区,西城区79号院5号楼2单元84室,两室两厅 西城区优质房源,两室两厅,146.2,773.33,9层/共30层,1994年,1004,2025-10-27 21:48:37,458,精装修,https://example.com/house/10360
海淀区,海淀区58号院11号楼4单元39室,三室一厅 海淀区优质房源,三室一厅,104.7,224.12,10层/共19层,2010年,1002,2025-11-11 21:48:37,3208,带车位,https://example.com/house/10361
丰台区,丰台区95号院8号楼7单元77室,一室一厅 丰台区优质房源,四室两厅,182.3,361.66,5层/共16层,2004年,1003,2025-03-31 21:48:37,235,带车位,https://example.com/house/10362
朝阳区,朝阳区87号院29号楼1单元40室,两室两厅 朝阳区优质房源,三室两厅,181.8,269.34,19层/共15层,2009年,1001,2025-11-22 21:48:37,4234,电梯房,https://example.com/house/10363
朝阳区,朝阳区20号院19号楼13单元16室,两室两厅 朝阳区优质房源,三室两厅,185.8,493.33,24层/共15层,2001年,1001,2025-07-23 21:48:37,838,带车位,https://example.com/house/10364
丰台区,丰台区2号院6号楼1单元26室,两室两厅 丰台区优质房源,三室两厅,83.9,628.45,10层/共29层,1995年,1003,2025-05-06 21:48:37,4788,学区房,https://example.com/house/10365
昌平区,昌平区25号院26号楼3单元75室,三室一厅 昌平区优质房源,四室两厅,60.7,478.81,20层/共28层,2005年,1006,2026-02-26 21:48:37,3505,学区房,https://example.com/house/10366
东城区,东城区23号院12号楼15单元78室,两室两厅 东城区优质房源,三室两厅,54.9,823.1,12层/共26层,1993年,1005,2025-05-11 21:48:37,4564,带车位,https://example.com/house/10367
海淀区,海淀区80号院20号楼8单元33室,三室两厅 海淀区优质房源,四室两厅,59.3,285.95,28层/共26层,2016年,1002,2025-06-03 21:48:37,678,近地铁,https://example.com/house/10368
西城区,西城区69号院3号楼4单元28室,三室一厅 西城区优质房源,三室一厅,79.2,1002.28,23层/共33层,1990年,1004,2026-02-20 21:48:37,2045,学区房,https://example.com/house/10369
东城区,东城区19号院6号楼6单元11室,三室一厅 东城区优质房源,三室两厅,179.0,845.43,33层/共15层,1998年,1005,2025-08-26 21:48:37,3278,精装修,https://example.com/house/10370
东城区,东城区91号院14号楼4单元17室,两室一厅 东城区优质房源,三室两厅,187.1,610.27,6层/共30层,2001年,1005,2025-11-09 21:48:37,563,电梯房,https://example.com/house/10371
东城区,东城区59号院23号楼12单元57室,两室一厅 东城区优质房源,三室一厅,77.8,386.69,1层/共10层,1996年,1005,2025-11-02 21:48:37,2076,精装修,https://example.com/house/10372
海淀区,海淀区38号院21号楼5单元8室,三室一厅 海淀区优质房源,两室一厅,183.5,295.77,30层/共28层,2006年,1002,2025-12-24 21:48:37,235,近地铁,https://example.com/house/10373
昌平区,昌平区59号院15号楼7单元13室,两室一厅 昌平区优质房源,两室两厅,130.5,1059.16,2层/共32层,2014年,1006,2025-04-14 21:48:37,130,带车位,https://example.com/house/10374
丰台区,丰台区76号院23号楼18单元45室,一室一厅 丰台区优质房源,一室一厅,134.2,843.77,21层/共24层,2003年,1003,2026-03-03 21:48:37,2936,精装修,https://example.com/house/10375
丰台区,丰台区74号院14号楼7单元14室,一室一厅 丰台区优质房源,三室两厅,100.1,928.32,28层/共28层,2009年,1003,2025-05-30 21:48:37,2667,南北通透,https://example.com/house/10376
昌平区,昌平区84号院9号楼2单元17室,两室一厅 昌平区优质房源,两室一厅,197.3,752.86,20层/共21层,1990年,1006,2025-08-06 21:48:37,3864,学区房,https://example.com/house/10377
朝阳区,朝阳区63号院4号楼5单元39室,两室一厅 朝阳区优质房源,两室一厅,185.2,480.51,30层/共10层,2020年,1001,2025-06-10 21:48:37,2266,电梯房,https://example.com/house/10378
昌平区,昌平区63号院28号楼9单元21室,一室一厅 昌平区优质房源,三室两厅,94.7,390.26,28层/共16层,2001年,1006,2025-09-03 21:48:37,2337,学区房,https://example.com/house/10379
昌平区,昌平区48号院18号楼7单元22室,一室一厅 昌平区优质房源,两室一厅,87.2,1209.94,26层/共17层,2014年,1006,2025-04-16 21:48:37,1031,南北通透,https://example.com/house/10380
丰台区,丰台区15号院6号楼15单元29室,一室一厅 丰台区优质房源,三室两厅,102.3,1132.02,14层/共23层,2017年,1003,2025-04-01 21:48:37,4658,近地铁,https://example.com/house/10381
朝阳区,朝阳区5号院6号楼9单元70室,四室两厅 朝阳区优质房源,一室一厅,154.8,616.03,17层/共27层,2012年,1001,2026-02-22 21:48:37,2549,学区房,https://example.com/house/10382
朝阳区,朝阳区75号院20号楼10单元22室,两室一厅 朝阳区优质房源,一室一厅,167.2,1110.31,6层/共16层,1990年,1001,2025-04-08 21:48:37,2123,南北通透,https://example.com/house/10383
顺义区,顺义区37号院18号楼14单元63室,四室两厅 顺义区优质房源,三室两厅,149.9,1396.53,21层/共15层,2015年,1007,2025-10-25 21:48:37,716,电梯房,https://example.com/house/10384
顺义区,顺义区75号院28号楼12单元40室,两室一厅 顺义区优质房源,四室两厅,158.5,746.16,24层/共32层,2013年,1007,2025-07-28 21:48:37,2063,南北通透,https://example.com/house/10385
顺义区,顺义区93号院26号楼10单元78室,两室一厅 顺义区优质房源,四室两厅,156.3,645.25,6层/共27层,1999年,1007,2025-10-15 21:48:37,525,精装修,https://example.com/house/10386
海淀区,海淀区93号院3号楼14单元13室,三室一厅 海淀区优质房源,三室两厅,96.6,616.77,27层/共18层,1998年,1002,2025-06-08 21:48:37,1548,学区房,https://example.com/house/10387
东城区,东城区22号院12号楼16单元89室,两室两厅 东城区优质房源,一室一厅,97.8,1065.66,12层/共32层,2005年,1005,2025-11-14 21:48:37,3045,带车位,https://example.com/house/10388
东城区,东城区59号院3号楼13单元67室,四室两厅 东城区优质房源,三室两厅,187.3,1232.83,21层/共21层,1993年,1005,2025-09-23 21:48:37,155,学区房,https://example.com/house/10389
西城区,西城区49号院18号楼17单元31室,四室两厅 西城区优质房源,四室两厅,58.1,774.79,14层/共14层,1990年,1004,2026-03-07 21:48:37,2934,电梯房,https://example.com/house/10390
东城区,东城区86号院26号楼7单元70室,一室一厅 东城区优质房源,三室两厅,187.4,1260.61,19层/共17层,2010年,1005,2026-02-22 21:48:37,933,学区房,https://example.com/house/10391
西城区,西城区40号院24号楼19单元11室,四室两厅 西城区优质房源,三室一厅,169.8,337.05,12层/共18层,2005年,1004,2025-03-17 21:48:37,1339,南北通透,https://example.com/house/10392
海淀区,海淀区67号院9号楼6单元89室,两室一厅 海淀区优质房源,两室两厅,164.1,610.76,1层/共31层,2019年,1002,2025-12-14 21:48:37,174,电梯房,https://example.com/house/10393
东城区,东城区77号院22号楼8单元80室,两室两厅 东城区优质房源,一室一厅,152.7,278.32,8层/共10层,1996年,1005,2025-04-28 21:48:37,2375,电梯房,https://example.com/house/10394
丰台区,丰台区33号院26号楼20单元49室,三室两厅 丰台区优质房源,三室两厅,90.1,1278.51,18层/共32层,2016年,1003,2025-07-10 21:48:37,1560,带车位,https://example.com/house/10395
海淀区,海淀区65号院18号楼8单元17室,两室一厅 海淀区优质房源,四室两厅,153.9,597.24,13层/共21层,2006年,1002,2025-06-15 21:48:37,3392,近地铁,https://example.com/house/10396
海淀区,海淀区1号院5号楼6单元51室,一室一厅 海淀区优质房源,三室一厅,112.5,1062.08,24层/共29层,2003年,1002,2025-04-21 21:48:37,1463,南北通透,https://example.com/house/10397
丰台区,丰台区5号院4号楼12单元70室,三室两厅 丰台区优质房源,一室一厅,107.0,256.34,19层/共27层,1994年,1003,2025-12-13 21:48:37,2300,学区房,https://example.com/house/10398
朝阳区,朝阳区35号院8号楼8单元64室,三室两厅 朝阳区优质房源,四室两厅,167.2,1111.53,17层/共19层,2013年,1001,2025-04-03 21:48:37,3298,学区房,https://example.com/house/10399
顺义区,顺义区90号院28号楼14单元42室,两室两厅 顺义区优质房源,四室两厅,77.8,696.58,4层/共19层,2004年,1007,2026-01-13 21:48:37,1014,精装修,https://example.com/house/10400
丰台区,丰台区30号院13号楼18单元39室,三室一厅 丰台区优质房源,四室两厅,155.1,850.99,14层/共21层,1994年,1003,2026-01-27 21:48:37,2401,南北通透,https://example.com/house/10401
西城区,西城区97号院11号楼4单元15室,两室两厅 西城区优质房源,三室两厅,153.8,1214.13,7层/共26层,2013年,1004,2025-11-29 21:48:37,4620,南北通透,https://example.com/house/10402
丰台区,丰台区96号院7号楼12单元9室,三室一厅 丰台区优质房源,两室两厅,187.4,732.06,28层/共29层,2001年,1003,2025-05-06 21:48:37,1520,电梯房,https://example.com/house/10403
朝阳区,朝阳区70号院18号楼1单元70室,三室两厅 朝阳区优质房源,两室两厅,158.5,522.5,31层/共11层,1998年,1001,2025-09-22 21:48:37,2817,学区房,https://example.com/house/10404
昌平区,昌平区42号院28号楼14单元85室,两室两厅 昌平区优质房源,四室两厅,88.8,952.68,20层/共30层,2001年,1006,2025-06-05 21:48:37,4873,南北通透,https://example.com/house/10405
顺义区,顺义区88号院17号楼20单元85室,四室两厅 顺义区优质房源,三室两厅,155.8,694.43,29层/共16层,2000年,1007,2025-03-27 21:48:37,2614,近地铁,https://example.com/house/10406
西城区,西城区52号院10号楼12单元53室,三室一厅 西城区优质房源,两室两厅,120.1,1350.71,17层/共29层,2000年,1004,2025-10-30 21:48:37,3710,南北通透,https://example.com/house/10407
昌平区,昌平区66号院23号楼20单元37室,三室一厅 昌平区优质房源,四室两厅,154.0,821.11,26层/共11层,1997年,1006,2025-08-17 21:48:37,187,精装修,https://example.com/house/10408
东城区,东城区70号院18号楼20单元56室,一室一厅 东城区优质房源,一室一厅,195.8,667.1,30层/共10层,2003年,1005,2025-05-29 21:48:37,1810,精装修,https://example.com/house/10409
丰台区,丰台区83号院9号楼17单元62室,三室一厅 丰台区优质房源,四室两厅,100.8,1152.44,30层/共15层,2017年,1003,2026-01-19 21:48:37,1773,电梯房,https://example.com/house/10410
昌平区,昌平区97号院26号楼8单元92室,四室两厅 昌平区优质房源,两室两厅,60.5,499.67,8层/共27层,1991年,1006,2025-07-31 21:48:37,4510,近地铁,https://example.com/house/10411
丰台区,丰台区6号院3号楼14单元99室,两室两厅 丰台区优质房源,一室一厅,196.5,1459.37,12层/共32层,2002年,1003,2025-05-04 21:48:37,280,近地铁,https://example.com/house/10412
东城区,东城区4号院18号楼8单元63室,一室一厅 东城区优质房源,三室两厅,185.2,1119.4,25层/共29层,2003年,1005,2026-02-03 21:48:37,3290,学区房,https://example.com/house/10413
东城区,东城区52号院11号楼1单元13室,两室一厅 东城区优质房源,三室一厅,167.6,211.84,17层/共10层,2005年,1005,2025-07-16 21:48:37,1587,学区房,https://example.com/house/10414
朝阳区,朝阳区88号院19号楼14单元54室,一室一厅 朝阳区优质房源,一室一厅,71.7,612.77,28层/共21层,2019年,1001,2025-04-02 21:48:37,4272,学区房,https://example.com/house/10415
昌平区,昌平区19号院18号楼15单元96室,三室一厅 昌平区优质房源,四室两厅,176.8,597.42,22层/共18层,1997年,1006,2025-06-18 21:48:37,1082,精装修,https://example.com/house/10416
东城区,东城区32号院29号楼6单元46室,两室两厅 东城区优质房源,两室一厅,91.2,945.44,7层/共10层,1996年,1005,2025-04-28 21:48:37,2225,电梯房,https://example.com/house/10417
西城区,西城区12号院6号楼19单元82室,两室两厅 西城区优质房源,四室两厅,74.4,201.17,32层/共13层,1994年,1004,2025-06-07 21:48:37,936,学区房,https://example.com/house/10418
顺义区,顺义区54号院15号楼5单元74室,两室一厅 顺义区优质房源,两室一厅,95.2,1162.37,32层/共21层,2015年,1007,2025-03-15 21:48:37,1435,近地铁,https://example.com/house/10419
昌平区,昌平区92号院23号楼16单元67室,两室两厅 昌平区优质房源,三室一厅,174.7,550.5,24层/共29层,1996年,1006,2025-10-07 21:48:37,2562,学区房,https://example.com/house/10420
丰台区,丰台区56号院29号楼12单元31室,两室一厅 丰台区优质房源,一室一厅,176.5,1406.9,25层/共10层,2014年,1003,2025-08-21 21:48:37,1968,精装修,https://example.com/house/10421
丰台区,丰台区61号院14号楼8单元90室,一室一厅 丰台区优质房源,一室一厅,95.7,862.02,10层/共18层,1996年,1003,2025-05-17 21:48:37,1474,近地铁,https://example.com/house/10422
海淀区,海淀区11号院4号楼13单元63室,两室一厅 海淀区优质房源,四室两厅,160.3,1382.07,21层/共20层,1993年,1002,2026-02-14 21:48:37,802,带车位,https://example.com/house/10423
海淀区,海淀区59号院30号楼13单元47室,两室一厅 海淀区优质房源,四室两厅,124.1,485.67,15层/共12层,1991年,1002,2025-05-09 21:48:37,356,电梯房,https://example.com/house/10424
西城区,西城区97号院18号楼12单元59室,一室一厅 西城区优质房源,一室一厅,87.2,442.21,21层/共11层,2009年,1004,2025-11-21 21:48:37,642,精装修,https://example.com/house/10425
丰台区,丰台区89号院2号楼3单元38室,四室两厅 丰台区优质房源,三室两厅,117.0,1404.84,17层/共24层,2015年,1003,2025-12-13 21:48:37,4789,学区房,https://example.com/house/10426
海淀区,海淀区66号院19号楼4单元93室,三室一厅 海淀区优质房源,一室一厅,129.4,655.9,16层/共22层,2011年,1002,2025-05-11 21:48:37,4815,南北通透,https://example.com/house/10427
丰台区,丰台区41号院22号楼12单元85室,两室一厅 丰台区优质房源,四室两厅,150.1,243.38,24层/共20层,2011年,1003,2025-03-26 21:48:37,4154,南北通透,https://example.com/house/10428
西城区,西城区51号院22号楼4单元70室,三室两厅 西城区优质房源,两室两厅,96.9,287.21,5层/共32层,2015年,1004,2025-12-12 21:48:37,4944,精装修,https://example.com/house/10429
海淀区,海淀区33号院15号楼13单元79室,三室两厅 海淀区优质房源,三室两厅,70.6,338.31,4层/共22层,1996年,1002,2025-06-06 21:48:37,2495,近地铁,https://example.com/house/10430
朝阳区,朝阳区74号院14号楼14单元95室,三室两厅 朝阳区优质房源,两室两厅,133.2,1063.0,21层/共14层,2015年,1001,2025-09-28 21:48:37,1681,学区房,https://example.com/house/10431
丰台区,丰台区34号院18号楼18单元83室,两室一厅 丰台区优质房源,三室两厅,173.4,632.51,27层/共11层,1990年,1003,2026-02-13 21:48:37,951,近地铁,https://example.com/house/10432
西城区,西城区30号院5号楼7单元46室,两室一厅 西城区优质房源,两室一厅,53.3,1047.59,21层/共27层,1991年,1004,2025-12-15 21:48:37,4012,带车位,https://example.com/house/10433
朝阳区,朝阳区99号院14号楼16单元34室,一室一厅 朝阳区优质房源,四室两厅,84.8,1113.51,6层/共31层,1994年,1001,2025-09-09 21:48:37,1886,学区房,https://example.com/house/10434
海淀区,海淀区4号院2号楼15单元2室,四室两厅 海淀区优质房源,三室两厅,113.1,844.27,5层/共18层,2000年,1002,2025-07-16 21:48:37,2699,学区房,https://example.com/house/10435
丰台区,丰台区90号院13号楼2单元35室,四室两厅 丰台区优质房源,四室两厅,174.9,351.97,27层/共21层,2002年,1003,2025-07-25 21:48:37,4048,电梯房,https://example.com/house/10436
东城区,东城区73号院1号楼7单元46室,一室一厅 东城区优质房源,三室一厅,181.0,468.03,19层/共26层,2010年,1005,2026-01-28 21:48:37,2440,南北通透,https://example.com/house/10437
丰台区,丰台区29号院13号楼8单元4室,三室两厅 丰台区优质房源,三室两厅,145.1,568.37,29层/共29层,2000年,1003,2025-04-21 21:48:37,2152,带车位,https://example.com/house/10438
昌平区,昌平区98号院7号楼19单元85室,一室一厅 昌平区优质房源,三室两厅,100.1,1174.15,2层/共25层,2003年,1006,2025-09-11 21:48:37,64,学区房,https://example.com/house/10439
西城区,西城区88号院1号楼18单元53室,四室两厅 西城区优质房源,四室两厅,173.8,1060.8,2层/共23层,2000年,1004,2025-06-27 21:48:37,2661,南北通透,https://example.com/house/10440
顺义区,顺义区81号院13号楼5单元12室,两室一厅 顺义区优质房源,四室两厅,112.2,1164.56,30层/共15层,2010年,1007,2025-10-23 21:48:37,3337,带车位,https://example.com/house/10441
东城区,东城区70号院26号楼15单元98室,四室两厅 东城区优质房源,四室两厅,90.6,1498.31,24层/共10层,2018年,1005,2025-07-22 21:48:37,1998,南北通透,https://example.com/house/10442
顺义区,顺义区13号院24号楼2单元20室,三室一厅 顺义区优质房源,三室一厅,183.0,919.94,27层/共27层,2006年,1007,2025-10-17 21:48:37,4230,南北通透,https://example.com/house/10443
顺义区,顺义区18号院18号楼17单元92室,两室一厅 顺义区优质房源,三室两厅,156.5,1368.01,17层/共29层,2019年,1007,2025-10-22 21:48:37,3739,带车位,https://example.com/house/10444
海淀区,海淀区79号院19号楼15单元97室,三室一厅 海淀区优质房源,四室两厅,89.5,486.03,27层/共13层,1997年,1002,2025-09-24 21:48:37,3923,学区房,https://example.com/house/10445
丰台区,丰台区34号院30号楼14单元79室,四室两厅 丰台区优质房源,三室两厅,65.0,730.29,6层/共11层,1997年,1003,2025-03-20 21:48:37,3135,带车位,https://example.com/house/10446
东城区,东城区93号院22号楼2单元52室,两室两厅 东城区优质房源,两室一厅,186.6,785.55,33层/共21层,2020年,1005,2025-04-16 21:48:37,4126,近地铁,https://example.com/house/10447
西城区,西城区58号院7号楼5单元83室,两室两厅 西城区优质房源,三室两厅,158.1,760.72,32层/共13层,2010年,1004,2025-05-17 21:48:37,4359,近地铁,https://example.com/house/10448
顺义区,顺义区1号院10号楼19单元38室,一室一厅 顺义区优质房源,四室两厅,112.7,995.45,27层/共32层,2007年,1007,2026-02-04 21:48:37,391,带车位,https://example.com/house/10449
海淀区,海淀区35号院11号楼16单元10室,三室两厅 海淀区优质房源,三室一厅,136.4,277.88,11层/共29层,2010年,1002,2025-09-28 21:48:37,337,南北通透,https://example.com/house/10450
海淀区,海淀区23号院27号楼9单元34室,一室一厅 海淀区优质房源,三室一厅,126.6,300.7,19层/共23层,2008年,1002,2025-09-05 21:48:37,824,南北通透,https://example.com/house/10451
东城区,东城区74号院2号楼3单元53室,两室一厅 东城区优质房源,两室两厅,152.9,1207.99,21层/共26层,2020年,1005,2025-08-13 21:48:37,4447,精装修,https://example.com/house/10452
东城区,东城区4号院9号楼20单元80室,一室一厅 东城区优质房源,三室两厅,199.3,694.1,28层/共33层,1990年,1005,2025-11-09 21:48:37,2878,电梯房,https://example.com/house/10453
西城区,西城区71号院22号楼4单元52室,三室两厅 西城区优质房源,三室一厅,181.2,1252.44,17层/共23层,2000年,1004,2025-08-06 21:48:37,4949,电梯房,https://example.com/house/10454
丰台区,丰台区89号院6号楼15单元80室,三室一厅 丰台区优质房源,三室两厅,108.5,550.49,11层/共13层,2015年,1003,2025-08-09 21:48:37,198,学区房,https://example.com/house/10455
昌平区,昌平区69号院24号楼11单元24室,三室一厅 昌平区优质房源,三室两厅,161.8,1076.85,3层/共21层,2010年,1006,2025-03-21 21:48:37,3793,精装修,https://example.com/house/10456
海淀区,海淀区38号院1号楼5单元88室,四室两厅 海淀区优质房源,一室一厅,126.1,1023.42,19层/共23层,1994年,1002,2025-04-25 21:48:37,400,电梯房,https://example.com/house/10457
海淀区,海淀区57号院30号楼18单元22室,两室两厅 海淀区优质房源,两室两厅,93.2,1015.26,27层/共17层,2019年,1002,2026-03-06 21:48:37,958,南北通透,https://example.com/house/10458
昌平区,昌平区73号院12号楼12单元61室,三室一厅 昌平区优质房源,四室两厅,114.5,1315.73,33层/共17层,2019年,1006,2025-08-20 21:48:37,3872,带车位,https://example.com/house/10459
丰台区,丰台区65号院12号楼12单元41室,三室一厅 丰台区优质房源,两室一厅,195.3,676.19,6层/共13层,2007年,1003,2026-03-06 21:48:37,959,电梯房,https://example.com/house/10460
顺义区,顺义区88号院5号楼14单元64室,三室一厅 顺义区优质房源,两室两厅,176.3,503.79,24层/共14层,1999年,1007,2025-11-07 21:48:37,4021,电梯房,https://example.com/house/10461
顺义区,顺义区86号院30号楼14单元23室,一室一厅 顺义区优质房源,三室两厅,113.4,753.56,24层/共27层,2006年,1007,2026-01-06 21:48:37,4563,学区房,https://example.com/house/10462
西城区,西城区62号院20号楼6单元25室,四室两厅 西城区优质房源,三室一厅,75.4,540.82,7层/共15层,1991年,1004,2025-06-20 21:48:37,343,南北通透,https://example.com/house/10463
西城区,西城区1号院1号楼9单元47室,两室两厅 西城区优质房源,两室一厅,171.3,716.63,7层/共11层,2003年,1004,2025-08-23 21:48:37,4376,近地铁,https://example.com/house/10464
西城区,西城区61号院6号楼8单元33室,两室两厅 西城区优质房源,两室一厅,101.9,860.2,23层/共15层,2001年,1004,2025-04-23 21:48:37,336,电梯房,https://example.com/house/10465
顺义区,顺义区30号院2号楼3单元70室,三室两厅 顺义区优质房源,一室一厅,90.8,826.41,31层/共14层,2008年,1007,2025-03-13 21:48:37,2648,带车位,https://example.com/house/10466
丰台区,丰台区54号院21号楼5单元39室,两室两厅 丰台区优质房源,四室两厅,55.4,274.99,23层/共20层,2017年,1003,2025-04-19 21:48:37,854,带车位,https://example.com/house/10467
朝阳区,朝阳区82号院24号楼5单元5室,三室两厅 朝阳区优质房源,三室两厅,135.7,584.85,2层/共17层,2014年,1001,2025-08-15 21:48:37,3042,学区房,https://example.com/house/10468
海淀区,海淀区88号院2号楼6单元23室,三室两厅 海淀区优质房源,两室一厅,141.4,1231.71,5层/共24层,2020年,1002,2025-08-11 21:48:37,1824,带车位,https://example.com/house/10469
顺义区,顺义区26号院20号楼5单元8室,三室一厅 顺义区优质房源,三室一厅,162.6,898.55,22层/共23层,2014年,1007,2025-06-06 21:48:37,2734,南北通透,https://example.com/house/10470
丰台区,丰台区24号院6号楼7单元78室,三室一厅 丰台区优质房源,两室一厅,51.7,1370.3,14层/共12层,1992年,1003,2026-02-18 21:48:37,2815,南北通透,https://example.com/house/10471
东城区,东城区69号院28号楼1单元19室,一室一厅 东城区优质房源,两室一厅,84.1,945.98,30层/共25层,2004年,1005,2025-07-19 21:48:37,309,南北通透,https://example.com/house/10472
昌平区,昌平区10号院6号楼14单元56室,一室一厅 昌平区优质房源,一室一厅,110.0,578.4,27层/共23层,1994年,1006,2025-10-11 21:48:37,2751,近地铁,https://example.com/house/10473
昌平区,昌平区6号院19号楼17单元74室,三室两厅 昌平区优质房源,两室一厅,83.6,857.84,13层/共27层,1994年,1006,2025-03-21 21:48:37,1897,学区房,https://example.com/house/10474
海淀区,海淀区43号院6号楼5单元14室,三室一厅 海淀区优质房源,三室一厅,106.8,863.43,2层/共15层,2001年,1002,2026-02-06 21:48:37,4680,南北通透,https://example.com/house/10475
东城区,东城区65号院17号楼2单元49室,一室一厅 东城区优质房源,三室两厅,140.1,1137.81,13层/共18层,2014年,1005,2025-07-11 21:48:37,2570,电梯房,https://example.com/house/10476
昌平区,昌平区52号院14号楼8单元20室,四室两厅 昌平区优质房源,三室两厅,132.9,1378.78,15层/共18层,1993年,1006,2025-03-17 21:48:37,2711,带车位,https://example.com/house/10477
东城区,东城区32号院29号楼14单元84室,两室两厅 东城区优质房源,一室一厅,162.1,571.21,22层/共21层,2010年,1005,2025-09-07 21:48:37,3993,近地铁,https://example.com/house/10478
海淀区,海淀区22号院25号楼16单元13室,两室两厅 海淀区优质房源,三室一厅,99.1,688.19,9层/共13层,2001年,1002,2025-10-24 21:48:37,3907,南北通透,https://example.com/house/10479
顺义区,顺义区33号院4号楼8单元70室,一室一厅 顺义区优质房源,两室两厅,147.0,638.76,11层/共31层,1991年,1007,2025-07-30 21:48:37,2076,近地铁,https://example.com/house/10480
东城区,东城区47号院19号楼10单元87室,四室两厅 东城区优质房源,四室两厅,64.3,1264.03,2层/共32层,1996年,1005,2026-02-12 21:48:37,2108,带车位,https://example.com/house/10481
西城区,西城区99号院14号楼9单元54室,四室两厅 西城区优质房源,四室两厅,166.2,533.59,28层/共23层,2017年,1004,2025-07-25 21:48:37,3398,精装修,https://example.com/house/10482
海淀区,海淀区40号院17号楼15单元77室,一室一厅 海淀区优质房源,两室一厅,78.2,302.79,8层/共27层,2009年,1002,2025-09-08 21:48:37,2035,精装修,https://example.com/house/10483
丰台区,丰台区21号院12号楼7单元57室,两室一厅 丰台区优质房源,一室一厅,174.2,813.26,14层/共30层,2012年,1003,2025-04-27 21:48:37,3035,学区房,https://example.com/house/10484
昌平区,昌平区31号院30号楼18单元85室,两室两厅 昌平区优质房源,一室一厅,162.3,1420.83,22层/共17层,1995年,1006,2025-06-18 21:48:37,2945,学区房,https://example.com/house/10485
海淀区,海淀区42号院16号楼17单元95室,两室两厅 海淀区优质房源,四室两厅,151.8,426.76,15层/共25层,2020年,1002,2025-06-08 21:48:37,1607,精装修,https://example.com/house/10486
朝阳区,朝阳区20号院6号楼18单元28室,四室两厅 朝阳区优质房源,两室一厅,161.3,518.48,29层/共26层,1991年,1001,2025-04-19 21:48:37,3079,带车位,https://example.com/house/10487
昌平区,昌平区76号院30号楼14单元80室,三室一厅 昌平区优质房源,三室两厅,92.5,1312.96,22层/共20层,1997年,1006,2025-06-22 21:48:37,2954,带车位,https://example.com/house/10488
丰台区,丰台区3号院29号楼17单元86室,两室一厅 丰台区优质房源,两室一厅,142.5,1263.34,2层/共23层,1990年,1003,2026-03-01 21:48:37,2877,近地铁,https://example.com/house/10489
朝阳区,朝阳区41号院29号楼2单元45室,两室一厅 朝阳区优质房源,四室两厅,143.3,380.89,16层/共22层,1998年,1001,2025-12-14 21:48:37,2285,近地铁,https://example.com/house/10490
西城区,西城区86号院4号楼15单元73室,三室一厅 西城区优质房源,两室一厅,137.4,589.1,6层/共20层,1993年,1004,2025-12-12 21:48:37,3196,精装修,https://example.com/house/10491
顺义区,顺义区54号院16号楼9单元33室,一室一厅 顺义区优质房源,两室一厅,127.3,210.46,10层/共10层,2018年,1007,2025-08-24 21:48:37,4782,学区房,https://example.com/house/10492
东城区,东城区84号院21号楼4单元4室,三室两厅 东城区优质房源,两室一厅,83.6,766.2,4层/共20层,2012年,1005,2025-09-03 21:48:37,2890,南北通透,https://example.com/house/10493
丰台区,丰台区1号院15号楼14单元33室,三室一厅 丰台区优质房源,三室一厅,58.1,459.28,14层/共19层,2003年,1003,2025-08-03 21:48:37,218,近地铁,https://example.com/house/10494
丰台区,丰台区98号院16号楼6单元21室,三室两厅 丰台区优质房源,两室一厅,55.2,374.68,29层/共33层,2002年,1003,2025-11-18 21:48:37,3692,近地铁,https://example.com/house/10495
东城区,东城区73号院27号楼16单元57室,三室一厅 东城区优质房源,四室两厅,168.1,815.07,17层/共32层,2008年,1005,2025-04-04 21:48:37,1390,带车位,https://example.com/house/10496
西城区,西城区65号院6号楼14单元58室,三室两厅 西城区优质房源,三室一厅,65.1,1044.6,12层/共22层,2011年,1004,2026-02-14 21:48:37,2440,学区房,https://example.com/house/10497
西城区,西城区75号院8号楼11单元42室,三室两厅 西城区优质房源,三室一厅,63.2,468.01,4层/共21层,1990年,1004,2025-09-12 21:48:37,1893,南北通透,https://example.com/house/10498
朝阳区,朝阳区82号院27号楼20单元17室,一室一厅 朝阳区优质房源,一室一厅,199.1,234.26,22层/共10层,1998年,1001,2026-02-02 21:48:37,3744,电梯房,https://example.com/house/10499
顺义区,顺义区89号院8号楼3单元1室,一室一厅 顺义区优质房源,一室一厅,198.6,1491.28,20层/共26层,2012年,1007,2025-09-20 21:48:37,701,带车位,https://example.com/house/10500
昌平区,昌平区27号院20号楼4单元25室,一室一厅 昌平区优质房源,三室两厅,184.6,594.88,10层/共28层,2011年,1006,2025-06-24 21:48:37,2593,精装修,https://example.com/house/10501
海淀区,海淀区69号院25号楼19单元37室,三室一厅 海淀区优质房源,三室两厅,92.5,202.31,4层/共33层,2003年,1002,2025-07-22 21:48:37,3370,精装修,https://example.com/house/10502
海淀区,海淀区99号院8号楼6单元61室,两室一厅 海淀区优质房源,一室一厅,70.0,319.03,27层/共33层,1997年,1002,2025-03-25 21:48:37,4515,近地铁,https://example.com/house/10503
昌平区,昌平区30号院30号楼20单元9室,一室一厅 昌平区优质房源,一室一厅,159.7,344.39,3层/共14层,2010年,1006,2025-04-16 21:48:37,2911,电梯房,https://example.com/house/10504
东城区,东城区46号院27号楼8单元82室,两室一厅 东城区优质房源,两室两厅,187.3,998.17,30层/共30层,2019年,1005,2025-07-05 21:48:37,2430,精装修,https://example.com/house/10505
昌平区,昌平区82号院16号楼18单元22室,两室一厅 昌平区优质房源,一室一厅,58.5,288.63,15层/共21层,2003年,1006,2025-05-19 21:48:37,944,电梯房,https://example.com/house/10506
东城区,东城区63号院25号楼4单元14室,两室两厅 东城区优质房源,一室一厅,73.6,1054.53,22层/共30层,1991年,1005,2025-10-02 21:48:37,210,电梯房,https://example.com/house/10507
昌平区,昌平区79号院21号楼13单元7室,两室两厅 昌平区优质房源,三室两厅,122.2,1154.48,27层/共16层,2004年,1006,2025-06-11 21:48:37,3473,近地铁,https://example.com/house/10508
顺义区,顺义区40号院28号楼17单元79室,三室两厅 顺义区优质房源,一室一厅,147.6,1450.97,17层/共10层,1990年,1007,2025-07-31 21:48:37,3786,带车位,https://example.com/house/10509
朝阳区,朝阳区63号院13号楼1单元32室,三室两厅 朝阳区优质房源,三室两厅,80.7,274.7,26层/共15层,1996年,1001,2025-05-19 21:48:37,3026,电梯房,https://example.com/house/10510
西城区,西城区82号院12号楼20单元57室,三室一厅 西城区优质房源,两室两厅,134.7,675.63,28层/共31层,1993年,1004,2025-04-01 21:48:37,4933,带车位,https://example.com/house/10511
朝阳区,朝阳区94号院2号楼14单元41室,一室一厅 朝阳区优质房源,两室两厅,149.7,1364.98,17层/共28层,2009年,1001,2025-11-18 21:48:37,1726,带车位,https://example.com/house/10512
海淀区,海淀区35号院6号楼14单元81室,三室一厅 海淀区优质房源,两室两厅,175.7,1241.0,24层/共13层,2006年,1002,2025-07-08 21:48:37,800,近地铁,https://example.com/house/10513
海淀区,海淀区51号院18号楼2单元28室,两室一厅 海淀区优质房源,两室一厅,69.3,744.01,23层/共31层,2003年,1002,2025-08-26 21:48:37,3322,近地铁,https://example.com/house/10514
丰台区,丰台区28号院10号楼14单元15室,两室两厅 丰台区优质房源,三室两厅,75.5,886.03,21层/共13层,1999年,1003,2025-09-29 21:48:37,1814,学区房,https://example.com/house/10515
朝阳区,朝阳区52号院23号楼20单元51室,一室一厅 朝阳区优质房源,三室一厅,95.1,233.94,1层/共10层,2016年,1001,2025-06-05 21:48:37,1539,南北通透,https://example.com/house/10516
朝阳区,朝阳区2号院4号楼12单元59室,一室一厅 朝阳区优质房源,三室一厅,140.0,774.33,5层/共27层,2010年,1001,2025-04-03 21:48:37,712,电梯房,https://example.com/house/10517
海淀区,海淀区41号院11号楼2单元39室,三室两厅 海淀区优质房源,一室一厅,196.7,536.57,32层/共16层,2000年,1002,2025-08-09 21:48:37,1317,带车位,https://example.com/house/10518
东城区,东城区30号院1号楼13单元19室,三室一厅 东城区优质房源,两室一厅,117.4,953.47,23层/共33层,1993年,1005,2025-06-28 21:48:37,4251,精装修,https://example.com/house/10519
西城区,西城区63号院16号楼14单元59室,三室一厅 西城区优质房源,一室一厅,62.2,1238.03,23层/共29层,2013年,1004,2025-07-16 21:48:37,3298,精装修,https://example.com/house/10520
顺义区,顺义区97号院26号楼6单元60室,三室一厅 顺义区优质房源,一室一厅,51.2,219.94,17层/共30层,2018年,1007,2026-01-26 21:48:37,1328,南北通透,https://example.com/house/10521
朝阳区,朝阳区14号院5号楼19单元15室,两室两厅 朝阳区优质房源,三室一厅,118.1,872.91,30层/共19层,2002年,1001,2025-07-23 21:48:37,1075,电梯房,https://example.com/house/10522
朝阳区,朝阳区44号院20号楼9单元5室,两室一厅 朝阳区优质房源,三室两厅,56.7,1460.41,25层/共21层,2008年,1001,2025-07-14 21:48:37,3827,电梯房,https://example.com/house/10523
东城区,东城区88号院20号楼9单元47室,两室两厅 东城区优质房源,四室两厅,62.1,263.83,14层/共14层,1993年,1005,2025-04-19 21:48:37,3593,学区房,https://example.com/house/10524
东城区,东城区57号院28号楼18单元50室,一室一厅 东城区优质房源,两室两厅,148.6,662.94,13层/共14层,2020年,1005,2025-06-15 21:48:37,294,学区房,https://example.com/house/10525
东城区,东城区37号院15号楼18单元95室,三室一厅 东城区优质房源,四室两厅,90.6,1492.48,30层/共25层,2016年,1005,2025-04-04 21:48:37,3637,精装修,https://example.com/house/10526
海淀区,海淀区45号院12号楼14单元44室,三室一厅 海淀区优质房源,四室两厅,113.4,1415.91,18层/共30层,1999年,1002,2025-08-09 21:48:37,718,学区房,https://example.com/house/10527
海淀区,海淀区89号院5号楼12单元9室,两室一厅 海淀区优质房源,四室两厅,89.4,946.32,22层/共11层,1998年,1002,2026-01-02 21:48:37,4600,南北通透,https://example.com/house/10528
顺义区,顺义区21号院10号楼4单元26室,四室两厅 顺义区优质房源,三室两厅,153.1,385.31,15层/共26层,1991年,1007,2025-03-11 21:48:37,1461,近地铁,https://example.com/house/10529
东城区,东城区94号院24号楼1单元62室,四室两厅 东城区优质房源,两室一厅,194.4,891.03,28层/共12层,2007年,1005,2025-09-29 21:48:37,3754,精装修,https://example.com/house/10530
东城区,东城区68号院20号楼8单元35室,两室一厅 东城区优质房源,两室一厅,133.8,1472.55,3层/共23层,2015年,1005,2025-07-15 21:48:37,1104,南北通透,https://example.com/house/10531
丰台区,丰台区33号院13号楼16单元83室,一室一厅 丰台区优质房源,一室一厅,126.9,295.54,2层/共28层,2020年,1003,2026-01-13 21:48:37,4767,学区房,https://example.com/house/10532
东城区,东城区90号院12号楼8单元17室,三室一厅 东城区优质房源,两室两厅,132.7,1163.11,25层/共16层,1995年,1005,2025-06-09 21:48:37,4893,近地铁,https://example.com/house/10533
海淀区,海淀区96号院30号楼11单元80室,两室两厅 海淀区优质房源,四室两厅,93.1,642.65,25层/共33层,2005年,1002,2025-08-04 21:48:37,4043,学区房,https://example.com/house/10534
昌平区,昌平区78号院26号楼13单元96室,三室两厅 昌平区优质房源,一室一厅,149.0,543.79,26层/共18层,2002年,1006,2025-08-06 21:48:37,679,南北通透,https://example.com/house/10535
朝阳区,朝阳区87号院15号楼11单元68室,两室一厅 朝阳区优质房源,两室一厅,67.2,526.6,27层/共30层,1992年,1001,2025-12-15 21:48:37,254,精装修,https://example.com/house/10536
海淀区,海淀区74号院19号楼9单元28室,四室两厅 海淀区优质房源,一室一厅,181.9,534.75,11层/共21层,2010年,1002,2025-12-25 21:48:37,1771,电梯房,https://example.com/house/10537
顺义区,顺义区34号院4号楼14单元34室,一室一厅 顺义区优质房源,两室一厅,135.9,500.8,20层/共17层,2010年,1007,2026-01-22 21:48:37,1246,近地铁,https://example.com/house/10538
顺义区,顺义区32号院3号楼13单元19室,两室两厅 顺义区优质房源,两室一厅,101.3,1108.64,18层/共12层,2018年,1007,2025-04-22 21:48:37,3440,电梯房,https://example.com/house/10539
海淀区,海淀区27号院29号楼6单元77室,两室一厅 海淀区优质房源,三室一厅,116.1,230.71,19层/共15层,2018年,1002,2026-01-04 21:48:37,4252,学区房,https://example.com/house/10540
丰台区,丰台区3号院30号楼2单元59室,一室一厅 丰台区优质房源,一室一厅,130.2,352.15,22层/共20层,2003年,1003,2025-07-27 21:48:37,713,带车位,https://example.com/house/10541
朝阳区,朝阳区84号院4号楼13单元78室,三室一厅 朝阳区优质房源,三室两厅,135.8,606.73,26层/共25层,2019年,1001,2025-07-09 21:48:37,3405,南北通透,https://example.com/house/10542
东城区,东城区16号院10号楼5单元1室,四室两厅 东城区优质房源,三室一厅,190.0,657.1,13层/共12层,2012年,1005,2025-09-25 21:48:37,4250,近地铁,https://example.com/house/10543
顺义区,顺义区31号院14号楼15单元42室,两室一厅 顺义区优质房源,四室两厅,135.2,363.41,3层/共25层,1992年,1007,2025-08-20 21:48:37,3153,南北通透,https://example.com/house/10544
顺义区,顺义区49号院9号楼20单元98室,四室两厅 顺义区优质房源,一室一厅,86.4,1264.45,9层/共11层,2003年,1007,2025-09-25 21:48:37,3581,学区房,https://example.com/house/10545
昌平区,昌平区37号院30号楼9单元66室,两室一厅 昌平区优质房源,两室一厅,178.6,838.1,14层/共29层,2013年,1006,2025-09-11 21:48:37,4051,南北通透,https://example.com/house/10546
丰台区,丰台区44号院22号楼5单元68室,三室两厅 丰台区优质房源,三室一厅,142.8,1262.16,32层/共14层,1998年,1003,2025-07-01 21:48:37,141,带车位,https://example.com/house/10547
西城区,西城区62号院16号楼17单元77室,两室两厅 西城区优质房源,三室一厅,68.0,830.72,24层/共29层,2006年,1004,2025-11-11 21:48:37,1624,南北通透,https://example.com/house/10548
顺义区,顺义区32号院15号楼16单元86室,三室两厅 顺义区优质房源,三室两厅,134.6,463.01,21层/共25层,1996年,1007,2025-04-04 21:48:37,3897,精装修,https://example.com/house/10549
东城区,东城区78号院21号楼9单元25室,两室一厅 东城区优质房源,三室两厅,85.8,588.64,8层/共30层,1994年,1005,2025-11-21 21:48:37,2323,南北通透,https://example.com/house/10550
东城区,东城区20号院6号楼16单元11室,两室两厅 东城区优质房源,两室两厅,190.3,909.91,8层/共19层,1997年,1005,2025-09-20 21:48:37,2801,带车位,https://example.com/house/10551
西城区,西城区89号院13号楼15单元99室,两室一厅 西城区优质房源,一室一厅,165.6,385.86,29层/共11层,2011年,1004,2026-01-18 21:48:37,1803,南北通透,https://example.com/house/10552
顺义区,顺义区60号院8号楼20单元53室,三室一厅 顺义区优质房源,两室一厅,85.9,399.28,16层/共15层,2002年,1007,2026-02-10 21:48:37,10,电梯房,https://example.com/house/10553
东城区,东城区86号院1号楼10单元69室,三室两厅 东城区优质房源,两室两厅,81.7,337.2,31层/共24层,2009年,1005,2025-09-16 21:48:37,4859,电梯房,https://example.com/house/10554
顺义区,顺义区91号院24号楼15单元56室,两室一厅 顺义区优质房源,两室一厅,135.8,1423.19,1层/共18层,1996年,1007,2025-09-16 21:48:37,2439,近地铁,https://example.com/house/10555
顺义区,顺义区14号院27号楼2单元61室,一室一厅 顺义区优质房源,一室一厅,155.4,875.93,1层/共11层,1996年,1007,2025-11-28 21:48:37,4148,南北通透,https://example.com/house/10556
西城区,西城区19号院7号楼3单元23室,两室两厅 西城区优质房源,三室两厅,111.6,1177.08,33层/共19层,2016年,1004,2025-03-25 21:48:37,416,学区房,https://example.com/house/10557
顺义区,顺义区94号院26号楼14单元53室,两室两厅 顺义区优质房源,四室两厅,136.1,820.73,32层/共29层,1992年,1007,2025-12-30 21:48:37,4564,精装修,https://example.com/house/10558
丰台区,丰台区3号院18号楼1单元21室,两室两厅 丰台区优质房源,两室一厅,171.7,1135.92,14层/共25层,2002年,1003,2026-03-01 21:48:37,2962,近地铁,https://example.com/house/10559
海淀区,海淀区26号院25号楼14单元91室,三室两厅 海淀区优质房源,三室两厅,68.8,502.52,21层/共22层,2001年,1002,2025-04-07 21:48:37,3669,精装修,https://example.com/house/10560
东城区,东城区84号院7号楼6单元79室,四室两厅 东城区优质房源,一室一厅,139.2,717.8,25层/共12层,2019年,1005,2025-10-30 21:48:37,2313,精装修,https://example.com/house/10561
东城区,东城区44号院2号楼5单元93室,两室两厅 东城区优质房源,一室一厅,170.5,716.17,13层/共27层,2003年,1005,2025-03-15 21:48:37,1820,电梯房,https://example.com/house/10562
顺义区,顺义区86号院12号楼9单元18室,四室两厅 顺义区优质房源,三室两厅,89.6,295.67,13层/共10层,1992年,1007,2025-08-04 21:48:37,3320,近地铁,https://example.com/house/10563
昌平区,昌平区74号院10号楼4单元86室,三室一厅 昌平区优质房源,一室一厅,91.3,537.81,23层/共17层,2011年,1006,2025-08-04 21:48:37,578,近地铁,https://example.com/house/10564
西城区,西城区44号院8号楼8单元44室,两室一厅 西城区优质房源,四室两厅,82.2,420.55,29层/共22层,1993年,1004,2025-05-11 21:48:37,2389,南北通透,https://example.com/house/10565
西城区,西城区43号院5号楼9单元48室,一室一厅 西城区优质房源,三室一厅,194.1,950.93,3层/共22层,2001年,1004,2026-02-24 21:48:37,2423,学区房,https://example.com/house/10566
昌平区,昌平区81号院5号楼4单元15室,四室两厅 昌平区优质房源,一室一厅,96.4,880.83,18层/共14层,1997年,1006,2025-03-25 21:48:37,4584,近地铁,https://example.com/house/10567
顺义区,顺义区47号院17号楼7单元27室,三室一厅 顺义区优质房源,三室两厅,154.3,394.53,13层/共24层,1991年,1007,2025-08-23 21:48:37,3605,南北通透,https://example.com/house/10568
顺义区,顺义区57号院7号楼17单元46室,两室两厅 顺义区优质房源,三室两厅,101.0,1066.38,9层/共25层,2014年,1007,2025-09-09 21:48:37,1567,南北通透,https://example.com/house/10569
东城区,东城区81号院19号楼5单元11室,三室两厅 东城区优质房源,两室一厅,168.9,1409.81,1层/共26层,1995年,1005,2026-01-12 21:48:37,4029,学区房,https://example.com/house/10570
顺义区,顺义区15号院30号楼19单元53室,一室一厅 顺义区优质房源,两室一厅,188.7,652.16,22层/共14层,2017年,1007,2025-08-19 21:48:37,1201,学区房,https://example.com/house/10571
东城区,东城区57号院18号楼14单元74室,三室一厅 东城区优质房源,两室两厅,177.5,1007.14,15层/共26层,1996年,1005,2025-09-22 21:48:37,169,近地铁,https://example.com/house/10572
西城区,西城区31号院30号楼8单元59室,两室两厅 西城区优质房源,四室两厅,87.9,404.85,1层/共14层,2002年,1004,2025-10-23 21:48:37,2901,南北通透,https://example.com/house/10573
西城区,西城区65号院26号楼4单元96室,一室一厅 西城区优质房源,四室两厅,197.2,742.78,30层/共10层,2015年,1004,2025-09-19 21:48:37,3831,南北通透,https://example.com/house/10574
丰台区,丰台区43号院6号楼15单元9室,两室两厅 丰台区优质房源,三室一厅,190.5,240.57,14层/共13层,1993年,1003,2025-10-12 21:48:37,3212,精装修,https://example.com/house/10575
海淀区,海淀区37号院23号楼3单元6室,三室一厅 海淀区优质房源,两室两厅,170.0,727.8,23层/共24层,2006年,1002,2025-04-24 21:48:37,1268,精装修,https://example.com/house/10576
东城区,东城区58号院21号楼13单元85室,四室两厅 东城区优质房源,三室两厅,108.6,647.31,12层/共10层,1990年,1005,2025-11-01 21:48:37,2643,带车位,https://example.com/house/10577
朝阳区,朝阳区37号院5号楼1单元39室,三室一厅 朝阳区优质房源,两室一厅,162.3,458.08,22层/共23层,2017年,1001,2025-12-15 21:48:37,3067,带车位,https://example.com/house/10578
朝阳区,朝阳区42号院13号楼6单元58室,三室一厅 朝阳区优质房源,两室一厅,99.4,619.9,7层/共31层,2010年,1001,2025-06-27 21:48:37,1284,带车位,https://example.com/house/10579
朝阳区,朝阳区35号院2号楼2单元58室,两室一厅 朝阳区优质房源,两室两厅,68.8,408.29,12层/共18层,2007年,1001,2025-05-12 21:48:37,3248,学区房,https://example.com/house/10580
西城区,西城区90号院22号楼10单元74室,两室两厅 西城区优质房源,三室一厅,192.6,1215.37,18层/共11层,2004年,1004,2025-10-20 21:48:37,4815,学区房,https://example.com/house/10581
顺义区,顺义区83号院15号楼5单元98室,两室一厅 顺义区优质房源,三室两厅,102.9,1109.33,17层/共16层,1996年,1007,2025-09-20 21:48:37,136,南北通透,https://example.com/house/10582
丰台区,丰台区21号院12号楼4单元55室,一室一厅 丰台区优质房源,四室两厅,152.4,863.47,8层/共12层,2017年,1003,2025-03-30 21:48:37,1816,南北通透,https://example.com/house/10583
西城区,西城区97号院2号楼11单元89室,三室一厅 西城区优质房源,两室一厅,116.3,1387.88,23层/共30层,2014年,1004,2025-09-22 21:48:37,4287,近地铁,https://example.com/house/10584
海淀区,海淀区62号院3号楼7单元39室,三室一厅 海淀区优质房源,一室一厅,91.7,1159.98,10层/共15层,1995年,1002,2026-02-13 21:48:37,1803,电梯房,https://example.com/house/10585
东城区,东城区75号院9号楼7单元60室,三室两厅 东城区优质房源,三室一厅,142.4,999.39,7层/共18层,2001年,1005,2025-07-28 21:48:37,540,精装修,https://example.com/house/10586
顺义区,顺义区67号院7号楼6单元8室,一室一厅 顺义区优质房源,四室两厅,76.3,1309.7,27层/共25层,1999年,1007,2025-08-28 21:48:37,3513,近地铁,https://example.com/house/10587
丰台区,丰台区36号院16号楼2单元90室,三室一厅 丰台区优质房源,三室两厅,197.1,1023.13,3层/共22层,1990年,1003,2025-06-22 21:48:37,2415,电梯房,https://example.com/house/10588
东城区,东城区26号院9号楼17单元26室,三室两厅 东城区优质房源,一室一厅,78.5,1231.63,22层/共23层,2017年,1005,2025-05-15 21:48:37,923,学区房,https://example.com/house/10589
朝阳区,朝阳区39号院27号楼8单元50室,三室一厅 朝阳区优质房源,四室两厅,112.8,952.36,16层/共17层,1996年,1001,2025-07-03 21:48:37,3332,精装修,https://example.com/house/10590
海淀区,海淀区17号院24号楼6单元78室,两室一厅 海淀区优质房源,四室两厅,182.7,1200.9,11层/共26层,2018年,1002,2025-07-26 21:48:37,2412,电梯房,https://example.com/house/10591
昌平区,昌平区66号院12号楼2单元99室,一室一厅 昌平区优质房源,一室一厅,137.6,747.17,5层/共22层,2014年,1006,2025-07-11 21:48:37,3722,南北通透,https://example.com/house/10592
西城区,西城区1号院15号楼14单元68室,三室一厅 西城区优质房源,四室两厅,134.8,406.96,30层/共17层,2000年,1004,2026-01-17 21:48:37,2397,学区房,https://example.com/house/10593
顺义区,顺义区34号院7号楼3单元64室,两室一厅 顺义区优质房源,三室一厅,150.9,927.51,13层/共15层,2001年,1007,2025-03-26 21:48:37,308,南北通透,https://example.com/house/10594
昌平区,昌平区56号院20号楼17单元8室,四室两厅 昌平区优质房源,一室一厅,95.1,506.75,8层/共12层,2008年,1006,2025-10-12 21:48:37,197,精装修,https://example.com/house/10595
东城区,东城区86号院15号楼10单元73室,两室两厅 东城区优质房源,四室两厅,89.1,617.97,25层/共31层,2018年,1005,2026-02-24 21:48:37,1860,电梯房,https://example.com/house/10596
丰台区,丰台区61号院16号楼13单元88室,四室两厅 丰台区优质房源,三室两厅,148.5,538.55,24层/共16层,1995年,1003,2026-01-21 21:48:37,296,电梯房,https://example.com/house/10597
顺义区,顺义区87号院25号楼13单元3室,三室一厅 顺义区优质房源,两室一厅,53.9,1360.72,14层/共12层,2011年,1007,2025-05-31 21:48:37,2069,精装修,https://example.com/house/10598
朝阳区,朝阳区28号院24号楼8单元49室,三室两厅 朝阳区优质房源,两室一厅,87.2,325.88,7层/共19层,2014年,1001,2025-04-21 21:48:37,3929,精装修,https://example.com/house/10599
昌平区,昌平区93号院14号楼15单元3室,三室两厅 昌平区优质房源,一室一厅,193.6,750.22,2层/共19层,2019年,1006,2025-11-26 21:48:37,476,带车位,https://example.com/house/10600
西城区,西城区24号院14号楼14单元22室,两室一厅 西城区优质房源,两室一厅,151.4,841.17,30层/共16层,2011年,1004,2025-04-28 21:48:37,1553,带车位,https://example.com/house/10601
西城区,西城区77号院21号楼5单元77室,四室两厅 西城区优质房源,四室两厅,80.8,338.14,25层/共17层,2012年,1004,2025-08-02 21:48:37,1037,近地铁,https://example.com/house/10602
西城区,西城区47号院14号楼5单元22室,两室一厅 西城区优质房源,两室两厅,145.5,332.84,26层/共25层,2006年,1004,2025-05-17 21:48:37,4733,精装修,https://example.com/house/10603
东城区,东城区83号院4号楼9单元84室,三室两厅 东城区优质房源,四室两厅,135.4,1421.31,32层/共28层,2009年,1005,2026-01-21 21:48:37,2041,南北通透,https://example.com/house/10604
朝阳区,朝阳区34号院14号楼19单元39室,三室两厅 朝阳区优质房源,三室两厅,130.7,268.74,13层/共17层,1997年,1001,2025-10-11 21:48:37,2328,学区房,https://example.com/house/10605
顺义区,顺义区86号院25号楼12单元22室,三室两厅 顺义区优质房源,一室一厅,51.8,1382.54,6层/共18层,2010年,1007,2026-01-08 21:48:37,573,南北通透,https://example.com/house/10606
东城区,东城区30号院18号楼18单元35室,两室一厅 东城区优质房源,一室一厅,129.2,707.03,2层/共17层,2015年,1005,2025-11-21 21:48:37,2346,电梯房,https://example.com/house/10607
朝阳区,朝阳区95号院27号楼13单元48室,两室两厅 朝阳区优质房源,两室两厅,133.8,1379.82,24层/共25层,2006年,1001,2025-08-08 21:48:37,4669,学区房,https://example.com/house/10608
丰台区,丰台区97号院15号楼7单元50室,一室一厅 丰台区优质房源,四室两厅,65.6,703.77,28层/共17层,2011年,1003,2026-01-19 21:48:37,2123,电梯房,https://example.com/house/10609
丰台区,丰台区4号院11号楼6单元75室,三室两厅 丰台区优质房源,一室一厅,118.1,677.22,17层/共26层,2005年,1003,2026-01-16 21:48:37,930,电梯房,https://example.com/house/10610
丰台区,丰台区89号院29号楼5单元43室,两室两厅 丰台区优质房源,一室一厅,103.9,566.38,28层/共24层,1995年,1003,2025-09-06 21:48:37,3390,南北通透,https://example.com/house/10611
海淀区,海淀区36号院18号楼11单元14室,两室一厅 海淀区优质房源,一室一厅,146.8,1258.68,14层/共23层,1996年,1002,2025-09-20 21:48:37,668,带车位,https://example.com/house/10612
东城区,东城区22号院21号楼20单元50室,一室一厅 东城区优质房源,两室两厅,58.9,1440.36,1层/共28层,1998年,1005,2025-05-10 21:48:37,212,带车位,https://example.com/house/10613
昌平区,昌平区98号院18号楼16单元72室,三室两厅 昌平区优质房源,两室两厅,90.9,252.8,26层/共18层,1999年,1006,2026-01-25 21:48:37,4195,电梯房,https://example.com/house/10614
丰台区,丰台区18号院18号楼1单元34室,两室一厅 丰台区优质房源,三室一厅,192.3,857.16,4层/共28层,1993年,1003,2025-09-11 21:48:37,1762,南北通透,https://example.com/house/10615
西城区,西城区81号院27号楼15单元23室,四室两厅 西城区优质房源,三室两厅,157.0,1244.43,13层/共18层,2017年,1004,2025-05-27 21:48:37,495,精装修,https://example.com/house/10616
昌平区,昌平区66号院20号楼15单元17室,两室两厅 昌平区优质房源,三室一厅,161.7,477.42,13层/共25层,2009年,1006,2025-04-30 21:48:37,3436,精装修,https://example.com/house/10617
海淀区,海淀区61号院30号楼14单元69室,两室两厅 海淀区优质房源,一室一厅,69.4,212.48,4层/共24层,1993年,1002,2026-02-13 21:48:37,2817,带车位,https://example.com/house/10618
东城区,东城区33号院3号楼11单元22室,两室两厅 东城区优质房源,两室两厅,66.6,432.83,10层/共31层,2000年,1005,2025-05-01 21:48:37,4443,电梯房,https://example.com/house/10619
东城区,东城区3号院16号楼8单元68室,四室两厅 东城区优质房源,两室一厅,146.5,704.55,10层/共29层,1998年,1005,2025-12-16 21:48:37,2061,带车位,https://example.com/house/10620
顺义区,顺义区46号院28号楼4单元3室,两室一厅 顺义区优质房源,两室一厅,99.1,1402.75,25层/共15层,2005年,1007,2026-02-24 21:48:37,1614,学区房,https://example.com/house/10621
顺义区,顺义区56号院7号楼13单元67室,三室两厅 顺义区优质房源,两室两厅,100.8,1116.44,22层/共32层,2015年,1007,2025-05-09 21:48:37,256,精装修,https://example.com/house/10622
东城区,东城区62号院23号楼3单元51室,三室两厅 东城区优质房源,一室一厅,174.4,984.32,17层/共32层,2009年,1005,2026-03-04 21:48:37,4322,南北通透,https://example.com/house/10623
海淀区,海淀区38号院4号楼10单元57室,一室一厅 海淀区优质房源,两室一厅,116.7,746.72,33层/共31层,2011年,1002,2026-02-04 21:48:37,1567,带车位,https://example.com/house/10624
朝阳区,朝阳区70号院3号楼8单元9室,四室两厅 朝阳区优质房源,三室一厅,134.4,1080.55,1层/共12层,1990年,1001,2025-08-15 21:48:37,3023,带车位,https://example.com/house/10625
丰台区,丰台区96号院7号楼9单元15室,三室一厅 丰台区优质房源,两室一厅,147.4,832.43,28层/共15层,1998年,1003,2025-03-17 21:48:37,2393,带车位,https://example.com/house/10626
东城区,东城区44号院18号楼20单元37室,两室一厅 东城区优质房源,三室两厅,79.4,515.28,29层/共21层,2005年,1005,2025-08-27 21:48:37,3581,近地铁,https://example.com/house/10627
顺义区,顺义区28号院19号楼2单元21室,四室两厅 顺义区优质房源,三室一厅,110.0,774.81,1层/共27层,2010年,1007,2025-06-19 21:48:37,360,南北通透,https://example.com/house/10628
海淀区,海淀区17号院18号楼5单元16室,四室两厅 海淀区优质房源,两室两厅,116.4,1245.4,8层/共25层,2017年,1002,2026-01-13 21:48:37,2616,电梯房,https://example.com/house/10629
昌平区,昌平区71号院5号楼13单元40室,四室两厅 昌平区优质房源,两室一厅,81.6,822.74,16层/共23层,1995年,1006,2025-06-21 21:48:37,2777,学区房,https://example.com/house/10630
海淀区,海淀区90号院24号楼18单元26室,三室两厅 海淀区优质房源,三室两厅,54.8,1139.77,14层/共29层,2002年,1002,2025-04-29 21:48:37,3120,电梯房,https://example.com/house/10631
西城区,西城区84号院15号楼4单元92室,三室一厅 西城区优质房源,四室两厅,54.8,541.43,21层/共18层,2010年,1004,2025-10-27 21:48:37,4074,南北通透,https://example.com/house/10632
东城区,东城区42号院17号楼8单元59室,三室两厅 东城区优质房源,三室两厅,180.2,1326.93,22层/共13层,1992年,1005,2025-09-10 21:48:37,3384,电梯房,https://example.com/house/10633
昌平区,昌平区64号院26号楼19单元94室,两室两厅 昌平区优质房源,一室一厅,178.4,1150.24,26层/共22层,2009年,1006,2026-01-29 21:48:37,2381,近地铁,https://example.com/house/10634
顺义区,顺义区91号院21号楼3单元87室,一室一厅 顺义区优质房源,一室一厅,179.4,641.17,27层/共23层,2019年,1007,2025-03-25 21:48:37,419,精装修,https://example.com/house/10635
丰台区,丰台区42号院19号楼16单元67室,一室一厅 丰台区优质房源,三室一厅,188.8,1117.65,22层/共27层,2002年,1003,2025-05-21 21:48:37,4352,精装修,https://example.com/house/10636
海淀区,海淀区67号院26号楼7单元10室,两室一厅 海淀区优质房源,两室两厅,93.6,730.45,26层/共18层,2016年,1002,2025-06-06 21:48:37,3042,南北通透,https://example.com/house/10637
丰台区,丰台区49号院9号楼8单元18室,一室一厅 丰台区优质房源,四室两厅,181.9,315.18,30层/共31层,1998年,1003,2025-08-26 21:48:37,105,带车位,https://example.com/house/10638
丰台区,丰台区90号院11号楼2单元9室,一室一厅 丰台区优质房源,一室一厅,102.3,841.22,19层/共22层,1998年,1003,2026-02-17 21:48:37,4525,近地铁,https://example.com/house/10639
顺义区,顺义区95号院19号楼17单元68室,四室两厅 顺义区优质房源,两室一厅,90.7,1443.23,33层/共24层,2008年,1007,2025-08-29 21:48:37,4750,带车位,https://example.com/house/10640
昌平区,昌平区42号院9号楼15单元8室,两室一厅 昌平区优质房源,三室一厅,53.6,672.18,32层/共14层,2007年,1006,2026-02-16 21:48:37,4970,精装修,https://example.com/house/10641
丰台区,丰台区67号院25号楼3单元98室,三室一厅 丰台区优质房源,三室两厅,197.7,742.4,20层/共33层,2001年,1003,2025-08-31 21:48:37,4084,学区房,https://example.com/house/10642
昌平区,昌平区51号院28号楼14单元85室,一室一厅 昌平区优质房源,两室一厅,143.3,965.12,12层/共19层,2005年,1006,2025-06-17 21:48:37,733,精装修,https://example.com/house/10643
顺义区,顺义区29号院29号楼13单元89室,两室一厅 顺义区优质房源,两室一厅,102.0,441.42,6层/共16层,2020年,1007,2026-02-24 21:48:37,2834,精装修,https://example.com/house/10644
丰台区,丰台区27号院7号楼14单元89室,两室两厅 丰台区优质房源,三室一厅,198.8,431.9,2层/共20层,2015年,1003,2025-03-18 21:48:37,1424,近地铁,https://example.com/house/10645
顺义区,顺义区26号院4号楼13单元94室,三室两厅 顺义区优质房源,一室一厅,129.3,272.64,4层/共27层,2007年,1007,2025-11-28 21:48:37,1223,学区房,https://example.com/house/10646
丰台区,丰台区30号院24号楼19单元94室,两室两厅 丰台区优质房源,三室两厅,185.6,784.23,3层/共27层,2012年,1003,2025-04-02 21:48:37,3301,近地铁,https://example.com/house/10647
昌平区,昌平区9号院26号楼1单元76室,三室一厅 昌平区优质房源,一室一厅,193.7,402.45,10层/共23层,2000年,1006,2025-04-03 21:48:37,2320,南北通透,https://example.com/house/10648
顺义区,顺义区88号院1号楼14单元94室,三室两厅 顺义区优质房源,三室两厅,90.1,448.0,14层/共28层,2006年,1007,2025-11-14 21:48:37,414,近地铁,https://example.com/house/10649
丰台区,丰台区93号院25号楼14单元65室,三室一厅 丰台区优质房源,一室一厅,132.3,837.08,8层/共23层,2020年,1003,2025-10-16 21:48:37,4840,电梯房,https://example.com/house/10650
顺义区,顺义区74号院19号楼18单元4室,三室一厅 顺义区优质房源,两室两厅,66.2,1177.6,18层/共26层,1990年,1007,2025-11-19 21:48:37,582,带车位,https://example.com/house/10651
西城区,西城区86号院26号楼16单元7室,两室一厅 西城区优质房源,两室一厅,159.1,676.19,7层/共22层,1998年,1004,2025-05-21 21:48:37,4152,学区房,https://example.com/house/10652
朝阳区,朝阳区97号院14号楼15单元23室,两室一厅 朝阳区优质房源,两室一厅,63.1,836.16,19层/共18层,1996年,1001,2025-08-17 21:48:37,143,近地铁,https://example.com/house/10653
丰台区,丰台区46号院21号楼6单元58室,三室一厅 丰台区优质房源,三室一厅,127.4,962.04,32层/共19层,1999年,1003,2026-01-14 21:48:37,3276,带车位,https://example.com/house/10654
丰台区,丰台区9号院9号楼8单元16室,三室两厅 丰台区优质房源,三室一厅,61.8,914.83,9层/共14层,2002年,1003,2026-02-05 21:48:37,3369,电梯房,https://example.com/house/10655
西城区,西城区19号院14号楼3单元93室,四室两厅 西城区优质房源,一室一厅,77.8,932.24,10层/共20层,1999年,1004,2025-09-22 21:48:37,4114,电梯房,https://example.com/house/10656
顺义区,顺义区73号院26号楼10单元7室,四室两厅 顺义区优质房源,两室一厅,163.2,533.34,2层/共25层,2020年,1007,2025-06-20 21:48:37,1158,南北通透,https://example.com/house/10657
顺义区,顺义区8号院18号楼17单元15室,一室一厅 顺义区优质房源,四室两厅,101.6,617.08,9层/共12层,2004年,1007,2025-10-06 21:48:37,765,近地铁,https://example.com/house/10658
西城区,西城区45号院4号楼10单元91室,三室一厅 西城区优质房源,三室两厅,151.9,676.19,30层/共18层,1990年,1004,2026-01-09 21:48:37,3570,南北通透,https://example.com/house/10659
西城区,西城区52号院7号楼7单元29室,两室两厅 西城区优质房源,三室一厅,68.8,1333.76,12层/共31层,2015年,1004,2025-06-22 21:48:37,3688,电梯房,https://example.com/house/10660
西城区,西城区69号院3号楼15单元17室,四室两厅 西城区优质房源,三室两厅,61.0,1366.08,21层/共28层,1996年,1004,2025-09-24 21:48:37,4029,带车位,https://example.com/house/10661
丰台区,丰台区21号院28号楼9单元61室,四室两厅 丰台区优质房源,两室两厅,190.3,232.64,9层/共30层,1997年,1003,2025-09-22 21:48:37,3293,近地铁,https://example.com/house/10662
顺义区,顺义区97号院7号楼19单元88室,一室一厅 顺义区优质房源,三室一厅,51.7,365.21,14层/共20层,1993年,1007,2025-04-06 21:48:37,919,南北通透,https://example.com/house/10663
西城区,西城区98号院4号楼19单元26室,三室一厅 西城区优质房源,三室一厅,84.5,422.69,27层/共15层,1993年,1004,2026-01-31 21:48:37,2970,精装修,https://example.com/house/10664
丰台区,丰台区32号院25号楼8单元74室,两室两厅 丰台区优质房源,三室两厅,86.6,623.48,7层/共29层,2008年,1003,2025-05-01 21:48:37,428,带车位,https://example.com/house/10665
顺义区,顺义区38号院15号楼2单元74室,一室一厅 顺义区优质房源,四室两厅,187.6,1204.66,5层/共25层,2018年,1007,2025-12-25 21:48:37,1673,学区房,https://example.com/house/10666
海淀区,海淀区44号院5号楼10单元87室,三室两厅 海淀区优质房源,四室两厅,126.3,1214.53,25层/共17层,1996年,1002,2025-11-20 21:48:37,4473,电梯房,https://example.com/house/10667
昌平区,昌平区63号院7号楼14单元48室,三室一厅 昌平区优质房源,三室一厅,182.8,1282.93,4层/共27层,2015年,1006,2025-03-16 21:48:37,1404,南北通透,https://example.com/house/10668
西城区,西城区57号院4号楼10单元32室,三室两厅 西城区优质房源,两室一厅,103.6,689.33,19层/共19层,1992年,1004,2025-11-27 21:48:37,4867,南北通透,https://example.com/house/10669
丰台区,丰台区34号院4号楼9单元49室,三室两厅 丰台区优质房源,两室一厅,107.1,490.0,4层/共18层,2020年,1003,2025-06-21 21:48:37,58,带车位,https://example.com/house/10670
朝阳区,朝阳区53号院3号楼16单元83室,两室两厅 朝阳区优质房源,三室一厅,78.8,1030.7,3层/共11层,2001年,1001,2025-11-08 21:48:37,2598,近地铁,https://example.com/house/10671
海淀区,海淀区68号院26号楼4单元23室,三室一厅 海淀区优质房源,两室两厅,75.2,1090.24,3层/共24层,2012年,1002,2025-08-24 21:48:37,1032,南北通透,https://example.com/house/10672
顺义区,顺义区35号院22号楼9单元8室,四室两厅 顺义区优质房源,三室两厅,77.9,469.82,17层/共14层,2000年,1007,2025-07-30 21:48:37,748,精装修,https://example.com/house/10673
朝阳区,朝阳区98号院4号楼2单元12室,两室两厅 朝阳区优质房源,两室两厅,166.8,1242.28,12层/共23层,2000年,1001,2026-01-06 21:48:37,2021,带车位,https://example.com/house/10674
海淀区,海淀区33号院10号楼9单元36室,两室一厅 海淀区优质房源,两室两厅,177.7,898.15,27层/共18层,1998年,1002,2025-05-07 21:48:37,1697,精装修,https://example.com/house/10675
昌平区,昌平区25号院22号楼9单元28室,两室一厅 昌平区优质房源,三室一厅,115.6,743.21,25层/共20层,2019年,1006,2026-01-20 21:48:37,1608,电梯房,https://example.com/house/10676
顺义区,顺义区59号院16号楼17单元38室,两室一厅 顺义区优质房源,两室一厅,63.6,1297.07,3层/共22层,1991年,1007,2025-11-04 21:48:37,4278,近地铁,https://example.com/house/10677
西城区,西城区94号院28号楼19单元29室,一室一厅 西城区优质房源,一室一厅,130.6,470.68,30层/共21层,1995年,1004,2025-04-16 21:48:37,3357,带车位,https://example.com/house/10678
西城区,西城区53号院5号楼1单元68室,一室一厅 西城区优质房源,三室一厅,167.8,367.34,29层/共31层,2007年,1004,2025-06-08 21:48:37,1918,精装修,https://example.com/house/10679
海淀区,海淀区70号院27号楼5单元97室,两室两厅 海淀区优质房源,三室一厅,104.3,559.86,31层/共24层,1996年,1002,2026-01-07 21:48:37,766,南北通透,https://example.com/house/10680
昌平区,昌平区64号院6号楼20单元19室,两室一厅 昌平区优质房源,三室两厅,82.4,749.81,5层/共25层,2012年,1006,2025-11-04 21:48:37,733,近地铁,https://example.com/house/10681
昌平区,昌平区98号院9号楼5单元35室,两室两厅 昌平区优质房源,三室一厅,139.8,1195.66,26层/共30层,2003年,1006,2025-04-07 21:48:37,3334,电梯房,https://example.com/house/10682
西城区,西城区58号院26号楼10单元9室,三室两厅 西城区优质房源,四室两厅,114.3,780.62,18层/共20层,2000年,1004,2025-08-31 21:48:37,3422,近地铁,https://example.com/house/10683
海淀区,海淀区29号院9号楼13单元5室,三室一厅 海淀区优质房源,三室一厅,167.3,349.58,10层/共13层,2011年,1002,2025-08-17 21:48:37,801,近地铁,https://example.com/house/10684
朝阳区,朝阳区51号院26号楼9单元27室,四室两厅 朝阳区优质房源,两室一厅,115.4,1060.77,1层/共11层,2010年,1001,2025-10-23 21:48:37,4818,精装修,https://example.com/house/10685
顺义区,顺义区56号院19号楼20单元5室,四室两厅 顺义区优质房源,两室一厅,183.4,1014.86,25层/共31层,2005年,1007,2025-10-12 21:48:37,535,近地铁,https://example.com/house/10686
朝阳区,朝阳区94号院17号楼1单元11室,四室两厅 朝阳区优质房源,两室两厅,137.2,1127.64,3层/共22层,1993年,1001,2025-07-05 21:48:37,1474,电梯房,https://example.com/house/10687
海淀区,海淀区18号院29号楼1单元44室,一室一厅 海淀区优质房源,一室一厅,88.7,1016.75,18层/共17层,1998年,1002,2026-03-06 21:48:37,2902,电梯房,https://example.com/house/10688
昌平区,昌平区33号院12号楼20单元90室,三室一厅 昌平区优质房源,两室两厅,90.1,1262.96,15层/共27层,1999年,1006,2025-04-26 21:48:37,4738,带车位,https://example.com/house/10689
丰台区,丰台区87号院11号楼16单元80室,一室一厅 丰台区优质房源,三室一厅,187.4,1013.75,4层/共16层,1998年,1003,2025-07-14 21:48:37,3377,精装修,https://example.com/house/10690
西城区,西城区77号院21号楼17单元5室,三室两厅 西城区优质房源,两室一厅,65.5,1196.31,8层/共27层,2003年,1004,2025-11-01 21:48:37,4743,精装修,https://example.com/house/10691
丰台区,丰台区58号院14号楼7单元13室,两室两厅 丰台区优质房源,两室两厅,170.9,1405.13,18层/共30层,1994年,1003,2025-12-17 21:48:37,984,近地铁,https://example.com/house/10692
海淀区,海淀区80号院20号楼5单元24室,四室两厅 海淀区优质房源,两室两厅,154.6,669.38,13层/共19层,2019年,1002,2025-06-25 21:48:37,4564,近地铁,https://example.com/house/10693
海淀区,海淀区38号院4号楼2单元49室,一室一厅 海淀区优质房源,三室两厅,152.9,808.53,12层/共14层,1997年,1002,2026-02-23 21:48:37,3921,带车位,https://example.com/house/10694
海淀区,海淀区88号院23号楼2单元5室,三室两厅 海淀区优质房源,三室两厅,96.7,1468.86,29层/共16层,1990年,1002,2025-07-27 21:48:37,4424,精装修,https://example.com/house/10695
西城区,西城区85号院30号楼11单元70室,三室一厅 西城区优质房源,三室两厅,193.6,1232.14,17层/共28层,2009年,1004,2025-11-16 21:48:37,3030,近地铁,https://example.com/house/10696
顺义区,顺义区85号院16号楼14单元48室,三室两厅 顺义区优质房源,一室一厅,60.0,418.83,18层/共32层,2018年,1007,2026-03-02 21:48:37,132,近地铁,https://example.com/house/10697
东城区,东城区79号院5号楼7单元3室,四室两厅 东城区优质房源,两室一厅,130.8,269.15,23层/共12层,2008年,1005,2025-11-01 21:48:37,766,精装修,https://example.com/house/10698
海淀区,海淀区35号院7号楼13单元80室,两室一厅 海淀区优质房源,四室两厅,190.8,1100.93,33层/共25层,2010年,1002,2025-12-06 21:48:37,575,学区房,https://example.com/house/10699
顺义区,顺义区83号院9号楼9单元14室,两室一厅 顺义区优质房源,三室两厅,108.5,574.16,23层/共23层,1991年,1007,2025-08-14 21:48:37,3739,带车位,https://example.com/house/10700
西城区,西城区8号院22号楼8单元44室,两室一厅 西城区优质房源,三室一厅,76.5,1235.05,32层/共17层,1996年,1004,2025-10-16 21:48:37,1689,南北通透,https://example.com/house/10701
海淀区,海淀区87号院25号楼9单元38室,两室一厅 海淀区优质房源,三室一厅,73.8,824.8,7层/共23层,2005年,1002,2025-10-30 21:48:37,2918,近地铁,https://example.com/house/10702
丰台区,丰台区38号院20号楼9单元77室,四室两厅 丰台区优质房源,一室一厅,199.2,1094.46,23层/共21层,2006年,1003,2025-06-10 21:48:37,4099,南北通透,https://example.com/house/10703
朝阳区,朝阳区97号院22号楼5单元86室,四室两厅 朝阳区优质房源,两室两厅,152.4,1422.68,32层/共13层,2007年,1001,2025-12-15 21:48:37,1974,学区房,https://example.com/house/10704
东城区,东城区92号院1号楼4单元99室,两室一厅 东城区优质房源,三室两厅,152.0,566.75,7层/共12层,1994年,1005,2025-07-18 21:48:37,996,学区房,https://example.com/house/10705
朝阳区,朝阳区34号院20号楼14单元17室,四室两厅 朝阳区优质房源,一室一厅,69.0,457.0,7层/共23层,2003年,1001,2025-11-26 21:48:37,4613,学区房,https://example.com/house/10706
东城区,东城区47号院29号楼13单元80室,四室两厅 东城区优质房源,四室两厅,170.9,648.41,21层/共19层,1993年,1005,2025-11-13 21:48:37,4261,南北通透,https://example.com/house/10707
西城区,西城区38号院16号楼11单元82室,两室一厅 西城区优质房源,三室两厅,182.2,207.98,32层/共18层,2011年,1004,2025-04-27 21:48:37,1965,带车位,https://example.com/house/10708
西城区,西城区94号院17号楼15单元54室,三室两厅 西城区优质房源,三室一厅,73.0,581.59,21层/共16层,1992年,1004,2025-06-23 21:48:37,2339,近地铁,https://example.com/house/10709
朝阳区,朝阳区55号院30号楼20单元43室,四室两厅 朝阳区优质房源,三室一厅,106.5,950.6,33层/共13层,1997年,1001,2025-10-25 21:48:37,2071,精装修,https://example.com/house/10710
丰台区,丰台区66号院14号楼14单元6室,四室两厅 丰台区优质房源,四室两厅,108.2,764.65,31层/共33层,2016年,1003,2025-06-04 21:48:37,536,精装修,https://example.com/house/10711
顺义区,顺义区36号院17号楼7单元21室,三室一厅 顺义区优质房源,三室两厅,170.9,403.38,27层/共20层,1995年,1007,2025-06-09 21:48:37,1196,带车位,https://example.com/house/10712
海淀区,海淀区43号院5号楼8单元83室,三室一厅 海淀区优质房源,两室一厅,67.6,377.21,8层/共25层,1991年,1002,2025-09-12 21:48:37,4919,电梯房,https://example.com/house/10713
朝阳区,朝阳区98号院21号楼6单元60室,四室两厅 朝阳区优质房源,四室两厅,69.0,1192.33,27层/共22层,2010年,1001,2025-06-17 21:48:37,4270,学区房,https://example.com/house/10714
西城区,西城区3号院20号楼19单元56室,三室两厅 西城区优质房源,两室两厅,63.0,1024.31,24层/共22层,2008年,1004,2025-07-20 21:48:37,4718,电梯房,https://example.com/house/10715
昌平区,昌平区60号院14号楼15单元80室,三室两厅 昌平区优质房源,两室一厅,116.6,352.43,10层/共17层,1999年,1006,2025-10-17 21:48:37,3237,精装修,https://example.com/house/10716
昌平区,昌平区70号院15号楼14单元64室,四室两厅 昌平区优质房源,四室两厅,157.6,847.39,6层/共19层,1993年,1006,2025-09-30 21:48:37,1999,南北通透,https://example.com/house/10717
丰台区,丰台区69号院4号楼8单元7室,三室一厅 丰台区优质房源,三室一厅,166.8,426.08,5层/共33层,2015年,1003,2025-05-16 21:48:37,2954,学区房,https://example.com/house/10718
海淀区,海淀区27号院17号楼7单元84室,两室两厅 海淀区优质房源,一室一厅,139.6,434.15,25层/共20层,2008年,1002,2025-05-17 21:48:37,2356,南北通透,https://example.com/house/10719
丰台区,丰台区81号院9号楼8单元98室,两室一厅 丰台区优质房源,三室一厅,192.5,249.52,3层/共13层,1998年,1003,2025-12-08 21:48:37,3934,电梯房,https://example.com/house/10720
丰台区,丰台区45号院28号楼19单元95室,两室两厅 丰台区优质房源,三室两厅,110.6,532.75,12层/共29层,2020年,1003,2025-09-27 21:48:37,4519,学区房,https://example.com/house/10721
西城区,西城区16号院11号楼6单元55室,两室一厅 西城区优质房源,四室两厅,79.1,447.41,22层/共15层,2001年,1004,2025-10-20 21:48:37,3477,电梯房,https://example.com/house/10722
昌平区,昌平区3号院13号楼15单元29室,两室两厅 昌平区优质房源,四室两厅,132.6,1056.95,18层/共19层,1995年,1006,2025-05-28 21:48:37,221,带车位,https://example.com/house/10723
朝阳区,朝阳区51号院12号楼5单元99室,四室两厅 朝阳区优质房源,两室一厅,150.0,1179.37,33层/共17层,2020年,1001,2025-08-23 21:48:37,571,精装修,https://example.com/house/10724
朝阳区,朝阳区78号院22号楼10单元18室,三室一厅 朝阳区优质房源,三室两厅,172.9,1421.69,30层/共11层,2017年,1001,2025-12-30 21:48:37,3817,电梯房,https://example.com/house/10725
东城区,东城区39号院12号楼4单元45室,两室两厅 东城区优质房源,一室一厅,121.4,390.05,14层/共31层,1993年,1005,2026-02-01 21:48:37,1511,带车位,https://example.com/house/10726
东城区,东城区23号院30号楼1单元61室,两室两厅 东城区优质房源,两室两厅,187.4,528.1,29层/共30层,1996年,1005,2025-10-03 21:48:37,4072,精装修,https://example.com/house/10727
东城区,东城区64号院17号楼10单元92室,两室一厅 东城区优质房源,三室两厅,63.5,1026.0,28层/共10层,2011年,1005,2025-06-12 21:48:37,1599,带车位,https://example.com/house/10728
朝阳区,朝阳区47号院10号楼19单元18室,两室两厅 朝阳区优质房源,一室一厅,149.4,1456.63,9层/共18层,2002年,1001,2025-06-22 21:48:37,869,近地铁,https://example.com/house/10729
顺义区,顺义区10号院2号楼2单元36室,两室两厅 顺义区优质房源,两室一厅,137.2,1064.08,19层/共22层,2014年,1007,2025-11-28 21:48:37,1731,电梯房,https://example.com/house/10730
海淀区,海淀区40号院29号楼9单元62室,两室两厅 海淀区优质房源,两室两厅,122.5,1048.04,10层/共22层,2006年,1002,2025-08-04 21:48:37,3015,带车位,https://example.com/house/10731
顺义区,顺义区33号院10号楼18单元86室,一室一厅 顺义区优质房源,两室一厅,186.7,1052.96,8层/共25层,2015年,1007,2025-05-10 21:48:37,974,精装修,https://example.com/house/10732
朝阳区,朝阳区51号院28号楼11单元26室,三室两厅 朝阳区优质房源,三室一厅,107.9,792.13,11层/共16层,2011年,1001,2025-07-22 21:48:37,4244,精装修,https://example.com/house/10733
东城区,东城区93号院4号楼18单元78室,三室一厅 东城区优质房源,两室两厅,111.6,814.54,19层/共32层,2004年,1005,2026-01-27 21:48:37,1014,学区房,https://example.com/house/10734
朝阳区,朝阳区67号院18号楼8单元79室,两室一厅 朝阳区优质房源,三室一厅,183.8,1245.64,29层/共33层,2000年,1001,2025-12-07 21:48:37,1917,学区房,https://example.com/house/10735
海淀区,海淀区65号院3号楼6单元16室,三室两厅 海淀区优质房源,三室一厅,112.0,763.88,2层/共24层,2012年,1002,2025-11-06 21:48:37,2896,带车位,https://example.com/house/10736
顺义区,顺义区28号院22号楼6单元15室,两室两厅 顺义区优质房源,三室一厅,125.7,882.61,25层/共25层,2015年,1007,2026-02-02 21:48:37,425,南北通透,https://example.com/house/10737
西城区,西城区40号院25号楼7单元56室,四室两厅 西城区优质房源,两室两厅,168.6,846.7,9层/共19层,1999年,1004,2026-01-10 21:48:37,2161,近地铁,https://example.com/house/10738
顺义区,顺义区14号院7号楼14单元2室,一室一厅 顺义区优质房源,四室两厅,162.7,228.32,1层/共29层,2015年,1007,2026-02-10 21:48:37,3557,精装修,https://example.com/house/10739
朝阳区,朝阳区29号院27号楼2单元97室,三室一厅 朝阳区优质房源,两室一厅,79.0,1451.5,14层/共18层,2009年,1001,2025-05-09 21:48:37,1991,精装修,https://example.com/house/10740
海淀区,海淀区77号院21号楼3单元87室,四室两厅 海淀区优质房源,三室两厅,105.7,454.22,13层/共30层,2006年,1002,2025-07-28 21:48:37,2127,精装修,https://example.com/house/10741
海淀区,海淀区28号院15号楼14单元95室,一室一厅 海淀区优质房源,两室一厅,101.0,1125.58,21层/共29层,1991年,1002,2025-12-02 21:48:37,3136,精装修,https://example.com/house/10742
东城区,东城区35号院6号楼13单元5室,四室两厅 东城区优质房源,三室两厅,86.6,532.4,32层/共24层,2012年,1005,2026-02-24 21:48:37,4365,精装修,https://example.com/house/10743
东城区,东城区12号院30号楼9单元73室,两室一厅 东城区优质房源,两室两厅,78.2,1240.6,8层/共19层,1996年,1005,2025-11-04 21:48:37,3447,精装修,https://example.com/house/10744
海淀区,海淀区42号院18号楼8单元48室,两室一厅 海淀区优质房源,一室一厅,127.6,435.33,25层/共24层,2009年,1002,2025-11-28 21:48:37,356,带车位,https://example.com/house/10745
东城区,东城区76号院22号楼18单元73室,三室一厅 东城区优质房源,一室一厅,152.0,1363.77,2层/共14层,2001年,1005,2025-10-22 21:48:37,1375,精装修,https://example.com/house/10746
东城区,东城区6号院27号楼17单元79室,两室两厅 东城区优质房源,四室两厅,196.1,559.67,31层/共19层,2019年,1005,2025-11-23 21:48:37,657,学区房,https://example.com/house/10747
丰台区,丰台区9号院29号楼15单元71室,两室一厅 丰台区优质房源,两室两厅,64.3,238.07,1层/共25层,2011年,1003,2025-04-01 21:48:37,462,电梯房,https://example.com/house/10748
昌平区,昌平区2号院28号楼5单元44室,两室两厅 昌平区优质房源,三室两厅,51.4,1008.01,18层/共32层,1995年,1006,2025-10-24 21:48:37,3467,带车位,https://example.com/house/10749
西城区,西城区42号院23号楼18单元72室,三室一厅 西城区优质房源,四室两厅,197.9,1363.49,11层/共31层,1993年,1004,2025-09-12 21:48:37,312,近地铁,https://example.com/house/10750
海淀区,海淀区79号院11号楼9单元38室,两室两厅 海淀区优质房源,三室一厅,83.0,454.76,7层/共12层,1997年,1002,2025-06-16 21:48:37,936,近地铁,https://example.com/house/10751
顺义区,顺义区6号院15号楼19单元36室,两室两厅 顺义区优质房源,两室两厅,53.0,928.5,8层/共14层,2005年,1007,2025-07-31 21:48:37,3447,带车位,https://example.com/house/10752
西城区,西城区66号院10号楼7单元87室,三室一厅 西城区优质房源,三室一厅,187.1,203.82,18层/共17层,2011年,1004,2025-09-17 21:48:37,993,南北通透,https://example.com/house/10753
东城区,东城区98号院22号楼15单元25室,三室一厅 东城区优质房源,两室两厅,141.6,378.69,2层/共12层,2012年,1005,2026-02-23 21:48:37,4578,电梯房,https://example.com/house/10754
海淀区,海淀区33号院28号楼19单元37室,两室一厅 海淀区优质房源,三室一厅,165.0,1048.85,15层/共26层,1998年,1002,2025-09-26 21:48:37,874,近地铁,https://example.com/house/10755
丰台区,丰台区58号院21号楼14单元9室,两室两厅 丰台区优质房源,两室两厅,100.5,392.38,6层/共12层,2001年,1003,2026-02-16 21:48:37,88,电梯房,https://example.com/house/10756
昌平区,昌平区35号院1号楼13单元97室,两室一厅 昌平区优质房源,三室一厅,131.6,432.08,12层/共29层,2020年,1006,2026-01-20 21:48:37,234,精装修,https://example.com/house/10757
昌平区,昌平区99号院8号楼1单元43室,两室一厅 昌平区优质房源,三室两厅,89.6,1008.95,26层/共23层,2002年,1006,2025-04-07 21:48:37,4638,近地铁,https://example.com/house/10758
东城区,东城区53号院13号楼16单元51室,三室一厅 东城区优质房源,一室一厅,101.1,320.8,27层/共14层,2003年,1005,2025-05-30 21:48:37,181,带车位,https://example.com/house/10759
顺义区,顺义区72号院26号楼19单元85室,三室一厅 顺义区优质房源,三室两厅,148.1,936.98,10层/共17层,2009年,1007,2025-08-05 21:48:37,457,近地铁,https://example.com/house/10760
丰台区,丰台区26号院13号楼15单元50室,四室两厅 丰台区优质房源,两室一厅,177.6,1267.8,10层/共23层,2017年,1003,2025-05-02 21:48:37,425,精装修,https://example.com/house/10761
顺义区,顺义区99号院28号楼16单元57室,两室两厅 顺义区优质房源,两室两厅,93.6,651.13,28层/共16层,2004年,1007,2026-03-09 21:48:37,2678,电梯房,https://example.com/house/10762
海淀区,海淀区67号院13号楼19单元7室,三室一厅 海淀区优质房源,三室两厅,102.9,607.39,11层/共28层,1993年,1002,2025-03-21 21:48:37,2858,近地铁,https://example.com/house/10763
海淀区,海淀区43号院29号楼20单元32室,三室一厅 海淀区优质房源,一室一厅,124.7,1426.89,3层/共18层,2005年,1002,2025-04-01 21:48:37,4155,电梯房,https://example.com/house/10764
朝阳区,朝阳区72号院9号楼14单元48室,三室两厅 朝阳区优质房源,两室两厅,147.7,1139.18,11层/共10层,2013年,1001,2025-05-02 21:48:37,4283,南北通透,https://example.com/house/10765
西城区,西城区68号院14号楼6单元83室,两室两厅 西城区优质房源,一室一厅,90.2,1138.07,24层/共15层,2008年,1004,2025-05-01 21:48:37,3832,精装修,https://example.com/house/10766
东城区,东城区91号院22号楼7单元54室,三室一厅 东城区优质房源,三室两厅,151.6,1226.02,12层/共17层,2016年,1005,2025-03-11 21:48:37,4834,精装修,https://example.com/house/10767
东城区,东城区63号院6号楼6单元37室,三室一厅 东城区优质房源,两室一厅,101.1,247.88,15层/共25层,2011年,1005,2025-10-18 21:48:37,4283,带车位,https://example.com/house/10768
昌平区,昌平区47号院17号楼4单元24室,三室两厅 昌平区优质房源,两室两厅,190.3,1352.07,8层/共18层,2020年,1006,2025-03-17 21:48:37,2798,带车位,https://example.com/house/10769
西城区,西城区33号院5号楼13单元3室,三室两厅 西城区优质房源,两室一厅,171.4,963.96,13层/共23层,2014年,1004,2025-05-14 21:48:37,106,电梯房,https://example.com/house/10770
昌平区,昌平区76号院8号楼14单元61室,一室一厅 昌平区优质房源,四室两厅,67.7,304.09,21层/共23层,2006年,1006,2025-08-19 21:48:37,3104,近地铁,https://example.com/house/10771
朝阳区,朝阳区31号院13号楼2单元23室,两室两厅 朝阳区优质房源,四室两厅,129.7,1236.87,14层/共19层,2019年,1001,2025-10-04 21:48:37,3650,电梯房,https://example.com/house/10772
东城区,东城区41号院1号楼2单元62室,一室一厅 东城区优质房源,两室两厅,62.6,1127.93,17层/共27层,1997年,1005,2025-05-07 21:48:37,3992,近地铁,https://example.com/house/10773
朝阳区,朝阳区42号院28号楼2单元12室,三室一厅 朝阳区优质房源,两室两厅,89.8,1193.72,27层/共17层,2001年,1001,2026-01-05 21:48:37,627,学区房,https://example.com/house/10774
海淀区,海淀区41号院21号楼3单元97室,三室一厅 海淀区优质房源,两室一厅,119.8,271.07,22层/共24层,2020年,1002,2025-11-08 21:48:37,2413,电梯房,https://example.com/house/10775
顺义区,顺义区15号院1号楼2单元42室,一室一厅 顺义区优质房源,两室一厅,164.9,946.42,18层/共20层,2015年,1007,2026-03-03 21:48:37,714,带车位,https://example.com/house/10776
顺义区,顺义区43号院29号楼13单元47室,两室一厅 顺义区优质房源,一室一厅,187.0,291.25,11层/共18层,2011年,1007,2025-10-01 21:48:37,1923,带车位,https://example.com/house/10777
西城区,西城区45号院13号楼16单元72室,两室一厅 西城区优质房源,两室一厅,161.2,272.65,29层/共14层,2005年,1004,2025-11-25 21:48:37,2574,南北通透,https://example.com/house/10778
丰台区,丰台区74号院16号楼3单元69室,一室一厅 丰台区优质房源,两室两厅,99.7,654.15,8层/共21层,2015年,1003,2025-09-15 21:48:37,4692,电梯房,https://example.com/house/10779
西城区,西城区83号院11号楼18单元75室,三室一厅 西城区优质房源,两室一厅,166.0,650.95,22层/共14层,2019年,1004,2025-03-16 21:48:37,40,带车位,https://example.com/house/10780
顺义区,顺义区46号院19号楼3单元90室,一室一厅 顺义区优质房源,四室两厅,57.8,719.0,15层/共30层,2000年,1007,2025-10-31 21:48:37,2933,电梯房,https://example.com/house/10781
朝阳区,朝阳区59号院24号楼18单元16室,三室两厅 朝阳区优质房源,两室两厅,95.7,1333.29,28层/共12层,1999年,1001,2025-06-22 21:48:37,1998,电梯房,https://example.com/house/10782
顺义区,顺义区66号院23号楼17单元21室,两室一厅 顺义区优质房源,两室两厅,154.5,1206.45,17层/共32层,2004年,1007,2025-06-02 21:48:37,4884,精装修,https://example.com/house/10783
西城区,西城区5号院3号楼12单元23室,四室两厅 西城区优质房源,三室一厅,134.7,1138.3,15层/共20层,2002年,1004,2025-08-12 21:48:37,4999,电梯房,https://example.com/house/10784
昌平区,昌平区56号院24号楼2单元89室,一室一厅 昌平区优质房源,四室两厅,147.6,922.48,4层/共16层,1990年,1006,2025-08-04 21:48:37,4300,带车位,https://example.com/house/10785
顺义区,顺义区86号院13号楼11单元23室,三室两厅 顺义区优质房源,三室一厅,150.6,999.26,20层/共14层,1993年,1007,2025-08-07 21:48:37,3140,学区房,https://example.com/house/10786
西城区,西城区85号院28号楼20单元47室,一室一厅 西城区优质房源,四室两厅,75.1,1226.7,1层/共18层,2003年,1004,2025-06-25 21:48:37,4366,精装修,https://example.com/house/10787
西城区,西城区33号院5号楼8单元28室,三室一厅 西城区优质房源,四室两厅,158.8,682.78,7层/共16层,1992年,1004,2025-09-05 21:48:37,4138,近地铁,https://example.com/house/10788
顺义区,顺义区2号院30号楼13单元12室,两室两厅 顺义区优质房源,两室两厅,135.6,1173.51,11层/共30层,1990年,1007,2025-12-06 21:48:37,2249,带车位,https://example.com/house/10789
昌平区,昌平区80号院30号楼3单元73室,两室一厅 昌平区优质房源,三室一厅,182.1,422.72,20层/共23层,2005年,1006,2025-07-20 21:48:37,3978,带车位,https://example.com/house/10790
西城区,西城区1号院3号楼12单元11室,三室一厅 西城区优质房源,一室一厅,129.1,348.94,8层/共33层,2017年,1004,2025-08-17 21:48:37,553,学区房,https://example.com/house/10791
顺义区,顺义区63号院1号楼14单元97室,一室一厅 顺义区优质房源,四室两厅,150.0,1401.69,25层/共12层,2019年,1007,2025-05-06 21:48:37,4378,带车位,https://example.com/house/10792
顺义区,顺义区13号院1号楼12单元79室,三室一厅 顺义区优质房源,两室一厅,164.3,1248.31,11层/共16层,1997年,1007,2025-04-08 21:48:37,141,学区房,https://example.com/house/10793
昌平区,昌平区4号院21号楼20单元31室,两室两厅 昌平区优质房源,三室两厅,65.1,1343.84,12层/共32层,2016年,1006,2025-10-06 21:48:37,2444,近地铁,https://example.com/house/10794
海淀区,海淀区54号院30号楼6单元63室,一室一厅 海淀区优质房源,三室两厅,147.0,519.66,24层/共24层,2006年,1002,2026-01-16 21:48:37,4492,带车位,https://example.com/house/10795
东城区,东城区60号院27号楼2单元52室,三室两厅 东城区优质房源,两室一厅,118.7,1431.88,27层/共26层,2001年,1005,2025-11-01 21:48:37,2943,学区房,https://example.com/house/10796
海淀区,海淀区84号院12号楼18单元56室,四室两厅 海淀区优质房源,四室两厅,134.0,1155.26,20层/共10层,2007年,1002,2026-01-22 21:48:37,3361,带车位,https://example.com/house/10797
顺义区,顺义区10号院30号楼10单元66室,三室两厅 顺义区优质房源,四室两厅,53.1,1438.87,5层/共21层,2004年,1007,2025-10-25 21:48:37,4363,近地铁,https://example.com/house/10798
昌平区,昌平区13号院4号楼11单元63室,两室一厅 昌平区优质房源,一室一厅,134.6,215.04,3层/共10层,2020年,1006,2025-04-03 21:48:37,2663,学区房,https://example.com/house/10799
顺义区,顺义区62号院20号楼13单元87室,三室一厅 顺义区优质房源,三室两厅,144.5,540.39,6层/共16层,2014年,1007,2025-07-26 21:48:37,2566,精装修,https://example.com/house/10800
昌平区,昌平区81号院25号楼6单元10室,三室一厅 昌平区优质房源,四室两厅,150.3,1298.89,13层/共30层,1995年,1006,2026-01-30 21:48:37,387,精装修,https://example.com/house/10801
西城区,西城区85号院28号楼14单元25室,一室一厅 西城区优质房源,两室一厅,106.7,807.78,29层/共10层,1990年,1004,2025-10-26 21:48:37,4378,带车位,https://example.com/house/10802
顺义区,顺义区43号院28号楼3单元67室,两室一厅 顺义区优质房源,两室一厅,156.8,1416.3,32层/共30层,2019年,1007,2026-01-15 21:48:37,3865,近地铁,https://example.com/house/10803
朝阳区,朝阳区23号院29号楼5单元72室,三室一厅 朝阳区优质房源,四室两厅,82.8,1235.53,10层/共19层,1996年,1001,2026-02-16 21:48:37,4253,南北通透,https://example.com/house/10804
丰台区,丰台区24号院23号楼6单元53室,四室两厅 丰台区优质房源,两室两厅,63.1,1274.68,11层/共32层,2012年,1003,2025-08-19 21:48:37,4630,电梯房,https://example.com/house/10805
海淀区,海淀区96号院13号楼2单元72室,三室一厅 海淀区优质房源,两室一厅,108.1,1473.76,5层/共26层,2015年,1002,2025-12-06 21:48:37,104,精装修,https://example.com/house/10806
东城区,东城区25号院4号楼19单元60室,两室两厅 东城区优质房源,一室一厅,191.1,574.35,11层/共28层,2007年,1005,2025-10-17 21:48:37,4682,学区房,https://example.com/house/10807
朝阳区,朝阳区45号院16号楼3单元16室,四室两厅 朝阳区优质房源,四室两厅,158.2,1253.65,11层/共10层,2007年,1001,2025-03-30 21:48:37,3803,学区房,https://example.com/house/10808
顺义区,顺义区10号院11号楼20单元40室,一室一厅 顺义区优质房源,两室一厅,193.4,293.85,25层/共27层,2007年,1007,2026-02-02 21:48:37,3515,近地铁,https://example.com/house/10809
东城区,东城区28号院22号楼20单元35室,两室两厅 东城区优质房源,三室一厅,139.0,1284.5,19层/共27层,2020年,1005,2025-09-07 21:48:37,2066,电梯房,https://example.com/house/10810
顺义区,顺义区19号院28号楼3单元5室,三室一厅 顺义区优质房源,四室两厅,160.5,1232.35,5层/共16层,2009年,1007,2025-04-26 21:48:37,2010,近地铁,https://example.com/house/10811
顺义区,顺义区9号院28号楼15单元94室,三室两厅 顺义区优质房源,一室一厅,68.5,619.71,25层/共20层,2006年,1007,2025-10-13 21:48:37,3477,近地铁,https://example.com/house/10812
西城区,西城区69号院6号楼18单元25室,一室一厅 西城区优质房源,四室两厅,90.9,1236.5,9层/共32层,2017年,1004,2025-05-22 21:48:37,2673,电梯房,https://example.com/house/10813
丰台区,丰台区45号院1号楼6单元40室,一室一厅 丰台区优质房源,两室一厅,97.3,637.72,15层/共29层,1996年,1003,2025-08-16 21:48:37,3449,南北通透,https://example.com/house/10814
朝阳区,朝阳区39号院4号楼4单元29室,三室两厅 朝阳区优质房源,一室一厅,82.5,873.62,33层/共30层,1993年,1001,2025-05-12 21:48:37,962,学区房,https://example.com/house/10815
西城区,西城区71号院24号楼4单元46室,两室一厅 西城区优质房源,三室两厅,60.3,1468.28,21层/共13层,2018年,1004,2025-12-18 21:48:37,1482,学区房,https://example.com/house/10816
朝阳区,朝阳区58号院28号楼8单元19室,一室一厅 朝阳区优质房源,两室一厅,79.6,259.75,15层/共25层,2008年,1001,2025-10-25 21:48:37,3009,近地铁,https://example.com/house/10817
朝阳区,朝阳区42号院20号楼7单元14室,两室一厅 朝阳区优质房源,四室两厅,144.4,272.01,3层/共12层,1995年,1001,2025-06-10 21:48:37,4649,近地铁,https://example.com/house/10818
东城区,东城区14号院8号楼14单元30室,两室一厅 东城区优质房源,三室一厅,61.1,964.47,1层/共12层,1998年,1005,2026-03-01 21:48:37,3761,南北通透,https://example.com/house/10819
顺义区,顺义区64号院13号楼19单元49室,三室一厅 顺义区优质房源,三室一厅,170.1,1326.83,23层/共23层,2011年,1007,2025-12-26 21:48:37,1481,精装修,https://example.com/house/10820
西城区,西城区92号院2号楼14单元45室,四室两厅 西城区优质房源,两室一厅,176.5,912.56,8层/共14层,2002年,1004,2025-11-13 21:48:37,4101,南北通透,https://example.com/house/10821
东城区,东城区17号院9号楼10单元44室,一室一厅 东城区优质房源,两室一厅,157.0,1372.95,28层/共27层,1997年,1005,2025-08-27 21:48:37,262,带车位,https://example.com/house/10822
朝阳区,朝阳区5号院10号楼7单元11室,三室两厅 朝阳区优质房源,两室一厅,126.6,801.42,8层/共18层,1991年,1001,2025-11-13 21:48:37,2606,精装修,https://example.com/house/10823
西城区,西城区92号院30号楼4单元98室,两室一厅 西城区优质房源,四室两厅,116.3,967.62,9层/共23层,1991年,1004,2025-05-22 21:48:37,3275,学区房,https://example.com/house/10824
东城区,东城区73号院5号楼3单元27室,三室一厅 东城区优质房源,三室两厅,132.3,1283.61,10层/共25层,2009年,1005,2025-12-29 21:48:37,1708,电梯房,https://example.com/house/10825
朝阳区,朝阳区11号院7号楼14单元32室,四室两厅 朝阳区优质房源,两室一厅,142.6,373.39,23层/共19层,2003年,1001,2025-12-29 21:48:37,3867,精装修,https://example.com/house/10826
西城区,西城区13号院16号楼7单元8室,两室两厅 西城区优质房源,三室一厅,115.7,959.21,31层/共11层,2015年,1004,2025-03-25 21:48:37,2998,学区房,https://example.com/house/10827
东城区,东城区36号院14号楼14单元31室,三室一厅 东城区优质房源,三室两厅,192.5,609.41,12层/共29层,2011年,1005,2025-12-05 21:48:37,3334,电梯房,https://example.com/house/10828
顺义区,顺义区96号院30号楼9单元40室,一室一厅 顺义区优质房源,三室两厅,119.3,944.11,8层/共10层,1997年,1007,2025-10-14 21:48:37,2882,带车位,https://example.com/house/10829
东城区,东城区21号院8号楼6单元75室,三室一厅 东城区优质房源,四室两厅,103.1,996.46,32层/共32层,2007年,1005,2025-09-14 21:48:37,2816,电梯房,https://example.com/house/10830
昌平区,昌平区54号院17号楼11单元49室,两室一厅 昌平区优质房源,两室一厅,191.0,856.86,27层/共21层,1990年,1006,2026-02-02 21:48:37,819,电梯房,https://example.com/house/10831
西城区,西城区90号院3号楼1单元27室,一室一厅 西城区优质房源,三室两厅,114.2,807.0,2层/共26层,1994年,1004,2025-08-25 21:48:37,321,电梯房,https://example.com/house/10832
顺义区,顺义区64号院10号楼1单元38室,四室两厅 顺义区优质房源,三室一厅,199.6,322.07,18层/共15层,2011年,1007,2025-10-16 21:48:37,815,带车位,https://example.com/house/10833
西城区,西城区90号院24号楼4单元9室,三室两厅 西城区优质房源,两室一厅,113.4,464.76,12层/共23层,2006年,1004,2025-07-02 21:48:37,2199,带车位,https://example.com/house/10834
丰台区,丰台区76号院24号楼7单元14室,三室两厅 丰台区优质房源,三室两厅,125.5,366.33,11层/共15层,2012年,1003,2025-03-27 21:48:37,2366,近地铁,https://example.com/house/10835
昌平区,昌平区89号院20号楼17单元69室,四室两厅 昌平区优质房源,两室一厅,109.1,1303.19,10层/共21层,2003年,1006,2025-08-02 21:48:37,2669,电梯房,https://example.com/house/10836
顺义区,顺义区42号院27号楼13单元48室,三室一厅 顺义区优质房源,两室一厅,177.1,1218.78,18层/共10层,1995年,1007,2025-10-16 21:48:37,3961,南北通透,https://example.com/house/10837
昌平区,昌平区27号院25号楼14单元26室,一室一厅 昌平区优质房源,四室两厅,68.1,1440.66,29层/共16层,1991年,1006,2026-01-04 21:48:37,3906,学区房,https://example.com/house/10838
顺义区,顺义区42号院26号楼7单元19室,两室两厅 顺义区优质房源,一室一厅,180.4,856.93,7层/共16层,2007年,1007,2025-05-13 21:48:37,4033,带车位,https://example.com/house/10839
昌平区,昌平区92号院3号楼20单元55室,三室一厅 昌平区优质房源,三室两厅,90.1,1332.5,21层/共11层,2004年,1006,2025-05-06 21:48:37,2549,带车位,https://example.com/house/10840
顺义区,顺义区5号院21号楼16单元13室,四室两厅 顺义区优质房源,两室一厅,71.7,1412.82,24层/共24层,1998年,1007,2025-12-18 21:48:37,4361,精装修,https://example.com/house/10841
东城区,东城区22号院6号楼3单元86室,三室两厅 东城区优质房源,三室两厅,168.2,1112.23,15层/共23层,1998年,1005,2025-04-04 21:48:37,2233,南北通透,https://example.com/house/10842
东城区,东城区2号院12号楼2单元82室,三室一厅 东城区优质房源,三室一厅,85.6,347.55,14层/共24层,1990年,1005,2025-10-05 21:48:37,40,精装修,https://example.com/house/10843
顺义区,顺义区83号院13号楼3单元94室,三室两厅 顺义区优质房源,三室两厅,188.0,396.03,2层/共17层,2012年,1007,2026-01-29 21:48:37,2092,南北通透,https://example.com/house/10844
丰台区,丰台区33号院16号楼6单元89室,四室两厅 丰台区优质房源,三室两厅,96.1,620.1,33层/共17层,2012年,1003,2025-04-27 21:48:37,40,近地铁,https://example.com/house/10845
丰台区,丰台区92号院26号楼13单元70室,三室两厅 丰台区优质房源,四室两厅,179.3,485.62,15层/共33层,2015年,1003,2026-01-23 21:48:37,1205,精装修,https://example.com/house/10846
顺义区,顺义区4号院28号楼20单元72室,两室两厅 顺义区优质房源,两室两厅,130.5,685.23,26层/共19层,2005年,1007,2025-09-14 21:48:37,3161,电梯房,https://example.com/house/10847
丰台区,丰台区24号院14号楼4单元68室,三室两厅 丰台区优质房源,两室两厅,85.5,401.54,21层/共14层,2010年,1003,2025-12-12 21:48:37,4477,电梯房,https://example.com/house/10848
顺义区,顺义区65号院17号楼7单元42室,两室一厅 顺义区优质房源,四室两厅,54.0,1389.58,31层/共17层,2006年,1007,2026-01-20 21:48:37,234,带车位,https://example.com/house/10849
昌平区,昌平区19号院10号楼4单元91室,两室一厅 昌平区优质房源,四室两厅,107.5,403.45,12层/共22层,2001年,1006,2026-01-29 21:48:37,4212,精装修,https://example.com/house/10850
顺义区,顺义区91号院29号楼2单元53室,两室两厅 顺义区优质房源,三室一厅,151.0,234.49,8层/共33层,1995年,1007,2026-01-28 21:48:37,827,带车位,https://example.com/house/10851
东城区,东城区75号院2号楼20单元78室,三室两厅 东城区优质房源,两室两厅,176.3,506.51,26层/共10层,2016年,1005,2025-10-01 21:48:37,4496,精装修,https://example.com/house/10852
昌平区,昌平区22号院4号楼16单元26室,一室一厅 昌平区优质房源,两室两厅,159.2,1239.53,30层/共27层,2001年,1006,2025-06-04 21:48:37,1809,精装修,https://example.com/house/10853
海淀区,海淀区34号院13号楼3单元96室,两室两厅 海淀区优质房源,三室一厅,63.9,864.19,19层/共17层,2000年,1002,2025-08-10 21:48:37,3147,带车位,https://example.com/house/10854
海淀区,海淀区69号院4号楼6单元6室,四室两厅 海淀区优质房源,一室一厅,125.6,429.66,2层/共13层,2013年,1002,2025-07-29 21:48:37,978,学区房,https://example.com/house/10855
西城区,西城区63号院16号楼10单元33室,三室两厅 西城区优质房源,四室两厅,111.5,682.32,18层/共32层,1993年,1004,2025-11-06 21:48:37,4937,精装修,https://example.com/house/10856
朝阳区,朝阳区36号院11号楼4单元7室,三室一厅 朝阳区优质房源,两室一厅,161.8,874.66,32层/共19层,2015年,1001,2025-03-25 21:48:37,4801,近地铁,https://example.com/house/10857
丰台区,丰台区88号院4号楼15单元25室,两室一厅 丰台区优质房源,一室一厅,167.8,823.58,11层/共20层,2009年,1003,2025-12-10 21:48:37,3700,精装修,https://example.com/house/10858
丰台区,丰台区27号院30号楼4单元90室,两室一厅 丰台区优质房源,两室两厅,157.3,776.45,7层/共14层,2007年,1003,2025-07-28 21:48:37,3966,电梯房,https://example.com/house/10859
西城区,西城区16号院8号楼5单元44室,两室一厅 西城区优质房源,两室一厅,194.0,1139.46,7层/共30层,2016年,1004,2026-01-29 21:48:37,2218,电梯房,https://example.com/house/10860
昌平区,昌平区48号院21号楼13单元24室,一室一厅 昌平区优质房源,三室两厅,95.5,763.69,8层/共32层,1994年,1006,2025-06-11 21:48:37,807,电梯房,https://example.com/house/10861
西城区,西城区71号院12号楼16单元42室,三室一厅 西城区优质房源,四室两厅,185.9,687.02,1层/共25层,2008年,1004,2025-07-07 21:48:37,1784,南北通透,https://example.com/house/10862
西城区,西城区50号院25号楼14单元69室,三室两厅 西城区优质房源,两室一厅,59.6,1363.56,23层/共11层,1999年,1004,2025-10-18 21:48:37,3314,精装修,https://example.com/house/10863
海淀区,海淀区92号院7号楼4单元70室,四室两厅 海淀区优质房源,两室两厅,84.4,205.85,21层/共11层,2008年,1002,2025-04-05 21:48:37,2509,近地铁,https://example.com/house/10864
东城区,东城区61号院22号楼6单元47室,三室一厅 东城区优质房源,三室两厅,98.0,617.42,12层/共21层,2011年,1005,2025-06-27 21:48:37,4851,南北通透,https://example.com/house/10865
顺义区,顺义区13号院25号楼6单元80室,两室两厅 顺义区优质房源,两室两厅,114.2,1079.39,22层/共22层,1995年,1007,2026-02-28 21:48:37,3406,南北通透,https://example.com/house/10866
丰台区,丰台区87号院19号楼11单元78室,两室一厅 丰台区优质房源,两室两厅,165.5,855.21,9层/共15层,2004年,1003,2025-07-10 21:48:37,2274,近地铁,https://example.com/house/10867
东城区,东城区8号院29号楼2单元82室,两室两厅 东城区优质房源,三室一厅,61.9,334.47,7层/共17层,1997年,1005,2025-04-30 21:48:37,1951,电梯房,https://example.com/house/10868
东城区,东城区83号院2号楼20单元95室,三室一厅 东城区优质房源,两室一厅,94.2,1223.99,6层/共15层,1997年,1005,2025-08-16 21:48:37,421,学区房,https://example.com/house/10869
海淀区,海淀区95号院6号楼13单元21室,两室一厅 海淀区优质房源,四室两厅,95.3,447.12,8层/共21层,1992年,1002,2025-04-14 21:48:37,4836,电梯房,https://example.com/house/10870
朝阳区,朝阳区23号院23号楼20单元66室,三室两厅 朝阳区优质房源,四室两厅,157.9,672.91,23层/共28层,1998年,1001,2026-03-01 21:48:37,3600,带车位,https://example.com/house/10871
西城区,西城区18号院19号楼18单元26室,两室一厅 西城区优质房源,三室两厅,138.2,750.68,29层/共19层,1996年,1004,2025-03-19 21:48:37,4460,学区房,https://example.com/house/10872
朝阳区,朝阳区11号院30号楼4单元21室,四室两厅 朝阳区优质房源,三室一厅,68.7,530.08,10层/共19层,2019年,1001,2025-05-07 21:48:37,4721,带车位,https://example.com/house/10873
西城区,西城区15号院30号楼14单元15室,三室一厅 西城区优质房源,三室一厅,75.0,674.22,2层/共32层,2007年,1004,2026-02-09 21:48:37,391,近地铁,https://example.com/house/10874
丰台区,丰台区63号院25号楼16单元7室,两室一厅 丰台区优质房源,四室两厅,153.4,1128.27,15层/共31层,1996年,1003,2025-07-26 21:48:37,3309,电梯房,https://example.com/house/10875
顺义区,顺义区32号院12号楼11单元5室,三室一厅 顺义区优质房源,四室两厅,153.9,1457.18,17层/共29层,2006年,1007,2026-02-03 21:48:37,881,精装修,https://example.com/house/10876
朝阳区,朝阳区57号院29号楼15单元41室,两室一厅 朝阳区优质房源,一室一厅,74.8,316.3,26层/共32层,2019年,1001,2025-10-11 21:48:37,3298,近地铁,https://example.com/house/10877
东城区,东城区96号院9号楼6单元10室,三室一厅 东城区优质房源,两室两厅,68.1,792.17,5层/共19层,2006年,1005,2025-07-08 21:48:37,4729,南北通透,https://example.com/house/10878
海淀区,海淀区62号院10号楼19单元23室,一室一厅 海淀区优质房源,一室一厅,71.1,918.11,3层/共33层,2007年,1002,2025-06-01 21:48:37,2177,电梯房,https://example.com/house/10879
朝阳区,朝阳区87号院18号楼2单元46室,三室一厅 朝阳区优质房源,三室两厅,152.7,849.35,13层/共13层,2012年,1001,2025-08-17 21:48:37,4475,近地铁,https://example.com/house/10880
丰台区,丰台区54号院2号楼5单元90室,两室一厅 丰台区优质房源,两室两厅,97.6,205.93,2层/共12层,1998年,1003,2025-12-18 21:48:37,4873,学区房,https://example.com/house/10881
顺义区,顺义区79号院27号楼1单元28室,三室一厅 顺义区优质房源,三室两厅,72.8,1418.48,5层/共12层,1997年,1007,2025-08-04 21:48:37,4711,近地铁,https://example.com/house/10882
昌平区,昌平区12号院7号楼17单元14室,三室一厅 昌平区优质房源,一室一厅,155.2,292.19,31层/共13层,2007年,1006,2025-05-23 21:48:37,1075,电梯房,https://example.com/house/10883
东城区,东城区68号院1号楼12单元10室,一室一厅 东城区优质房源,两室一厅,57.5,1004.95,16层/共11层,2012年,1005,2025-04-01 21:48:37,1596,南北通透,https://example.com/house/10884
海淀区,海淀区25号院8号楼4单元76室,三室一厅 海淀区优质房源,三室一厅,183.0,578.65,2层/共18层,2002年,1002,2025-10-14 21:48:37,1952,电梯房,https://example.com/house/10885
东城区,东城区68号院21号楼13单元8室,四室两厅 东城区优质房源,两室两厅,98.3,940.85,10层/共23层,2010年,1005,2026-02-15 21:48:37,1591,电梯房,https://example.com/house/10886
丰台区,丰台区85号院7号楼18单元23室,两室一厅 丰台区优质房源,两室两厅,111.7,1461.81,16层/共29层,2017年,1003,2025-06-18 21:48:37,4653,电梯房,https://example.com/house/10887
丰台区,丰台区41号院28号楼12单元6室,三室一厅 丰台区优质房源,三室两厅,119.7,1418.33,19层/共22层,2009年,1003,2025-03-28 21:48:37,3965,近地铁,https://example.com/house/10888
昌平区,昌平区56号院7号楼11单元88室,两室两厅 昌平区优质房源,两室两厅,167.4,1410.94,29层/共12层,1991年,1006,2025-06-05 21:48:37,2090,精装修,https://example.com/house/10889
昌平区,昌平区39号院7号楼3单元36室,三室两厅 昌平区优质房源,一室一厅,68.9,1288.03,7层/共16层,1994年,1006,2025-10-27 21:48:37,4920,带车位,https://example.com/house/10890
丰台区,丰台区61号院11号楼13单元75室,两室一厅 丰台区优质房源,两室一厅,197.4,424.31,11层/共10层,2003年,1003,2025-09-24 21:48:37,1906,精装修,https://example.com/house/10891
朝阳区,朝阳区19号院26号楼16单元45室,三室两厅 朝阳区优质房源,四室两厅,165.7,469.65,8层/共19层,1993年,1001,2025-11-17 21:48:37,3272,学区房,https://example.com/house/10892
顺义区,顺义区68号院27号楼2单元17室,两室两厅 顺义区优质房源,四室两厅,82.4,1428.35,32层/共10层,2013年,1007,2025-04-15 21:48:37,931,学区房,https://example.com/house/10893
丰台区,丰台区88号院7号楼10单元36室,三室一厅 丰台区优质房源,一室一厅,159.4,849.45,13层/共16层,2002年,1003,2025-08-11 21:48:37,1211,南北通透,https://example.com/house/10894
昌平区,昌平区8号院29号楼5单元15室,三室两厅 昌平区优质房源,两室一厅,150.4,1390.42,32层/共25层,2005年,1006,2025-06-08 21:48:37,3289,精装修,https://example.com/house/10895
丰台区,丰台区71号院9号楼17单元67室,三室一厅 丰台区优质房源,三室一厅,77.0,1354.71,25层/共20层,2002年,1003,2025-03-30 21:48:37,1660,带车位,https://example.com/house/10896
朝阳区,朝阳区92号院16号楼12单元47室,三室两厅 朝阳区优质房源,四室两厅,166.5,978.4,1层/共25层,2004年,1001,2025-10-23 21:48:37,1741,近地铁,https://example.com/house/10897
东城区,东城区2号院30号楼9单元40室,两室两厅 东城区优质房源,两室一厅,185.8,456.14,22层/共13层,2006年,1005,2025-09-25 21:48:37,2235,电梯房,https://example.com/house/10898
海淀区,海淀区38号院11号楼15单元48室,两室两厅 海淀区优质房源,两室一厅,74.5,742.43,4层/共30层,2019年,1002,2025-09-20 21:48:37,3873,精装修,https://example.com/house/10899
西城区,西城区76号院4号楼1单元10室,四室两厅 西城区优质房源,两室两厅,129.6,1023.58,25层/共24层,2013年,1004,2025-04-03 21:48:37,2908,电梯房,https://example.com/house/10900
朝阳区,朝阳区47号院29号楼19单元88室,两室一厅 朝阳区优质房源,三室两厅,84.0,236.69,20层/共15层,2002年,1001,2025-05-01 21:48:37,3971,带车位,https://example.com/house/10901
丰台区,丰台区29号院19号楼5单元50室,两室两厅 丰台区优质房源,两室一厅,188.6,1077.89,13层/共16层,1992年,1003,2025-09-06 21:48:37,4511,电梯房,https://example.com/house/10902
东城区,东城区98号院23号楼10单元8室,两室两厅 东城区优质房源,一室一厅,155.7,829.32,32层/共30层,2013年,1005,2025-05-09 21:48:37,1054,南北通透,https://example.com/house/10903
海淀区,海淀区84号院22号楼3单元36室,三室两厅 海淀区优质房源,两室两厅,121.2,287.74,15层/共33层,1991年,1002,2026-02-19 21:48:37,4814,学区房,https://example.com/house/10904
朝阳区,朝阳区2号院25号楼20单元68室,三室两厅 朝阳区优质房源,三室两厅,82.8,1233.45,27层/共16层,1994年,1001,2025-07-07 21:48:37,103,南北通透,https://example.com/house/10905
朝阳区,朝阳区81号院24号楼13单元58室,三室两厅 朝阳区优质房源,一室一厅,182.0,685.45,26层/共26层,2020年,1001,2025-07-30 21:48:37,3199,近地铁,https://example.com/house/10906
东城区,东城区53号院11号楼8单元42室,四室两厅 东城区优质房源,三室一厅,130.7,451.1,33层/共13层,2018年,1005,2025-11-02 21:48:37,4430,近地铁,https://example.com/house/10907
丰台区,丰台区75号院10号楼9单元47室,四室两厅 丰台区优质房源,三室一厅,76.4,953.61,2层/共10层,2009年,1003,2025-08-10 21:48:37,30,电梯房,https://example.com/house/10908
顺义区,顺义区12号院5号楼17单元41室,两室一厅 顺义区优质房源,三室一厅,97.4,1495.43,8层/共10层,2010年,1007,2025-10-08 21:48:37,3011,精装修,https://example.com/house/10909
丰台区,丰台区20号院1号楼16单元16室,一室一厅 丰台区优质房源,两室一厅,146.2,455.7,2层/共11层,1996年,1003,2025-09-26 21:48:37,1382,带车位,https://example.com/house/10910
丰台区,丰台区41号院2号楼17单元18室,一室一厅 丰台区优质房源,一室一厅,71.6,376.51,7层/共28层,2014年,1003,2025-08-13 21:48:37,3076,电梯房,https://example.com/house/10911
海淀区,海淀区66号院9号楼16单元23室,四室两厅 海淀区优质房源,四室两厅,58.1,746.91,25层/共23层,2004年,1002,2025-08-22 21:48:37,750,电梯房,https://example.com/house/10912
顺义区,顺义区3号院3号楼20单元37室,两室一厅 顺义区优质房源,两室一厅,190.6,305.49,32层/共29层,2000年,1007,2025-04-25 21:48:37,4609,电梯房,https://example.com/house/10913
海淀区,海淀区74号院23号楼8单元64室,两室两厅 海淀区优质房源,两室两厅,128.6,454.26,15层/共19层,2018年,1002,2025-06-12 21:48:37,2658,南北通透,https://example.com/house/10914
西城区,西城区13号院9号楼3单元27室,三室两厅 西城区优质房源,四室两厅,146.9,449.99,4层/共16层,2004年,1004,2025-08-20 21:48:37,2591,近地铁,https://example.com/house/10915
顺义区,顺义区70号院15号楼14单元4室,四室两厅 顺义区优质房源,三室一厅,119.3,1123.67,21层/共15层,1996年,1007,2025-10-16 21:48:37,2914,精装修,https://example.com/house/10916
丰台区,丰台区34号院24号楼14单元3室,两室一厅 丰台区优质房源,三室一厅,114.0,1143.16,19层/共32层,1999年,1003,2025-10-27 21:48:37,1022,近地铁,https://example.com/house/10917
昌平区,昌平区60号院24号楼19单元46室,四室两厅 昌平区优质房源,一室一厅,77.6,610.34,8层/共12层,1997年,1006,2025-11-21 21:48:37,3646,南北通透,https://example.com/house/10918
丰台区,丰台区19号院8号楼10单元81室,两室一厅 丰台区优质房源,两室一厅,166.7,1077.65,30层/共15层,1992年,1003,2026-01-30 21:48:37,1767,精装修,https://example.com/house/10919
朝阳区,朝阳区18号院1号楼5单元87室,四室两厅 朝阳区优质房源,两室两厅,75.4,1090.54,29层/共22层,1993年,1001,2025-07-06 21:48:37,3541,电梯房,https://example.com/house/10920
西城区,西城区24号院14号楼12单元94室,四室两厅 西城区优质房源,三室一厅,64.7,453.19,15层/共19层,2018年,1004,2025-12-30 21:48:37,487,电梯房,https://example.com/house/10921
顺义区,顺义区94号院4号楼7单元47室,一室一厅 顺义区优质房源,三室一厅,75.4,369.22,19层/共24层,2018年,1007,2025-08-09 21:48:37,1761,南北通透,https://example.com/house/10922
朝阳区,朝阳区52号院11号楼11单元91室,两室一厅 朝阳区优质房源,四室两厅,110.9,1066.05,18层/共24层,1991年,1001,2025-08-12 21:48:37,4321,近地铁,https://example.com/house/10923
海淀区,海淀区82号院16号楼13单元72室,一室一厅 海淀区优质房源,两室一厅,65.3,1156.89,33层/共14层,2013年,1002,2026-01-01 21:48:37,1721,带车位,https://example.com/house/10924
昌平区,昌平区96号院13号楼13单元96室,两室一厅 昌平区优质房源,三室两厅,164.9,1271.29,21层/共27层,1990年,1006,2025-11-18 21:48:37,3146,近地铁,https://example.com/house/10925
朝阳区,朝阳区12号院8号楼10单元58室,四室两厅 朝阳区优质房源,四室两厅,70.3,510.79,13层/共24层,2001年,1001,2025-11-18 21:48:37,4828,电梯房,https://example.com/house/10926
东城区,东城区64号院14号楼13单元79室,三室一厅 东城区优质房源,一室一厅,107.0,302.7,23层/共11层,2002年,1005,2025-06-10 21:48:37,2314,带车位,https://example.com/house/10927
朝阳区,朝阳区6号院15号楼4单元81室,三室一厅 朝阳区优质房源,两室一厅,121.9,202.53,14层/共10层,2000年,1001,2025-12-06 21:48:37,3768,近地铁,https://example.com/house/10928
海淀区,海淀区91号院10号楼17单元79室,三室一厅 海淀区优质房源,两室一厅,149.6,565.77,3层/共15层,2008年,1002,2025-04-02 21:48:37,4608,精装修,https://example.com/house/10929
丰台区,丰台区38号院4号楼11单元14室,两室两厅 丰台区优质房源,三室两厅,162.0,387.25,13层/共11层,2001年,1003,2025-04-28 21:48:37,2680,带车位,https://example.com/house/10930
海淀区,海淀区86号院6号楼5单元23室,三室两厅 海淀区优质房源,三室一厅,148.3,1171.22,2层/共26层,2002年,1002,2026-03-09 21:48:37,1675,电梯房,https://example.com/house/10931
朝阳区,朝阳区67号院8号楼15单元58室,一室一厅 朝阳区优质房源,两室一厅,129.7,1142.56,15层/共13层,2011年,1001,2025-07-27 21:48:37,75,电梯房,https://example.com/house/10932
朝阳区,朝阳区25号院17号楼6单元98室,四室两厅 朝阳区优质房源,两室一厅,68.6,1000.68,26层/共10层,2019年,1001,2025-08-26 21:48:37,3863,南北通透,https://example.com/house/10933
丰台区,丰台区4号院14号楼4单元51室,两室一厅 丰台区优质房源,四室两厅,51.9,1128.64,24层/共23层,2009年,1003,2025-09-05 21:48:37,1070,南北通透,https://example.com/house/10934
西城区,西城区92号院17号楼13单元49室,两室一厅 西城区优质房源,一室一厅,103.0,523.55,27层/共33层,2012年,1004,2025-12-03 21:48:37,662,南北通透,https://example.com/house/10935
东城区,东城区4号院28号楼13单元4室,三室两厅 东城区优质房源,四室两厅,134.4,1320.56,17层/共21层,2018年,1005,2025-03-18 21:48:37,1721,带车位,https://example.com/house/10936
海淀区,海淀区83号院3号楼2单元4室,一室一厅 海淀区优质房源,两室两厅,141.3,1409.93,4层/共32层,1996年,1002,2025-03-24 21:48:37,3386,带车位,https://example.com/house/10937
东城区,东城区38号院26号楼16单元4室,两室一厅 东城区优质房源,一室一厅,146.4,214.78,16层/共11层,1990年,1005,2025-03-15 21:48:37,4839,近地铁,https://example.com/house/10938
海淀区,海淀区47号院11号楼20单元87室,三室一厅 海淀区优质房源,两室一厅,113.7,1371.16,20层/共29层,2001年,1002,2025-04-15 21:48:37,807,精装修,https://example.com/house/10939
昌平区,昌平区60号院1号楼18单元7室,三室一厅 昌平区优质房源,两室两厅,167.8,652.69,31层/共22层,2016年,1006,2025-10-05 21:48:37,1776,电梯房,https://example.com/house/10940
昌平区,昌平区25号院25号楼12单元19室,两室两厅 昌平区优质房源,一室一厅,181.8,1168.03,21层/共19层,2009年,1006,2025-12-19 21:48:37,111,精装修,https://example.com/house/10941
丰台区,丰台区56号院30号楼11单元14室,三室一厅 丰台区优质房源,两室两厅,113.1,1028.2,26层/共14层,2009年,1003,2025-10-19 21:48:37,1906,电梯房,https://example.com/house/10942
东城区,东城区99号院28号楼11单元6室,两室两厅 东城区优质房源,四室两厅,111.9,1189.43,17层/共28层,2005年,1005,2025-03-25 21:48:37,2784,学区房,https://example.com/house/10943
顺义区,顺义区41号院22号楼11单元22室,两室一厅 顺义区优质房源,四室两厅,170.2,469.34,3层/共23层,1991年,1007,2025-05-21 21:48:37,1467,精装修,https://example.com/house/10944
昌平区,昌平区59号院25号楼11单元69室,一室一厅 昌平区优质房源,三室一厅,147.1,1078.9,14层/共19层,2019年,1006,2025-09-09 21:48:37,1513,近地铁,https://example.com/house/10945
东城区,东城区5号院9号楼15单元35室,一室一厅 东城区优质房源,三室两厅,96.6,1260.29,22层/共17层,1998年,1005,2025-12-11 21:48:37,4082,精装修,https://example.com/house/10946
丰台区,丰台区46号院27号楼11单元75室,三室两厅 丰台区优质房源,两室两厅,92.1,1405.92,11层/共32层,2002年,1003,2025-05-10 21:48:37,1307,精装修,https://example.com/house/10947
海淀区,海淀区76号院25号楼18单元26室,四室两厅 海淀区优质房源,一室一厅,99.1,1078.53,8层/共19层,2001年,1002,2025-07-10 21:48:37,2618,精装修,https://example.com/house/10948
丰台区,丰台区63号院5号楼1单元67室,四室两厅 丰台区优质房源,一室一厅,184.4,640.51,17层/共20层,1991年,1003,2026-02-21 21:48:37,2319,电梯房,https://example.com/house/10949
海淀区,海淀区49号院9号楼19单元46室,一室一厅 海淀区优质房源,三室一厅,69.2,1075.21,18层/共15层,2016年,1002,2025-03-30 21:48:37,1534,南北通透,https://example.com/house/10950
海淀区,海淀区31号院11号楼7单元18室,两室一厅 海淀区优质房源,两室两厅,127.6,1353.95,5层/共26层,2020年,1002,2025-09-25 21:48:37,4759,精装修,https://example.com/house/10951
西城区,西城区59号院1号楼15单元49室,三室两厅 西城区优质房源,三室一厅,64.5,1210.84,28层/共30层,1998年,1004,2025-04-24 21:48:37,4375,学区房,https://example.com/house/10952
丰台区,丰台区53号院12号楼10单元46室,三室两厅 丰台区优质房源,三室一厅,121.3,1145.47,3层/共10层,2020年,1003,2025-08-02 21:48:37,2516,南北通透,https://example.com/house/10953
东城区,东城区73号院6号楼8单元5室,三室一厅 东城区优质房源,三室两厅,194.6,823.13,30层/共16层,2013年,1005,2025-10-28 21:48:37,904,电梯房,https://example.com/house/10954
朝阳区,朝阳区95号院25号楼2单元22室,两室两厅 朝阳区优质房源,三室两厅,122.4,1333.53,17层/共20层,2018年,1001,2026-02-04 21:48:37,3531,精装修,https://example.com/house/10955
顺义区,顺义区20号院7号楼7单元13室,三室一厅 顺义区优质房源,三室一厅,179.6,798.76,28层/共27层,2017年,1007,2025-09-16 21:48:37,964,学区房,https://example.com/house/10956
昌平区,昌平区91号院23号楼14单元39室,四室两厅 昌平区优质房源,三室两厅,113.3,654.75,5层/共13层,2009年,1006,2025-09-30 21:48:37,3599,学区房,https://example.com/house/10957
西城区,西城区14号院9号楼7单元10室,两室两厅 西城区优质房源,三室一厅,81.2,1438.01,27层/共32层,2018年,1004,2025-10-25 21:48:37,4891,带车位,https://example.com/house/10958
海淀区,海淀区99号院10号楼8单元17室,三室两厅 海淀区优质房源,两室两厅,169.7,931.35,30层/共11层,2015年,1002,2025-05-19 21:48:37,4217,南北通透,https://example.com/house/10959
海淀区,海淀区24号院4号楼15单元5室,四室两厅 海淀区优质房源,三室一厅,116.1,761.29,23层/共30层,1999年,1002,2025-11-29 21:48:37,3607,学区房,https://example.com/house/10960
海淀区,海淀区97号院3号楼14单元89室,四室两厅 海淀区优质房源,四室两厅,63.9,243.53,6层/共22层,2020年,1002,2025-04-06 21:48:37,1160,带车位,https://example.com/house/10961
西城区,西城区1号院20号楼14单元28室,三室两厅 西城区优质房源,三室两厅,110.9,251.05,18层/共13层,1995年,1004,2026-02-04 21:48:37,279,带车位,https://example.com/house/10962
西城区,西城区14号院9号楼18单元30室,一室一厅 西城区优质房源,三室一厅,121.9,1388.88,16层/共30层,2018年,1004,2025-07-07 21:48:37,1889,南北通透,https://example.com/house/10963
顺义区,顺义区78号院28号楼20单元94室,三室两厅 顺义区优质房源,一室一厅,135.5,486.39,25层/共25层,2016年,1007,2025-11-03 21:48:37,4917,电梯房,https://example.com/house/10964
顺义区,顺义区18号院9号楼5单元29室,四室两厅 顺义区优质房源,两室两厅,185.7,325.22,22层/共22层,1998年,1007,2025-09-19 21:48:37,1482,近地铁,https://example.com/house/10965
顺义区,顺义区38号院29号楼14单元61室,四室两厅 顺义区优质房源,两室一厅,189.6,225.84,4层/共10层,2002年,1007,2025-08-17 21:48:37,4725,南北通透,https://example.com/house/10966
海淀区,海淀区57号院14号楼6单元59室,两室一厅 海淀区优质房源,三室一厅,115.1,1062.18,24层/共30层,1995年,1002,2025-11-18 21:48:37,2048,南北通透,https://example.com/house/10967
东城区,东城区27号院30号楼14单元92室,三室一厅 东城区优质房源,四室两厅,198.5,1285.17,26层/共23层,1990年,1005,2025-05-04 21:48:37,476,精装修,https://example.com/house/10968
顺义区,顺义区5号院22号楼8单元45室,三室两厅 顺义区优质房源,一室一厅,140.5,980.06,3层/共29层,2015年,1007,2026-02-11 21:48:37,684,精装修,https://example.com/house/10969
丰台区,丰台区66号院17号楼4单元56室,四室两厅 丰台区优质房源,三室一厅,89.5,416.48,21层/共17层,2011年,1003,2025-04-16 21:48:37,4079,带车位,https://example.com/house/10970
西城区,西城区69号院15号楼15单元92室,三室一厅 西城区优质房源,两室两厅,63.6,876.89,5层/共12层,1998年,1004,2025-09-30 21:48:37,2304,带车位,https://example.com/house/10971
西城区,西城区10号院10号楼19单元4室,两室一厅 西城区优质房源,两室两厅,136.4,932.1,15层/共12层,1995年,1004,2025-12-11 21:48:37,3048,学区房,https://example.com/house/10972
顺义区,顺义区57号院13号楼13单元83室,三室两厅 顺义区优质房源,三室两厅,97.9,322.74,21层/共26层,2011年,1007,2025-08-28 21:48:37,2294,精装修,https://example.com/house/10973
昌平区,昌平区49号院17号楼13单元35室,一室一厅 昌平区优质房源,两室一厅,178.2,1127.35,26层/共32层,2008年,1006,2025-04-29 21:48:37,2117,带车位,https://example.com/house/10974
丰台区,丰台区46号院22号楼10单元24室,三室一厅 丰台区优质房源,三室两厅,145.6,1298.24,22层/共17层,2011年,1003,2025-05-23 21:48:37,4770,精装修,https://example.com/house/10975
西城区,西城区54号院22号楼3单元15室,三室两厅 西城区优质房源,三室两厅,198.2,246.2,13层/共29层,2012年,1004,2025-06-16 21:48:37,3773,带车位,https://example.com/house/10976
海淀区,海淀区88号院26号楼3单元84室,三室一厅 海淀区优质房源,两室一厅,129.2,567.4,7层/共17层,1994年,1002,2025-10-26 21:48:37,2137,南北通透,https://example.com/house/10977
朝阳区,朝阳区51号院30号楼7单元98室,一室一厅 朝阳区优质房源,一室一厅,104.7,838.05,16层/共26层,2015年,1001,2025-07-21 21:48:37,2614,学区房,https://example.com/house/10978
东城区,东城区40号院13号楼13单元39室,三室两厅 东城区优质房源,两室两厅,134.0,1188.02,20层/共16层,2005年,1005,2025-03-12 21:48:37,4372,带车位,https://example.com/house/10979
昌平区,昌平区37号院18号楼13单元45室,三室一厅 昌平区优质房源,两室两厅,99.4,532.89,3层/共27层,2003年,1006,2025-06-12 21:48:37,2890,近地铁,https://example.com/house/10980
西城区,西城区38号院11号楼18单元9室,两室一厅 西城区优质房源,两室一厅,80.1,1363.91,18层/共18层,2015年,1004,2025-04-20 21:48:37,3840,南北通透,https://example.com/house/10981
东城区,东城区77号院22号楼18单元52室,三室一厅 东城区优质房源,四室两厅,192.1,1278.89,12层/共17层,2009年,1005,2026-01-11 21:48:37,2475,学区房,https://example.com/house/10982
东城区,东城区2号院2号楼18单元62室,四室两厅 东城区优质房源,四室两厅,77.4,1323.66,15层/共27层,2018年,1005,2025-11-30 21:48:37,4259,南北通透,https://example.com/house/10983
顺义区,顺义区83号院15号楼19单元74室,三室两厅 顺义区优质房源,三室两厅,128.4,1208.63,9层/共15层,2011年,1007,2026-01-01 21:48:37,2361,精装修,https://example.com/house/10984
海淀区,海淀区73号院28号楼6单元57室,四室两厅 海淀区优质房源,两室两厅,175.1,1401.9,7层/共26层,2011年,1002,2025-05-18 21:48:37,2629,带车位,https://example.com/house/10985
昌平区,昌平区59号院17号楼11单元29室,两室一厅 昌平区优质房源,三室一厅,109.7,1061.4,30层/共29层,2000年,1006,2026-01-22 21:48:37,1516,南北通透,https://example.com/house/10986
顺义区,顺义区69号院8号楼5单元1室,三室两厅 顺义区优质房源,三室两厅,55.8,232.36,24层/共24层,2002年,1007,2025-10-17 21:48:37,467,精装修,https://example.com/house/10987
海淀区,海淀区69号院17号楼16单元5室,三室一厅 海淀区优质房源,四室两厅,61.4,1155.94,18层/共29层,1999年,1002,2025-11-01 21:48:37,3644,带车位,https://example.com/house/10988
东城区,东城区82号院7号楼4单元49室,一室一厅 东城区优质房源,两室一厅,151.3,827.91,5层/共33层,2009年,1005,2025-11-30 21:48:37,919,学区房,https://example.com/house/10989
海淀区,海淀区72号院4号楼16单元66室,一室一厅 海淀区优质房源,三室两厅,118.5,925.64,26层/共14层,2008年,1002,2026-01-21 21:48:37,2091,南北通透,https://example.com/house/10990
顺义区,顺义区33号院19号楼1单元11室,四室两厅 顺义区优质房源,两室一厅,120.9,796.13,31层/共28层,1994年,1007,2025-05-15 21:48:37,3024,精装修,https://example.com/house/10991
顺义区,顺义区15号院4号楼17单元11室,一室一厅 顺义区优质房源,两室一厅,181.1,1314.78,19层/共26层,1999年,1007,2025-08-19 21:48:37,3367,电梯房,https://example.com/house/10992
昌平区,昌平区70号院29号楼11单元84室,两室两厅 昌平区优质房源,三室两厅,70.5,455.08,8层/共33层,2003年,1006,2025-09-12 21:48:37,3274,精装修,https://example.com/house/10993
朝阳区,朝阳区73号院22号楼12单元27室,四室两厅 朝阳区优质房源,一室一厅,179.2,911.36,22层/共12层,1991年,1001,2025-07-22 21:48:37,4282,带车位,https://example.com/house/10994
昌平区,昌平区90号院2号楼19单元37室,四室两厅 昌平区优质房源,三室一厅,142.5,703.79,2层/共27层,2018年,1006,2025-04-18 21:48:37,707,近地铁,https://example.com/house/10995
东城区,东城区24号院28号楼1单元89室,四室两厅 东城区优质房源,两室一厅,184.3,1157.39,33层/共14层,2020年,1005,2025-10-13 21:48:37,3815,电梯房,https://example.com/house/10996
朝阳区,朝阳区51号院2号楼9单元41室,两室两厅 朝阳区优质房源,两室两厅,78.3,417.9,27层/共12层,2000年,1001,2026-01-14 21:48:37,1454,学区房,https://example.com/house/10997
西城区,西城区60号院21号楼6单元67室,三室一厅 西城区优质房源,三室一厅,108.3,1036.89,21层/共31层,2004年,1004,2025-05-29 21:48:37,4093,精装修,https://example.com/house/10998
昌平区,昌平区70号院17号楼12单元98室,两室一厅 昌平区优质房源,四室两厅,90.5,265.87,20层/共25层,2003年,1006,2025-04-23 21:48:37,1819,南北通透,https://example.com/house/10999
海淀区,海淀区72号院8号楼7单元47室,两室两厅 海淀区优质房源,三室一厅,155.9,1330.19,23层/共32层,1995年,1002,2025-09-14 21:48:37,2730,精装修,https://example.com/house/11000
西城区,西城区53号院11号楼20单元10室,两室一厅 西城区优质房源,三室两厅,140.4,1024.56,9层/共27层,2020年,1004,2025-07-23 21:48:37,2996,学区房,https://example.com/house/11001
丰台区,丰台区2号院27号楼1单元23室,两室两厅 丰台区优质房源,三室一厅,130.0,1047.21,1层/共25层,1991年,1003,2025-12-20 21:48:37,1973,近地铁,https://example.com/house/11002
朝阳区,朝阳区64号院8号楼19单元99室,四室两厅 朝阳区优质房源,一室一厅,192.5,434.64,8层/共16层,2020年,1001,2025-11-07 21:48:37,2415,精装修,https://example.com/house/11003
朝阳区,朝阳区44号院8号楼14单元22室,一室一厅 朝阳区优质房源,两室两厅,162.0,550.17,1层/共19层,1999年,1001,2025-10-01 21:48:37,3546,南北通透,https://example.com/house/11004
昌平区,昌平区9号院3号楼11单元28室,两室一厅 昌平区优质房源,两室一厅,135.2,728.7,16层/共15层,1996年,1006,2026-02-26 21:48:37,252,近地铁,https://example.com/house/11005
顺义区,顺义区80号院14号楼13单元28室,四室两厅 顺义区优质房源,一室一厅,82.0,315.32,5层/共27层,2000年,1007,2026-02-18 21:48:37,760,电梯房,https://example.com/house/11006
昌平区,昌平区77号院7号楼4单元67室,一室一厅 昌平区优质房源,两室一厅,189.7,458.18,2层/共16层,1990年,1006,2025-04-14 21:48:37,259,学区房,https://example.com/house/11007
顺义区,顺义区60号院21号楼2单元61室,三室一厅 顺义区优质房源,两室两厅,156.9,565.46,31层/共13层,1999年,1007,2025-09-16 21:48:37,3150,南北通透,https://example.com/house/11008
丰台区,丰台区66号院18号楼3单元71室,两室两厅 丰台区优质房源,四室两厅,173.7,607.16,11层/共27层,1991年,1003,2025-03-14 21:48:37,272,学区房,https://example.com/house/11009
西城区,西城区5号院16号楼17单元96室,两室一厅 西城区优质房源,四室两厅,84.4,761.25,6层/共21层,1997年,1004,2025-06-27 21:48:37,212,南北通透,https://example.com/house/11010
顺义区,顺义区13号院2号楼13单元36室,两室一厅 顺义区优质房源,两室一厅,115.3,750.36,17层/共30层,2003年,1007,2025-04-16 21:48:37,1970,精装修,https://example.com/house/11011
东城区,东城区38号院23号楼4单元87室,四室两厅 东城区优质房源,四室两厅,198.2,222.1,1层/共26层,1996年,1005,2025-11-08 21:48:37,4972,南北通透,https://example.com/house/11012
东城区,东城区68号院23号楼1单元34室,四室两厅 东城区优质房源,三室一厅,115.1,808.6,28层/共15层,1992年,1005,2026-03-01 21:48:37,186,电梯房,https://example.com/house/11013
西城区,西城区94号院17号楼16单元45室,两室两厅 西城区优质房源,三室一厅,177.2,294.71,11层/共24层,2016年,1004,2025-12-11 21:48:37,2119,精装修,https://example.com/house/11014
昌平区,昌平区18号院24号楼19单元61室,一室一厅 昌平区优质房源,三室两厅,148.2,629.45,5层/共25层,1996年,1006,2025-10-16 21:48:37,3335,带车位,https://example.com/house/11015
朝阳区,朝阳区38号院20号楼20单元84室,两室一厅 朝阳区优质房源,三室两厅,139.1,337.97,18层/共19层,1994年,1001,2025-04-28 21:48:37,2676,电梯房,https://example.com/house/11016
昌平区,昌平区48号院14号楼10单元8室,两室两厅 昌平区优质房源,三室一厅,69.2,1300.11,26层/共17层,1990年,1006,2025-07-09 21:48:37,839,学区房,https://example.com/house/11017
西城区,西城区66号院26号楼12单元16室,一室一厅 西城区优质房源,两室两厅,121.8,404.65,33层/共13层,2000年,1004,2026-02-08 21:48:37,2431,带车位,https://example.com/house/11018
昌平区,昌平区50号院8号楼5单元65室,四室两厅 昌平区优质房源,一室一厅,167.8,1467.58,7层/共12层,1993年,1006,2025-11-23 21:48:37,4108,精装修,https://example.com/house/11019
丰台区,丰台区69号院25号楼11单元88室,三室一厅 丰台区优质房源,三室两厅,101.8,580.32,4层/共30层,1999年,1003,2025-12-30 21:48:37,2272,电梯房,https://example.com/house/11020
东城区,东城区60号院2号楼4单元45室,三室两厅 东城区优质房源,一室一厅,153.9,747.7,7层/共24层,2020年,1005,2025-12-18 21:48:37,4319,带车位,https://example.com/house/11021
海淀区,海淀区15号院7号楼3单元38室,两室两厅 海淀区优质房源,两室两厅,50.2,1217.19,6层/共13层,1990年,1002,2025-05-27 21:48:37,3975,精装修,https://example.com/house/11022
丰台区,丰台区24号院4号楼17单元96室,两室一厅 丰台区优质房源,三室一厅,129.4,801.42,22层/共13层,1998年,1003,2025-03-18 21:48:37,2905,电梯房,https://example.com/house/11023
朝阳区,朝阳区78号院17号楼17单元36室,一室一厅 朝阳区优质房源,四室两厅,164.7,1050.16,7层/共24层,2010年,1001,2025-10-05 21:48:37,1725,精装修,https://example.com/house/11024
丰台区,丰台区23号院14号楼13单元19室,四室两厅 丰台区优质房源,两室一厅,143.8,547.13,16层/共14层,2006年,1003,2026-01-25 21:48:37,4940,南北通透,https://example.com/house/11025
西城区,西城区36号院5号楼1单元24室,一室一厅 西城区优质房源,三室两厅,112.8,234.15,8层/共15层,1998年,1004,2025-06-29 21:48:37,4190,电梯房,https://example.com/house/11026
昌平区,昌平区1号院6号楼16单元11室,两室一厅 昌平区优质房源,三室一厅,165.8,780.1,15层/共30层,1998年,1006,2025-09-29 21:48:37,3899,精装修,https://example.com/house/11027
海淀区,海淀区18号院19号楼7单元73室,两室一厅 海淀区优质房源,两室两厅,164.2,1127.56,29层/共19层,2006年,1002,2026-02-06 21:48:37,1617,学区房,https://example.com/house/11028
东城区,东城区8号院4号楼8单元80室,三室两厅 东城区优质房源,三室两厅,79.1,629.59,4层/共20层,2000年,1005,2025-03-26 21:48:37,3484,带车位,https://example.com/house/11029
西城区,西城区91号院21号楼13单元97室,四室两厅 西城区优质房源,三室一厅,101.2,1398.6,8层/共17层,2016年,1004,2025-10-30 21:48:37,2450,电梯房,https://example.com/house/11030
顺义区,顺义区39号院22号楼5单元25室,两室两厅 顺义区优质房源,一室一厅,100.3,465.09,15层/共18层,2004年,1007,2025-06-21 21:48:37,2784,学区房,https://example.com/house/11031
丰台区,丰台区73号院10号楼6单元19室,一室一厅 丰台区优质房源,两室两厅,99.0,999.17,27层/共13层,2000年,1003,2025-12-02 21:48:37,1021,电梯房,https://example.com/house/11032
西城区,西城区48号院3号楼4单元40室,四室两厅 西城区优质房源,两室两厅,67.0,467.99,17层/共15层,1994年,1004,2025-06-04 21:48:37,4883,学区房,https://example.com/house/11033
昌平区,昌平区49号院21号楼20单元17室,四室两厅 昌平区优质房源,三室两厅,113.1,952.3,24层/共21层,1998年,1006,2025-12-09 21:48:37,2554,学区房,https://example.com/house/11034
朝阳区,朝阳区95号院25号楼19单元31室,四室两厅 朝阳区优质房源,三室两厅,91.3,223.82,30层/共12层,2000年,1001,2025-12-28 21:48:37,188,带车位,https://example.com/house/11035
东城区,东城区58号院12号楼2单元54室,一室一厅 东城区优质房源,三室一厅,117.2,212.47,3层/共22层,2017年,1005,2025-08-05 21:48:37,1792,学区房,https://example.com/house/11036
东城区,东城区17号院12号楼9单元6室,三室一厅 东城区优质房源,两室两厅,194.6,881.4,3层/共33层,2012年,1005,2025-06-15 21:48:37,867,近地铁,https://example.com/house/11037
顺义区,顺义区36号院17号楼8单元4室,三室一厅 顺义区优质房源,一室一厅,123.2,650.73,17层/共13层,1992年,1007,2025-07-07 21:48:37,3749,精装修,https://example.com/house/11038
朝阳区,朝阳区24号院1号楼13单元92室,两室两厅 朝阳区优质房源,三室一厅,109.2,1455.9,2层/共30层,1991年,1001,2025-03-23 21:48:37,2773,电梯房,https://example.com/house/11039
海淀区,海淀区18号院14号楼8单元59室,四室两厅 海淀区优质房源,四室两厅,199.4,478.99,10层/共22层,2000年,1002,2025-10-29 21:48:37,3404,学区房,https://example.com/house/11040
丰台区,丰台区51号院10号楼19单元92室,四室两厅 丰台区优质房源,四室两厅,137.0,371.35,13层/共12层,2004年,1003,2025-04-16 21:48:37,4179,带车位,https://example.com/house/11041
昌平区,昌平区39号院3号楼8单元61室,两室一厅 昌平区优质房源,两室两厅,119.4,641.31,17层/共21层,2004年,1006,2025-07-18 21:48:37,553,南北通透,https://example.com/house/11042
西城区,西城区63号院12号楼2单元97室,四室两厅 西城区优质房源,一室一厅,108.7,1435.7,5层/共14层,1999年,1004,2026-01-10 21:48:37,3140,近地铁,https://example.com/house/11043
东城区,东城区69号院10号楼4单元41室,两室两厅 东城区优质房源,三室一厅,61.0,307.18,22层/共30层,1998年,1005,2025-09-06 21:48:37,4750,精装修,https://example.com/house/11044
海淀区,海淀区32号院2号楼5单元57室,三室两厅 海淀区优质房源,两室一厅,82.8,1120.53,22层/共22层,2005年,1002,2025-07-18 21:48:37,3556,学区房,https://example.com/house/11045
顺义区,顺义区38号院29号楼8单元52室,三室两厅 顺义区优质房源,三室一厅,157.3,725.35,16层/共24层,1998年,1007,2025-12-14 21:48:37,2363,精装修,https://example.com/house/11046
顺义区,顺义区10号院16号楼15单元65室,两室一厅 顺义区优质房源,三室两厅,184.4,902.08,2层/共10层,1994年,1007,2025-09-20 21:48:37,2194,带车位,https://example.com/house/11047
丰台区,丰台区32号院6号楼2单元39室,三室一厅 丰台区优质房源,两室一厅,122.1,689.23,18层/共15层,2004年,1003,2025-03-25 21:48:37,3027,学区房,https://example.com/house/11048
顺义区,顺义区96号院23号楼18单元48室,三室两厅 顺义区优质房源,三室两厅,198.9,307.35,1层/共31层,2018年,1007,2025-03-14 21:48:37,4466,精装修,https://example.com/house/11049
西城区,西城区56号院24号楼8单元28室,三室两厅 西城区优质房源,四室两厅,165.8,685.28,29层/共11层,1997年,1004,2025-03-28 21:48:37,3257,电梯房,https://example.com/house/11050
昌平区,昌平区82号院22号楼16单元42室,四室两厅 昌平区优质房源,两室一厅,121.7,1073.65,18层/共11层,2013年,1006,2025-07-31 21:48:37,2527,精装修,https://example.com/house/11051
朝阳区,朝阳区26号院22号楼6单元6室,两室两厅 朝阳区优质房源,四室两厅,58.0,1257.6,13层/共31层,2018年,1001,2026-01-11 21:48:37,1086,带车位,https://example.com/house/11052
丰台区,丰台区65号院29号楼4单元50室,一室一厅 丰台区优质房源,两室一厅,154.7,516.88,6层/共10层,2015年,1003,2026-01-29 21:48:37,2566,带车位,https://example.com/house/11053
昌平区,昌平区47号院25号楼10单元2室,两室一厅 昌平区优质房源,三室一厅,157.0,248.97,32层/共14层,1996年,1006,2026-01-23 21:48:37,330,南北通透,https://example.com/house/11054
丰台区,丰台区34号院26号楼11单元28室,两室两厅 丰台区优质房源,两室两厅,142.5,552.65,26层/共25层,2001年,1003,2026-01-27 21:48:37,2438,南北通透,https://example.com/house/11055
顺义区,顺义区38号院20号楼17单元33室,一室一厅 顺义区优质房源,两室一厅,139.6,986.28,25层/共28层,1998年,1007,2025-10-01 21:48:37,4643,精装修,https://example.com/house/11056
顺义区,顺义区50号院23号楼17单元48室,一室一厅 顺义区优质房源,三室两厅,98.0,1261.04,30层/共26层,1997年,1007,2025-03-24 21:48:37,4332,电梯房,https://example.com/house/11057
丰台区,丰台区98号院22号楼19单元54室,一室一厅 丰台区优质房源,三室一厅,56.8,339.13,7层/共26层,2011年,1003,2025-03-25 21:48:37,163,近地铁,https://example.com/house/11058
丰台区,丰台区6号院26号楼16单元12室,两室一厅 丰台区优质房源,两室一厅,191.3,1098.74,22层/共30层,2012年,1003,2025-11-02 21:48:37,1636,带车位,https://example.com/house/11059
西城区,西城区55号院23号楼19单元69室,三室两厅 西城区优质房源,两室两厅,111.6,1303.8,22层/共28层,2011年,1004,2025-11-18 21:48:37,1463,电梯房,https://example.com/house/11060
海淀区,海淀区96号院16号楼4单元38室,三室两厅 海淀区优质房源,两室两厅,109.0,1091.48,30层/共28层,2019年,1002,2025-06-09 21:48:37,2463,南北通透,https://example.com/house/11061
朝阳区,朝阳区38号院21号楼20单元19室,两室一厅 朝阳区优质房源,一室一厅,52.3,685.83,33层/共14层,2012年,1001,2025-04-22 21:48:37,1546,电梯房,https://example.com/house/11062
海淀区,海淀区65号院23号楼6单元36室,三室两厅 海淀区优质房源,三室一厅,183.2,1372.21,23层/共26层,2010年,1002,2025-12-26 21:48:37,1706,带车位,https://example.com/house/11063
丰台区,丰台区32号院24号楼12单元31室,两室一厅 丰台区优质房源,一室一厅,144.6,1196.64,19层/共14层,2015年,1003,2025-12-01 21:48:37,3272,精装修,https://example.com/house/11064
昌平区,昌平区1号院28号楼11单元99室,四室两厅 昌平区优质房源,四室两厅,195.0,738.15,10层/共18层,2005年,1006,2025-07-28 21:48:37,744,南北通透,https://example.com/house/11065
顺义区,顺义区42号院30号楼17单元85室,三室一厅 顺义区优质房源,三室一厅,104.0,1015.52,21层/共11层,2012年,1007,2025-09-20 21:48:37,2212,近地铁,https://example.com/house/11066
顺义区,顺义区37号院21号楼11单元65室,两室两厅 顺义区优质房源,一室一厅,131.3,1483.12,3层/共29层,1993年,1007,2025-10-21 21:48:37,2683,电梯房,https://example.com/house/11067
西城区,西城区54号院17号楼4单元28室,两室两厅 西城区优质房源,三室一厅,59.7,1178.3,23层/共12层,2008年,1004,2025-07-25 21:48:37,3315,近地铁,https://example.com/house/11068
海淀区,海淀区20号院19号楼7单元37室,两室一厅 海淀区优质房源,三室两厅,138.7,270.94,3层/共31层,1995年,1002,2025-10-23 21:48:37,4151,近地铁,https://example.com/house/11069
昌平区,昌平区33号院28号楼5单元29室,两室两厅 昌平区优质房源,两室两厅,65.7,492.32,19层/共30层,2014年,1006,2025-10-22 21:48:37,2421,学区房,https://example.com/house/11070
昌平区,昌平区89号院6号楼3单元56室,三室一厅 昌平区优质房源,三室两厅,190.7,1300.06,12层/共17层,2015年,1006,2025-10-18 21:48:37,1080,带车位,https://example.com/house/11071
丰台区,丰台区15号院7号楼18单元85室,两室一厅 丰台区优质房源,三室两厅,173.7,1053.21,1层/共30层,2016年,1003,2025-06-21 21:48:37,1310,近地铁,https://example.com/house/11072
朝阳区,朝阳区57号院2号楼8单元45室,一室一厅 朝阳区优质房源,四室两厅,83.5,340.7,6层/共18层,1990年,1001,2025-06-18 21:48:37,2798,近地铁,https://example.com/house/11073
海淀区,海淀区24号院27号楼7单元66室,四室两厅 海淀区优质房源,两室两厅,95.6,1275.23,20层/共10层,1991年,1002,2025-07-21 21:48:37,4023,近地铁,https://example.com/house/11074
丰台区,丰台区83号院10号楼5单元44室,一室一厅 丰台区优质房源,两室一厅,101.3,1470.65,25层/共31层,2008年,1003,2026-02-27 21:48:37,3374,精装修,https://example.com/house/11075
丰台区,丰台区74号院28号楼1单元86室,四室两厅 丰台区优质房源,三室一厅,111.6,594.32,4层/共19层,1992年,1003,2025-09-20 21:48:37,2815,电梯房,https://example.com/house/11076
海淀区,海淀区16号院6号楼8单元98室,两室一厅 海淀区优质房源,两室两厅,161.8,1395.87,29层/共15层,1999年,1002,2026-01-11 21:48:37,4791,电梯房,https://example.com/house/11077
昌平区,昌平区40号院30号楼8单元3室,三室一厅 昌平区优质房源,三室两厅,91.1,371.9,3层/共31层,2001年,1006,2025-11-10 21:48:37,3355,带车位,https://example.com/house/11078
东城区,东城区63号院29号楼12单元86室,两室两厅 东城区优质房源,三室两厅,62.5,785.0,18层/共25层,2006年,1005,2025-03-12 21:48:37,2200,南北通透,https://example.com/house/11079
东城区,东城区48号院9号楼6单元73室,三室两厅 东城区优质房源,四室两厅,197.7,672.31,18层/共26层,1994年,1005,2026-03-02 21:48:37,2266,电梯房,https://example.com/house/11080
朝阳区,朝阳区29号院9号楼2单元68室,三室一厅 朝阳区优质房源,三室两厅,141.9,1444.97,6层/共30层,2014年,1001,2025-05-03 21:48:37,25,电梯房,https://example.com/house/11081
西城区,西城区54号院30号楼14单元79室,三室一厅 西城区优质房源,两室一厅,50.7,354.72,3层/共13层,1999年,1004,2025-11-15 21:48:37,1303,南北通透,https://example.com/house/11082
丰台区,丰台区59号院17号楼7单元24室,两室一厅 丰台区优质房源,三室一厅,77.8,1418.73,4层/共11层,2012年,1003,2026-02-14 21:48:37,4498,带车位,https://example.com/house/11083
昌平区,昌平区13号院10号楼16单元36室,两室一厅 昌平区优质房源,四室两厅,98.2,343.74,5层/共12层,1998年,1006,2025-05-27 21:48:37,2951,近地铁,https://example.com/house/11084
海淀区,海淀区47号院19号楼17单元29室,三室两厅 海淀区优质房源,三室两厅,148.1,1432.53,23层/共31层,2007年,1002,2025-11-01 21:48:37,216,学区房,https://example.com/house/11085
海淀区,海淀区59号院24号楼8单元88室,两室一厅 海淀区优质房源,一室一厅,139.7,1202.05,29层/共21层,1999年,1002,2026-03-05 21:48:37,318,电梯房,https://example.com/house/11086
东城区,东城区59号院1号楼13单元8室,两室一厅 东城区优质房源,两室两厅,85.9,679.96,23层/共21层,2016年,1005,2025-05-16 21:48:37,2821,精装修,https://example.com/house/11087
东城区,东城区87号院25号楼2单元54室,两室一厅 东城区优质房源,两室两厅,174.0,867.74,32层/共17层,2012年,1005,2025-09-04 21:48:37,2579,南北通透,https://example.com/house/11088
东城区,东城区57号院5号楼13单元19室,三室两厅 东城区优质房源,三室一厅,106.8,837.96,14层/共24层,1993年,1005,2026-01-08 21:48:37,3126,近地铁,https://example.com/house/11089
海淀区,海淀区20号院20号楼9单元65室,三室一厅 海淀区优质房源,三室一厅,154.1,1440.79,11层/共15层,1999年,1002,2026-01-01 21:48:37,3573,带车位,https://example.com/house/11090
西城区,西城区71号院9号楼5单元69室,三室一厅 西城区优质房源,两室一厅,90.8,397.79,3层/共32层,1991年,1004,2025-11-12 21:48:37,1892,带车位,https://example.com/house/11091
西城区,西城区10号院19号楼19单元8室,四室两厅 西城区优质房源,两室两厅,70.2,960.29,3层/共14层,2009年,1004,2025-03-11 21:48:37,4252,南北通透,https://example.com/house/11092
海淀区,海淀区36号院30号楼2单元85室,两室两厅 海淀区优质房源,两室一厅,54.7,1099.17,7层/共19层,2010年,1002,2025-06-10 21:48:37,721,电梯房,https://example.com/house/11093
海淀区,海淀区46号院13号楼16单元73室,一室一厅 海淀区优质房源,两室一厅,142.3,485.18,31层/共17层,2011年,1002,2025-03-11 21:48:37,3737,带车位,https://example.com/house/11094
东城区,东城区62号院23号楼3单元43室,两室一厅 东城区优质房源,两室一厅,198.2,991.89,12层/共28层,1993年,1005,2025-06-24 21:48:37,2259,带车位,https://example.com/house/11095
朝阳区,朝阳区79号院24号楼7单元26室,两室两厅 朝阳区优质房源,三室一厅,52.4,1317.51,9层/共15层,1998年,1001,2025-09-26 21:48:37,120,电梯房,https://example.com/house/11096
海淀区,海淀区65号院9号楼19单元55室,一室一厅 海淀区优质房源,三室两厅,166.9,435.65,23层/共29层,2015年,1002,2025-03-22 21:48:37,3602,带车位,https://example.com/house/11097
东城区,东城区43号院29号楼19单元76室,一室一厅 东城区优质房源,两室一厅,140.1,1367.13,23层/共29层,2011年,1005,2026-01-27 21:48:37,3157,电梯房,https://example.com/house/11098
海淀区,海淀区1号院22号楼7单元86室,三室一厅 海淀区优质房源,三室两厅,156.2,1127.52,26层/共12层,2012年,1002,2025-10-09 21:48:37,4276,电梯房,https://example.com/house/11099
朝阳区,朝阳区27号院2号楼18单元72室,四室两厅 朝阳区优质房源,一室一厅,55.8,624.75,7层/共29层,1992年,1001,2025-12-11 21:48:37,1700,近地铁,https://example.com/house/11100
朝阳区,朝阳区70号院11号楼2单元11室,四室两厅 朝阳区优质房源,一室一厅,189.1,396.45,12层/共10层,2007年,1001,2025-05-06 21:48:37,1952,精装修,https://example.com/house/11101
顺义区,顺义区32号院11号楼7单元42室,三室两厅 顺义区优质房源,两室两厅,147.6,328.82,13层/共32层,2006年,1007,2025-09-24 21:48:37,452,电梯房,https://example.com/house/11102
东城区,东城区37号院5号楼8单元20室,两室一厅 东城区优质房源,两室一厅,94.2,236.69,7层/共14层,2010年,1005,2025-11-25 21:48:37,1327,精装修,https://example.com/house/11103
昌平区,昌平区1号院4号楼3单元12室,两室两厅 昌平区优质房源,三室两厅,155.6,1376.86,18层/共25层,2017年,1006,2025-08-01 21:48:37,734,精装修,https://example.com/house/11104
丰台区,丰台区77号院8号楼17单元5室,三室两厅 丰台区优质房源,三室两厅,68.9,261.53,32层/共15层,2016年,1003,2025-06-03 21:48:37,3317,精装修,https://example.com/house/11105
昌平区,昌平区43号院17号楼8单元12室,两室一厅 昌平区优质房源,三室两厅,93.9,773.72,31层/共14层,1995年,1006,2025-04-23 21:48:37,323,南北通透,https://example.com/house/11106
西城区,西城区76号院29号楼12单元89室,四室两厅 西城区优质房源,两室一厅,190.5,263.32,27层/共11层,2010年,1004,2025-12-16 21:48:37,4903,精装修,https://example.com/house/11107
西城区,西城区81号院20号楼19单元47室,三室一厅 西城区优质房源,四室两厅,50.3,1222.26,33层/共24层,2014年,1004,2025-11-20 21:48:37,1247,近地铁,https://example.com/house/11108
西城区,西城区23号院17号楼7单元32室,两室一厅 西城区优质房源,三室一厅,112.5,1058.3,24层/共22层,2012年,1004,2025-10-09 21:48:37,4809,带车位,https://example.com/house/11109
丰台区,丰台区65号院22号楼3单元45室,三室两厅 丰台区优质房源,三室两厅,119.0,1048.64,5层/共13层,2017年,1003,2026-03-03 21:48:37,2179,带车位,https://example.com/house/11110
西城区,西城区20号院10号楼3单元65室,三室两厅 西城区优质房源,四室两厅,52.1,913.89,28层/共32层,2009年,1004,2025-10-12 21:48:37,2805,精装修,https://example.com/house/11111
朝阳区,朝阳区12号院8号楼12单元36室,两室两厅 朝阳区优质房源,三室一厅,178.8,395.8,32层/共29层,2014年,1001,2025-10-22 21:48:37,692,电梯房,https://example.com/house/11112
丰台区,丰台区10号院23号楼4单元73室,两室两厅 丰台区优质房源,两室两厅,50.6,448.36,4层/共26层,1992年,1003,2025-08-23 21:48:37,4647,南北通透,https://example.com/house/11113
顺义区,顺义区13号院1号楼3单元25室,三室一厅 顺义区优质房源,一室一厅,69.2,716.78,4层/共20层,2014年,1007,2025-05-14 21:48:37,218,学区房,https://example.com/house/11114
海淀区,海淀区30号院19号楼2单元69室,一室一厅 海淀区优质房源,四室两厅,177.9,1279.22,3层/共19层,2011年,1002,2026-01-24 21:48:37,885,近地铁,https://example.com/house/11115
丰台区,丰台区37号院18号楼7单元83室,三室一厅 丰台区优质房源,两室一厅,127.3,661.73,6层/共18层,2020年,1003,2025-04-04 21:48:37,4262,带车位,https://example.com/house/11116
朝阳区,朝阳区42号院27号楼17单元3室,三室两厅 朝阳区优质房源,三室两厅,152.5,757.95,25层/共21层,2001年,1001,2025-07-20 21:48:37,3911,近地铁,https://example.com/house/11117
昌平区,昌平区91号院4号楼8单元53室,三室一厅 昌平区优质房源,两室一厅,93.4,1328.39,10层/共10层,2002年,1006,2025-10-13 21:48:37,3857,南北通透,https://example.com/house/11118
海淀区,海淀区58号院26号楼1单元68室,四室两厅 海淀区优质房源,一室一厅,83.2,614.41,30层/共19层,2010年,1002,2025-09-15 21:48:37,2778,精装修,https://example.com/house/11119
顺义区,顺义区96号院14号楼7单元11室,一室一厅 顺义区优质房源,两室一厅,69.6,262.2,2层/共19层,2019年,1007,2026-02-11 21:48:37,4984,电梯房,https://example.com/house/11120
海淀区,海淀区59号院7号楼4单元92室,四室两厅 海淀区优质房源,三室两厅,159.5,1055.65,14层/共16层,2011年,1002,2025-03-29 21:48:37,4418,南北通透,https://example.com/house/11121
昌平区,昌平区23号院11号楼7单元23室,三室两厅 昌平区优质房源,三室一厅,119.3,368.95,18层/共22层,2003年,1006,2025-03-12 21:48:37,942,电梯房,https://example.com/house/11122
顺义区,顺义区28号院18号楼20单元10室,两室两厅 顺义区优质房源,两室两厅,64.6,363.89,17层/共16层,1993年,1007,2025-07-30 21:48:37,206,学区房,https://example.com/house/11123
顺义区,顺义区72号院30号楼12单元46室,四室两厅 顺义区优质房源,三室两厅,83.0,1327.07,1层/共31层,1999年,1007,2025-08-23 21:48:37,1220,带车位,https://example.com/house/11124
顺义区,顺义区39号院10号楼19单元13室,三室两厅 顺义区优质房源,三室一厅,54.3,1369.11,15层/共20层,2005年,1007,2026-03-05 21:48:37,2556,南北通透,https://example.com/house/11125
朝阳区,朝阳区16号院25号楼10单元63室,两室一厅 朝阳区优质房源,一室一厅,70.7,415.34,5层/共23层,2015年,1001,2025-10-31 21:48:37,2707,精装修,https://example.com/house/11126
顺义区,顺义区35号院19号楼16单元89室,三室一厅 顺义区优质房源,两室一厅,109.9,1271.73,28层/共26层,2006年,1007,2025-12-26 21:48:37,3470,带车位,https://example.com/house/11127
丰台区,丰台区78号院7号楼12单元9室,两室一厅 丰台区优质房源,两室两厅,155.2,1074.13,29层/共30层,1991年,1003,2025-05-06 21:48:37,1027,近地铁,https://example.com/house/11128
海淀区,海淀区8号院10号楼13单元33室,三室两厅 海淀区优质房源,三室两厅,86.5,1479.8,32层/共10层,2020年,1002,2025-04-08 21:48:37,2544,南北通透,https://example.com/house/11129
西城区,西城区10号院2号楼15单元6室,三室一厅 西城区优质房源,两室两厅,190.1,624.27,15层/共28层,1990年,1004,2026-01-19 21:48:37,1983,南北通透,https://example.com/house/11130
东城区,东城区49号院21号楼4单元21室,三室两厅 东城区优质房源,三室两厅,70.2,462.02,5层/共11层,1999年,1005,2025-05-16 21:48:37,4829,近地铁,https://example.com/house/11131
东城区,东城区33号院9号楼6单元2室,一室一厅 东城区优质房源,两室两厅,198.3,400.66,10层/共31层,2002年,1005,2025-06-16 21:48:37,2247,精装修,https://example.com/house/11132
朝阳区,朝阳区20号院15号楼2单元74室,三室两厅 朝阳区优质房源,一室一厅,156.3,1143.2,23层/共22层,1998年,1001,2025-06-17 21:48:37,2419,学区房,https://example.com/house/11133
昌平区,昌平区68号院19号楼9单元40室,三室一厅 昌平区优质房源,一室一厅,126.7,344.8,7层/共32层,2012年,1006,2025-11-30 21:48:37,1333,精装修,https://example.com/house/11134
东城区,东城区7号院11号楼4单元12室,四室两厅 东城区优质房源,两室一厅,176.5,870.59,12层/共22层,1994年,1005,2025-12-26 21:48:37,3972,带车位,https://example.com/house/11135
海淀区,海淀区5号院4号楼16单元94室,三室一厅 海淀区优质房源,一室一厅,135.5,773.15,22层/共16层,2020年,1002,2025-07-16 21:48:37,3689,近地铁,https://example.com/house/11136
丰台区,丰台区3号院6号楼11单元15室,两室一厅 丰台区优质房源,四室两厅,74.8,1195.89,26层/共12层,1998年,1003,2026-02-09 21:48:37,1557,带车位,https://example.com/house/11137
丰台区,丰台区17号院28号楼6单元10室,三室两厅 丰台区优质房源,三室一厅,110.9,1141.26,18层/共20层,1993年,1003,2025-08-04 21:48:37,209,电梯房,https://example.com/house/11138
朝阳区,朝阳区38号院28号楼18单元33室,两室一厅 朝阳区优质房源,一室一厅,63.3,745.21,18层/共14层,2020年,1001,2026-02-16 21:48:37,4714,南北通透,https://example.com/house/11139
西城区,西城区91号院26号楼10单元36室,三室一厅 西城区优质房源,一室一厅,149.6,1099.18,28层/共24层,2010年,1004,2025-04-11 21:48:37,1487,学区房,https://example.com/house/11140
西城区,西城区52号院8号楼20单元84室,一室一厅 西城区优质房源,一室一厅,156.8,341.78,33层/共23层,1991年,1004,2026-01-10 21:48:37,1195,南北通透,https://example.com/house/11141
西城区,西城区73号院2号楼9单元82室,三室一厅 西城区优质房源,两室一厅,74.5,1458.95,20层/共14层,2001年,1004,2025-11-11 21:48:37,3138,学区房,https://example.com/house/11142
昌平区,昌平区19号院11号楼6单元7室,三室两厅 昌平区优质房源,两室一厅,51.8,1291.71,4层/共23层,1998年,1006,2025-09-29 21:48:37,2826,近地铁,https://example.com/house/11143
丰台区,丰台区93号院19号楼3单元97室,两室一厅 丰台区优质房源,两室两厅,72.8,263.35,17层/共13层,2014年,1003,2025-05-03 21:48:37,3254,近地铁,https://example.com/house/11144
东城区,东城区86号院7号楼20单元3室,两室一厅 东城区优质房源,四室两厅,63.0,585.53,20层/共10层,2020年,1005,2025-08-25 21:48:37,4174,精装修,https://example.com/house/11145
顺义区,顺义区35号院19号楼7单元47室,两室两厅 顺义区优质房源,三室两厅,133.9,253.28,14层/共18层,2000年,1007,2025-11-12 21:48:37,3080,精装修,https://example.com/house/11146
朝阳区,朝阳区84号院14号楼13单元43室,三室一厅 朝阳区优质房源,四室两厅,119.3,397.38,20层/共15层,2020年,1001,2025-09-16 21:48:37,3402,近地铁,https://example.com/house/11147
顺义区,顺义区5号院26号楼10单元46室,一室一厅 顺义区优质房源,两室一厅,111.2,1234.6,21层/共25层,2000年,1007,2025-06-05 21:48:37,2295,学区房,https://example.com/house/11148
昌平区,昌平区50号院8号楼1单元77室,两室一厅 昌平区优质房源,三室两厅,92.7,561.97,4层/共29层,2018年,1006,2025-05-16 21:48:37,3026,学区房,https://example.com/house/11149
昌平区,昌平区27号院20号楼19单元20室,三室一厅 昌平区优质房源,三室一厅,67.6,975.4,1层/共27层,2020年,1006,2025-09-08 21:48:37,1801,南北通透,https://example.com/house/11150
东城区,东城区50号院10号楼3单元66室,三室一厅 东城区优质房源,四室两厅,124.9,1205.2,27层/共18层,2014年,1005,2025-03-26 21:48:37,1676,电梯房,https://example.com/house/11151
海淀区,海淀区83号院30号楼16单元69室,两室一厅 海淀区优质房源,三室一厅,57.4,741.72,19层/共17层,2005年,1002,2025-10-07 21:48:37,1827,精装修,https://example.com/house/11152
昌平区,昌平区75号院16号楼18单元75室,两室一厅 昌平区优质房源,一室一厅,111.0,896.06,8层/共13层,2014年,1006,2026-02-02 21:48:37,2870,近地铁,https://example.com/house/11153
朝阳区,朝阳区88号院20号楼9单元5室,一室一厅 朝阳区优质房源,两室一厅,75.0,953.55,12层/共21层,2015年,1001,2025-07-26 21:48:37,1676,近地铁,https://example.com/house/11154
东城区,东城区87号院19号楼6单元56室,两室一厅 东城区优质房源,四室两厅,85.1,1269.68,28层/共16层,2017年,1005,2025-10-18 21:48:37,3372,南北通透,https://example.com/house/11155
昌平区,昌平区58号院14号楼16单元11室,两室一厅 昌平区优质房源,两室一厅,137.4,1497.89,7层/共29层,2006年,1006,2025-12-26 21:48:37,493,电梯房,https://example.com/house/11156
东城区,东城区51号院2号楼3单元26室,四室两厅 东城区优质房源,四室两厅,103.6,1394.73,12层/共23层,2007年,1005,2026-02-19 21:48:37,3521,学区房,https://example.com/house/11157
西城区,西城区11号院23号楼6单元54室,两室一厅 西城区优质房源,三室一厅,66.7,619.54,7层/共27层,2014年,1004,2025-09-25 21:48:37,2593,电梯房,https://example.com/house/11158
朝阳区,朝阳区98号院7号楼12单元22室,三室一厅 朝阳区优质房源,一室一厅,50.2,806.51,13层/共10层,2002年,1001,2026-01-18 21:48:37,2660,精装修,https://example.com/house/11159
东城区,东城区63号院1号楼14单元59室,三室一厅 东城区优质房源,三室一厅,180.8,527.93,21层/共29层,1997年,1005,2026-01-13 21:48:37,529,近地铁,https://example.com/house/11160
东城区,东城区12号院16号楼6单元48室,两室一厅 东城区优质房源,四室两厅,122.0,567.49,31层/共12层,2001年,1005,2026-01-05 21:48:37,4379,近地铁,https://example.com/house/11161
昌平区,昌平区67号院7号楼7单元39室,三室两厅 昌平区优质房源,四室两厅,124.5,989.97,12层/共33层,2003年,1006,2025-03-15 21:48:37,3401,电梯房,https://example.com/house/11162
昌平区,昌平区70号院9号楼11单元19室,两室一厅 昌平区优质房源,三室一厅,170.4,995.98,22层/共32层,1996年,1006,2025-11-26 21:48:37,928,精装修,https://example.com/house/11163
昌平区,昌平区32号院18号楼18单元52室,四室两厅 昌平区优质房源,两室两厅,77.9,1196.78,4层/共16层,1994年,1006,2025-07-28 21:48:37,4382,精装修,https://example.com/house/11164
顺义区,顺义区96号院10号楼15单元37室,两室一厅 顺义区优质房源,一室一厅,78.5,640.84,14层/共23层,2008年,1007,2025-10-22 21:48:37,2540,精装修,https://example.com/house/11165
朝阳区,朝阳区31号院27号楼5单元46室,三室两厅 朝阳区优质房源,两室两厅,66.5,612.1,6层/共30层,2014年,1001,2025-07-20 21:48:37,4340,南北通透,https://example.com/house/11166
顺义区,顺义区4号院19号楼6单元74室,四室两厅 顺义区优质房源,一室一厅,108.8,1306.3,3层/共17层,2015年,1007,2025-09-14 21:48:37,486,精装修,https://example.com/house/11167
朝阳区,朝阳区61号院4号楼5单元10室,三室一厅 朝阳区优质房源,两室两厅,169.3,1414.61,23层/共31层,2006年,1001,2025-04-13 21:48:37,3228,学区房,https://example.com/house/11168
东城区,东城区19号院9号楼9单元69室,四室两厅 东城区优质房源,两室两厅,117.2,962.8,16层/共10层,2002年,1005,2026-01-01 21:48:37,2167,带车位,https://example.com/house/11169
丰台区,丰台区25号院19号楼7单元28室,两室两厅 丰台区优质房源,三室一厅,70.6,1180.25,19层/共18层,2002年,1003,2025-03-13 21:48:37,523,电梯房,https://example.com/house/11170
东城区,东城区94号院18号楼8单元68室,一室一厅 东城区优质房源,一室一厅,170.2,881.71,3层/共26层,1993年,1005,2025-07-27 21:48:37,2778,带车位,https://example.com/house/11171
朝阳区,朝阳区91号院18号楼6单元42室,四室两厅 朝阳区优质房源,一室一厅,194.0,1258.73,15层/共11层,1994年,1001,2025-10-24 21:48:37,1837,学区房,https://example.com/house/11172
昌平区,昌平区31号院23号楼13单元33室,两室两厅 昌平区优质房源,两室一厅,138.1,222.6,26层/共13层,2002年,1006,2025-11-19 21:48:37,1995,学区房,https://example.com/house/11173
顺义区,顺义区64号院6号楼17单元49室,两室两厅 顺义区优质房源,四室两厅,75.1,760.65,1层/共12层,2012年,1007,2025-08-31 21:48:37,3336,精装修,https://example.com/house/11174
朝阳区,朝阳区34号院1号楼14单元84室,三室一厅 朝阳区优质房源,四室两厅,158.9,349.51,4层/共21层,2019年,1001,2025-04-22 21:48:37,1706,电梯房,https://example.com/house/11175
东城区,东城区74号院2号楼4单元17室,三室一厅 东城区优质房源,两室两厅,85.0,640.4,5层/共29层,2015年,1005,2025-07-12 21:48:37,3925,南北通透,https://example.com/house/11176
顺义区,顺义区3号院24号楼10单元7室,一室一厅 顺义区优质房源,两室一厅,78.5,309.24,6层/共12层,1995年,1007,2025-07-26 21:48:37,4474,学区房,https://example.com/house/11177
海淀区,海淀区42号院17号楼10单元92室,三室两厅 海淀区优质房源,三室一厅,78.5,467.28,1层/共16层,1992年,1002,2025-08-06 21:48:37,3335,近地铁,https://example.com/house/11178
朝阳区,朝阳区60号院12号楼14单元36室,两室一厅 朝阳区优质房源,一室一厅,128.4,498.25,26层/共25层,1995年,1001,2025-12-29 21:48:37,1756,精装修,https://example.com/house/11179
朝阳区,朝阳区48号院24号楼8单元16室,四室两厅 朝阳区优质房源,三室两厅,179.8,385.04,25层/共24层,2017年,1001,2025-07-03 21:48:37,3597,南北通透,https://example.com/house/11180
丰台区,丰台区67号院28号楼6单元90室,两室一厅 丰台区优质房源,两室两厅,65.2,1284.96,24层/共30层,2006年,1003,2026-03-10 21:48:37,2111,近地铁,https://example.com/house/11181
昌平区,昌平区22号院21号楼12单元14室,四室两厅 昌平区优质房源,两室两厅,147.9,244.59,16层/共10层,1990年,1006,2025-05-30 21:48:37,2542,精装修,https://example.com/house/11182
昌平区,昌平区24号院29号楼18单元60室,一室一厅 昌平区优质房源,两室一厅,147.4,1022.69,22层/共10层,2015年,1006,2025-06-13 21:48:37,2489,电梯房,https://example.com/house/11183
东城区,东城区86号院29号楼15单元53室,四室两厅 东城区优质房源,四室两厅,127.3,489.86,26层/共12层,1995年,1005,2025-08-09 21:48:37,2552,近地铁,https://example.com/house/11184
顺义区,顺义区63号院10号楼9单元29室,一室一厅 顺义区优质房源,四室两厅,58.9,1465.48,27层/共21层,2016年,1007,2025-08-26 21:48:37,3662,电梯房,https://example.com/house/11185
丰台区,丰台区43号院10号楼11单元15室,三室一厅 丰台区优质房源,四室两厅,129.8,935.4,24层/共15层,2020年,1003,2025-04-16 21:48:37,1445,带车位,https://example.com/house/11186
西城区,西城区31号院1号楼4单元78室,四室两厅 西城区优质房源,四室两厅,178.7,347.24,30层/共27层,2005年,1004,2025-11-07 21:48:37,4281,带车位,https://example.com/house/11187
朝阳区,朝阳区67号院23号楼14单元41室,两室一厅 朝阳区优质房源,两室两厅,157.7,732.29,28层/共33层,1995年,1001,2025-07-11 21:48:37,505,学区房,https://example.com/house/11188
海淀区,海淀区1号院13号楼13单元38室,两室两厅 海淀区优质房源,两室一厅,140.7,1416.21,28层/共12层,2012年,1002,2026-02-14 21:48:37,3803,精装修,https://example.com/house/11189
朝阳区,朝阳区19号院1号楼14单元72室,三室一厅 朝阳区优质房源,三室一厅,96.0,781.59,8层/共26层,2010年,1001,2025-03-23 21:48:37,742,学区房,https://example.com/house/11190
丰台区,丰台区26号院19号楼20单元46室,三室两厅 丰台区优质房源,两室两厅,86.2,871.06,25层/共23层,1991年,1003,2025-10-28 21:48:37,1461,南北通透,https://example.com/house/11191
昌平区,昌平区31号院24号楼20单元6室,三室一厅 昌平区优质房源,三室两厅,104.6,1216.67,16层/共17层,2016年,1006,2025-12-09 21:48:37,4226,南北通透,https://example.com/house/11192
顺义区,顺义区69号院29号楼17单元93室,三室两厅 顺义区优质房源,四室两厅,189.0,1121.06,25层/共31层,1998年,1007,2025-03-18 21:48:37,50,近地铁,https://example.com/house/11193
昌平区,昌平区29号院3号楼6单元41室,两室两厅 昌平区优质房源,四室两厅,191.0,641.8,28层/共25层,2004年,1006,2026-02-10 21:48:37,4894,精装修,https://example.com/house/11194
西城区,西城区83号院29号楼10单元45室,两室一厅 西城区优质房源,四室两厅,74.9,1060.88,3层/共13层,1998年,1004,2025-03-15 21:48:37,2380,带车位,https://example.com/house/11195
丰台区,丰台区36号院10号楼14单元68室,三室两厅 丰台区优质房源,两室两厅,121.3,1255.74,32层/共29层,2018年,1003,2026-02-01 21:48:37,4975,近地铁,https://example.com/house/11196
海淀区,海淀区72号院3号楼1单元59室,两室两厅 海淀区优质房源,两室一厅,171.9,783.29,16层/共14层,1995年,1002,2025-12-18 21:48:37,4122,电梯房,https://example.com/house/11197
海淀区,海淀区72号院28号楼17单元6室,三室两厅 海淀区优质房源,两室一厅,145.4,563.83,17层/共20层,1999年,1002,2025-11-20 21:48:37,1922,南北通透,https://example.com/house/11198
顺义区,顺义区15号院18号楼11单元78室,两室两厅 顺义区优质房源,四室两厅,169.4,1405.72,14层/共10层,2000年,1007,2025-10-26 21:48:37,4262,带车位,https://example.com/house/11199
海淀区,海淀区94号院11号楼17单元59室,两室一厅 海淀区优质房源,两室两厅,184.7,1487.02,29层/共29层,1993年,1002,2025-07-13 21:48:37,2704,近地铁,https://example.com/house/11200
朝阳区,朝阳区88号院12号楼12单元88室,四室两厅 朝阳区优质房源,一室一厅,51.9,578.66,26层/共15层,2006年,1001,2025-05-03 21:48:37,3773,近地铁,https://example.com/house/11201
顺义区,顺义区27号院27号楼13单元1室,一室一厅 顺义区优质房源,两室一厅,133.1,740.09,24层/共30层,1997年,1007,2026-01-19 21:48:37,217,精装修,https://example.com/house/11202
东城区,东城区35号院23号楼11单元13室,两室一厅 东城区优质房源,三室一厅,70.3,589.73,32层/共14层,1992年,1005,2026-01-25 21:48:37,1747,电梯房,https://example.com/house/11203
东城区,东城区9号院25号楼18单元32室,一室一厅 东城区优质房源,三室两厅,95.0,1146.47,19层/共30层,2014年,1005,2025-03-23 21:48:37,4199,精装修,https://example.com/house/11204
丰台区,丰台区98号院16号楼17单元58室,两室一厅 丰台区优质房源,两室两厅,136.7,575.76,1层/共24层,2015年,1003,2025-10-29 21:48:37,2536,学区房,https://example.com/house/11205
顺义区,顺义区27号院26号楼4单元7室,三室一厅 顺义区优质房源,两室一厅,148.0,235.32,4层/共17层,2017年,1007,2026-02-01 21:48:37,2530,近地铁,https://example.com/house/11206
朝阳区,朝阳区87号院4号楼8单元35室,一室一厅 朝阳区优质房源,两室一厅,157.8,1029.87,24层/共23层,1998年,1001,2025-08-19 21:48:37,470,带车位,https://example.com/house/11207
顺义区,顺义区27号院27号楼15单元55室,三室一厅 顺义区优质房源,三室两厅,145.3,869.55,33层/共26层,2015年,1007,2025-08-07 21:48:37,4218,精装修,https://example.com/house/11208
西城区,西城区91号院10号楼2单元28室,两室一厅 西城区优质房源,一室一厅,129.4,542.14,7层/共12层,2000年,1004,2025-09-18 21:48:37,3160,带车位,https://example.com/house/11209
昌平区,昌平区49号院7号楼16单元99室,三室两厅 昌平区优质房源,一室一厅,155.3,890.8,11层/共28层,2019年,1006,2025-09-09 21:48:37,3192,学区房,https://example.com/house/11210
海淀区,海淀区79号院1号楼16单元34室,两室一厅 海淀区优质房源,三室一厅,78.3,807.47,16层/共29层,2013年,1002,2025-12-14 21:48:37,124,学区房,https://example.com/house/11211
顺义区,顺义区51号院6号楼14单元66室,三室两厅 顺义区优质房源,三室两厅,161.2,1161.75,24层/共22层,2016年,1007,2025-11-08 21:48:37,2676,精装修,https://example.com/house/11212
海淀区,海淀区38号院14号楼3单元89室,两室一厅 海淀区优质房源,四室两厅,113.9,861.69,6层/共18层,2009年,1002,2026-01-27 21:48:37,4028,精装修,https://example.com/house/11213
西城区,西城区2号院12号楼11单元63室,三室两厅 西城区优质房源,两室一厅,67.5,310.83,19层/共18层,2011年,1004,2025-05-24 21:48:37,3848,南北通透,https://example.com/house/11214
昌平区,昌平区73号院21号楼1单元41室,两室一厅 昌平区优质房源,一室一厅,166.5,838.72,15层/共19层,1990年,1006,2025-09-14 21:48:37,3646,近地铁,https://example.com/house/11215
朝阳区,朝阳区84号院5号楼18单元80室,三室一厅 朝阳区优质房源,四室两厅,84.2,657.43,18层/共31层,2015年,1001,2025-06-19 21:48:37,4632,学区房,https://example.com/house/11216
东城区,东城区21号院16号楼18单元29室,三室两厅 东城区优质房源,四室两厅,198.3,1138.3,20层/共15层,1991年,1005,2025-06-30 21:48:37,4469,近地铁,https://example.com/house/11217
朝阳区,朝阳区54号院13号楼1单元56室,四室两厅 朝阳区优质房源,一室一厅,63.7,813.38,17层/共22层,1992年,1001,2025-06-11 21:48:37,2641,带车位,https://example.com/house/11218
东城区,东城区44号院14号楼16单元34室,三室一厅 东城区优质房源,三室一厅,149.8,1376.76,17层/共26层,2009年,1005,2025-09-19 21:48:37,3842,学区房,https://example.com/house/11219
西城区,西城区89号院30号楼13单元9室,四室两厅 西城区优质房源,两室一厅,53.2,525.18,16层/共20层,2015年,1004,2025-07-26 21:48:37,1254,精装修,https://example.com/house/11220
昌平区,昌平区72号院4号楼20单元74室,一室一厅 昌平区优质房源,一室一厅,87.8,988.61,29层/共28层,1994年,1006,2026-01-19 21:48:37,607,精装修,https://example.com/house/11221
顺义区,顺义区64号院12号楼8单元38室,两室一厅 顺义区优质房源,三室一厅,83.4,298.64,7层/共33层,2015年,1007,2025-06-20 21:48:37,869,精装修,https://example.com/house/11222
丰台区,丰台区46号院30号楼12单元43室,一室一厅 丰台区优质房源,两室一厅,85.9,1210.85,16层/共25层,2006年,1003,2025-08-18 21:48:37,4592,南北通透,https://example.com/house/11223
丰台区,丰台区65号院24号楼12单元41室,三室一厅 丰台区优质房源,一室一厅,175.8,499.62,3层/共22层,1993年,1003,2025-03-30 21:48:37,2733,带车位,https://example.com/house/11224
昌平区,昌平区33号院5号楼16单元43室,两室一厅 昌平区优质房源,两室一厅,140.9,480.71,25层/共14层,2010年,1006,2025-12-16 21:48:37,3089,学区房,https://example.com/house/11225
朝阳区,朝阳区52号院11号楼7单元45室,两室两厅 朝阳区优质房源,两室两厅,178.5,548.8,20层/共25层,2001年,1001,2025-08-19 21:48:37,2408,电梯房,https://example.com/house/11226
顺义区,顺义区46号院29号楼17单元83室,一室一厅 顺义区优质房源,两室一厅,143.5,606.18,6层/共24层,2014年,1007,2025-06-29 21:48:37,130,精装修,https://example.com/house/11227
昌平区,昌平区32号院15号楼15单元75室,两室一厅 昌平区优质房源,四室两厅,151.3,661.89,10层/共31层,2012年,1006,2025-11-07 21:48:37,3877,电梯房,https://example.com/house/11228
海淀区,海淀区70号院1号楼7单元36室,三室一厅 海淀区优质房源,三室两厅,103.7,1139.28,10层/共19层,1998年,1002,2025-07-10 21:48:37,904,精装修,https://example.com/house/11229
丰台区,丰台区76号院8号楼17单元1室,一室一厅 丰台区优质房源,四室两厅,126.6,1241.15,11层/共32层,2019年,1003,2025-06-03 21:48:37,962,近地铁,https://example.com/house/11230
海淀区,海淀区76号院18号楼8单元91室,一室一厅 海淀区优质房源,两室一厅,118.8,790.59,23层/共23层,2004年,1002,2025-04-01 21:48:37,734,南北通透,https://example.com/house/11231
东城区,东城区10号院5号楼5单元66室,四室两厅 东城区优质房源,三室两厅,176.1,235.09,3层/共16层,2009年,1005,2025-12-10 21:48:37,3331,电梯房,https://example.com/house/11232
西城区,西城区25号院23号楼8单元82室,三室两厅 西城区优质房源,四室两厅,177.8,958.13,16层/共10层,1995年,1004,2026-01-30 21:48:37,562,电梯房,https://example.com/house/11233
海淀区,海淀区69号院29号楼13单元82室,两室两厅 海淀区优质房源,三室一厅,147.5,861.33,28层/共32层,2000年,1002,2025-12-08 21:48:37,4974,南北通透,https://example.com/house/11234
海淀区,海淀区51号院1号楼3单元96室,一室一厅 海淀区优质房源,三室一厅,97.6,1145.4,29层/共25层,2015年,1002,2025-09-15 21:48:37,2686,带车位,https://example.com/house/11235
西城区,西城区23号院4号楼11单元24室,三室两厅 西城区优质房源,两室一厅,113.9,886.0,3层/共16层,2015年,1004,2025-12-25 21:48:37,249,南北通透,https://example.com/house/11236
丰台区,丰台区55号院1号楼10单元6室,四室两厅 丰台区优质房源,一室一厅,192.9,607.11,28层/共28层,1993年,1003,2025-07-24 21:48:37,3624,南北通透,https://example.com/house/11237
昌平区,昌平区19号院5号楼14单元97室,两室一厅 昌平区优质房源,两室两厅,200.0,281.84,11层/共23层,1996年,1006,2025-11-22 21:48:37,3797,学区房,https://example.com/house/11238
西城区,西城区74号院11号楼10单元35室,两室两厅 西城区优质房源,三室两厅,149.2,520.89,22层/共16层,1992年,1004,2026-01-26 21:48:37,253,电梯房,https://example.com/house/11239
西城区,西城区47号院9号楼20单元97室,两室一厅 西城区优质房源,三室一厅,130.3,967.15,25层/共15层,1992年,1004,2025-07-22 21:48:37,3100,带车位,https://example.com/house/11240
东城区,东城区74号院3号楼19单元82室,四室两厅 东城区优质房源,两室一厅,125.5,740.75,10层/共16层,2017年,1005,2025-04-11 21:48:37,3647,电梯房,https://example.com/house/11241
顺义区,顺义区57号院17号楼20单元32室,三室一厅 顺义区优质房源,三室两厅,134.2,1208.55,10层/共12层,2016年,1007,2025-09-21 21:48:37,689,南北通透,https://example.com/house/11242
昌平区,昌平区35号院20号楼18单元1室,两室一厅 昌平区优质房源,三室一厅,190.9,504.06,22层/共13层,1990年,1006,2025-03-26 21:48:37,3392,学区房,https://example.com/house/11243
昌平区,昌平区80号院4号楼11单元11室,三室两厅 昌平区优质房源,两室两厅,89.1,516.51,10层/共33层,1993年,1006,2026-01-18 21:48:37,1871,近地铁,https://example.com/house/11244
海淀区,海淀区12号院30号楼9单元66室,三室一厅 海淀区优质房源,三室两厅,52.7,952.48,7层/共16层,2004年,1002,2025-04-02 21:48:37,21,带车位,https://example.com/house/11245
海淀区,海淀区52号院24号楼3单元30室,四室两厅 海淀区优质房源,三室一厅,151.6,416.38,3层/共25层,1997年,1002,2025-04-17 21:48:37,4471,带车位,https://example.com/house/11246
朝阳区,朝阳区99号院5号楼18单元17室,三室两厅 朝阳区优质房源,三室两厅,54.2,533.42,11层/共11层,1994年,1001,2025-08-27 21:48:37,4644,学区房,https://example.com/house/11247
顺义区,顺义区27号院1号楼10单元87室,三室一厅 顺义区优质房源,四室两厅,162.8,703.17,3层/共32层,1990年,1007,2025-09-03 21:48:37,1075,电梯房,https://example.com/house/11248
昌平区,昌平区18号院22号楼14单元32室,四室两厅 昌平区优质房源,四室两厅,64.1,434.92,15层/共10层,2019年,1006,2025-08-21 21:48:37,3968,带车位,https://example.com/house/11249
朝阳区,朝阳区97号院26号楼20单元45室,四室两厅 朝阳区优质房源,三室一厅,183.9,512.52,25层/共12层,2005年,1001,2025-10-05 21:48:37,4723,近地铁,https://example.com/house/11250
丰台区,丰台区59号院12号楼18单元54室,一室一厅 丰台区优质房源,三室两厅,138.9,291.22,5层/共27层,2001年,1003,2026-02-13 21:48:37,1948,精装修,https://example.com/house/11251
海淀区,海淀区58号院2号楼11单元73室,三室两厅 海淀区优质房源,两室两厅,135.6,1116.9,22层/共17层,1992年,1002,2025-11-17 21:48:37,128,精装修,https://example.com/house/11252
东城区,东城区43号院5号楼18单元44室,一室一厅 东城区优质房源,三室两厅,141.3,742.39,23层/共27层,2019年,1005,2025-08-02 21:48:37,1288,近地铁,https://example.com/house/11253
顺义区,顺义区11号院26号楼12单元79室,三室两厅 顺义区优质房源,四室两厅,56.4,1234.39,5层/共12层,2000年,1007,2025-06-20 21:48:37,2983,近地铁,https://example.com/house/11254
朝阳区,朝阳区67号院29号楼17单元53室,两室一厅 朝阳区优质房源,一室一厅,139.1,285.35,16层/共11层,2015年,1001,2026-01-03 21:48:37,3827,近地铁,https://example.com/house/11255
东城区,东城区90号院17号楼12单元20室,一室一厅 东城区优质房源,三室两厅,117.9,1074.16,15层/共21层,2011年,1005,2025-11-28 21:48:37,522,近地铁,https://example.com/house/11256
顺义区,顺义区56号院5号楼12单元18室,三室一厅 顺义区优质房源,三室两厅,110.5,1067.7,9层/共28层,1992年,1007,2025-04-12 21:48:37,4981,近地铁,https://example.com/house/11257
朝阳区,朝阳区67号院5号楼8单元44室,三室一厅 朝阳区优质房源,两室一厅,136.7,915.52,3层/共24层,1990年,1001,2026-03-06 21:48:37,322,电梯房,https://example.com/house/11258
海淀区,海淀区65号院10号楼8单元92室,一室一厅 海淀区优质房源,两室一厅,198.5,631.84,19层/共10层,2010年,1002,2025-12-30 21:48:37,2661,电梯房,https://example.com/house/11259
昌平区,昌平区39号院13号楼15单元83室,三室一厅 昌平区优质房源,四室两厅,137.5,1023.33,25层/共20层,2018年,1006,2025-11-07 21:48:37,3689,近地铁,https://example.com/house/11260
昌平区,昌平区34号院8号楼8单元6室,一室一厅 昌平区优质房源,一室一厅,183.6,1489.63,5层/共25层,2005年,1006,2025-07-31 21:48:37,100,带车位,https://example.com/house/11261
昌平区,昌平区82号院9号楼4单元79室,三室一厅 昌平区优质房源,两室一厅,152.9,756.87,28层/共23层,2016年,1006,2026-01-24 21:48:37,1339,近地铁,https://example.com/house/11262
东城区,东城区90号院4号楼19单元24室,两室一厅 东城区优质房源,两室两厅,117.1,552.56,12层/共22层,2002年,1005,2026-03-03 21:48:37,2463,学区房,https://example.com/house/11263
东城区,东城区24号院27号楼8单元76室,两室两厅 东城区优质房源,两室两厅,86.5,738.78,21层/共19层,2015年,1005,2025-09-18 21:48:37,2329,精装修,https://example.com/house/11264
海淀区,海淀区56号院13号楼1单元52室,一室一厅 海淀区优质房源,四室两厅,192.0,1178.62,29层/共21层,1990年,1002,2025-04-29 21:48:37,2056,学区房,https://example.com/house/11265
顺义区,顺义区92号院16号楼9单元84室,一室一厅 顺义区优质房源,一室一厅,173.5,1149.07,11层/共24层,1990年,1007,2025-09-15 21:48:37,4729,学区房,https://example.com/house/11266
丰台区,丰台区24号院23号楼10单元84室,两室一厅 丰台区优质房源,三室两厅,107.5,668.76,31层/共18层,2001年,1003,2025-05-18 21:48:37,1566,电梯房,https://example.com/house/11267
顺义区,顺义区45号院9号楼5单元44室,三室一厅 顺义区优质房源,三室两厅,84.6,376.78,4层/共14层,1990年,1007,2025-03-14 21:48:37,999,南北通透,https://example.com/house/11268
东城区,东城区78号院10号楼16单元4室,三室一厅 东城区优质房源,四室两厅,167.2,980.37,20层/共16层,2004年,1005,2025-11-03 21:48:37,1074,学区房,https://example.com/house/11269
西城区,西城区49号院9号楼6单元90室,四室两厅 西城区优质房源,四室两厅,109.0,1259.01,18层/共29层,2011年,1004,2025-11-08 21:48:37,1674,精装修,https://example.com/house/11270
朝阳区,朝阳区87号院12号楼12单元11室,两室一厅 朝阳区优质房源,四室两厅,114.0,718.17,15层/共25层,2019年,1001,2025-12-08 21:48:37,368,南北通透,https://example.com/house/11271
西城区,西城区55号院6号楼19单元66室,三室一厅 西城区优质房源,四室两厅,103.0,871.15,17层/共30层,2002年,1004,2025-12-22 21:48:37,3984,南北通透,https://example.com/house/11272
昌平区,昌平区13号院21号楼20单元16室,四室两厅 昌平区优质房源,两室一厅,64.8,1276.61,16层/共23层,2012年,1006,2025-10-05 21:48:37,1838,电梯房,https://example.com/house/11273
顺义区,顺义区47号院19号楼20单元73室,两室两厅 顺义区优质房源,四室两厅,56.8,658.8,23层/共19层,1990年,1007,2025-12-17 21:48:37,1345,精装修,https://example.com/house/11274
昌平区,昌平区72号院12号楼10单元39室,四室两厅 昌平区优质房源,三室一厅,65.2,848.87,30层/共29层,2011年,1006,2025-11-23 21:48:37,1490,南北通透,https://example.com/house/11275
西城区,西城区38号院28号楼3单元27室,两室两厅 西城区优质房源,三室两厅,140.1,1410.83,28层/共33层,2008年,1004,2025-06-22 21:48:37,258,学区房,https://example.com/house/11276
丰台区,丰台区64号院26号楼8单元50室,一室一厅 丰台区优质房源,两室两厅,131.5,1497.73,3层/共23层,2017年,1003,2026-02-11 21:48:37,128,南北通透,https://example.com/house/11277
东城区,东城区9号院29号楼4单元46室,四室两厅 东城区优质房源,三室一厅,190.1,860.7,11层/共31层,2008年,1005,2025-04-27 21:48:37,4752,精装修,https://example.com/house/11278
海淀区,海淀区10号院26号楼6单元85室,四室两厅 海淀区优质房源,三室两厅,94.7,720.79,8层/共25层,2016年,1002,2025-07-08 21:48:37,1311,南北通透,https://example.com/house/11279
丰台区,丰台区91号院19号楼11单元61室,三室两厅 丰台区优质房源,四室两厅,61.9,1167.18,25层/共28层,1996年,1003,2025-03-29 21:48:37,484,学区房,https://example.com/house/11280
海淀区,海淀区83号院23号楼17单元68室,一室一厅 海淀区优质房源,两室两厅,55.5,1222.29,13层/共33层,2007年,1002,2025-08-13 21:48:37,911,南北通透,https://example.com/house/11281
顺义区,顺义区97号院24号楼18单元83室,两室一厅 顺义区优质房源,两室两厅,106.0,1376.78,23层/共19层,2016年,1007,2025-08-28 21:48:37,2707,近地铁,https://example.com/house/11282
东城区,东城区48号院26号楼12单元4室,四室两厅 东城区优质房源,三室两厅,59.8,1085.17,33层/共15层,2020年,1005,2025-08-12 21:48:37,3333,电梯房,https://example.com/house/11283
顺义区,顺义区13号院17号楼19单元74室,三室两厅 顺义区优质房源,两室两厅,159.2,293.22,31层/共16层,2015年,1007,2026-02-09 21:48:37,4613,电梯房,https://example.com/house/11284
海淀区,海淀区61号院8号楼9单元11室,三室一厅 海淀区优质房源,三室两厅,169.4,656.99,2层/共15层,2016年,1002,2025-06-19 21:48:37,4561,电梯房,https://example.com/house/11285
顺义区,顺义区9号院4号楼13单元41室,三室两厅 顺义区优质房源,三室一厅,133.0,1495.42,15层/共18层,1992年,1007,2025-11-17 21:48:37,4896,带车位,https://example.com/house/11286
西城区,西城区33号院15号楼7单元2室,两室两厅 西城区优质房源,两室两厅,146.0,1029.35,15层/共24层,1995年,1004,2025-10-21 21:48:37,2916,学区房,https://example.com/house/11287
朝阳区,朝阳区85号院3号楼15单元46室,两室两厅 朝阳区优质房源,两室两厅,150.1,521.45,18层/共29层,2009年,1001,2025-12-29 21:48:37,3619,学区房,https://example.com/house/11288
昌平区,昌平区5号院18号楼9单元34室,两室一厅 昌平区优质房源,一室一厅,140.9,660.93,17层/共29层,2009年,1006,2025-05-15 21:48:37,4244,精装修,https://example.com/house/11289
西城区,西城区69号院13号楼14单元81室,三室两厅 西城区优质房源,三室一厅,91.2,653.27,32层/共25层,2018年,1004,2025-05-04 21:48:37,3877,近地铁,https://example.com/house/11290
丰台区,丰台区18号院13号楼10单元78室,四室两厅 丰台区优质房源,一室一厅,196.0,486.56,12层/共23层,2004年,1003,2025-09-30 21:48:37,4412,电梯房,https://example.com/house/11291
西城区,西城区1号院14号楼5单元49室,一室一厅 西城区优质房源,两室一厅,116.3,920.53,19层/共11层,2014年,1004,2025-09-07 21:48:37,3464,电梯房,https://example.com/house/11292
顺义区,顺义区52号院28号楼12单元12室,三室一厅 顺义区优质房源,一室一厅,84.1,221.47,28层/共24层,2013年,1007,2025-05-31 21:48:37,4976,学区房,https://example.com/house/11293
昌平区,昌平区90号院23号楼3单元54室,三室一厅 昌平区优质房源,三室两厅,74.7,871.03,18层/共17层,2011年,1006,2025-03-25 21:48:37,3585,南北通透,https://example.com/house/11294
海淀区,海淀区21号院17号楼14单元6室,两室两厅 海淀区优质房源,两室一厅,102.0,1368.51,20层/共27层,1998年,1002,2025-10-01 21:48:37,4434,电梯房,https://example.com/house/11295
朝阳区,朝阳区59号院5号楼12单元57室,四室两厅 朝阳区优质房源,两室一厅,113.7,424.01,22层/共24层,2007年,1001,2025-12-13 21:48:37,1842,精装修,https://example.com/house/11296
朝阳区,朝阳区49号院27号楼1单元33室,两室两厅 朝阳区优质房源,两室两厅,177.5,344.32,1层/共29层,2019年,1001,2025-03-20 21:48:37,4693,近地铁,https://example.com/house/11297
海淀区,海淀区13号院11号楼12单元1室,一室一厅 海淀区优质房源,三室一厅,51.2,1253.97,5层/共24层,2009年,1002,2025-12-01 21:48:37,835,学区房,https://example.com/house/11298
丰台区,丰台区70号院11号楼4单元76室,三室一厅 丰台区优质房源,一室一厅,146.7,283.08,29层/共29层,1993年,1003,2026-02-21 21:48:37,4000,南北通透,https://example.com/house/11299
丰台区,丰台区93号院17号楼10单元27室,四室两厅 丰台区优质房源,四室两厅,126.5,767.36,6层/共27层,1995年,1003,2025-04-06 21:48:37,638,学区房,https://example.com/house/11300
海淀区,海淀区29号院15号楼3单元93室,四室两厅 海淀区优质房源,两室一厅,56.4,1021.41,32层/共23层,2013年,1002,2025-09-28 21:48:37,1241,近地铁,https://example.com/house/11301
东城区,东城区91号院4号楼14单元5室,两室一厅 东城区优质房源,三室两厅,150.0,785.98,4层/共29层,2004年,1005,2025-06-11 21:48:37,738,带车位,https://example.com/house/11302
朝阳区,朝阳区66号院14号楼15单元40室,三室两厅 朝阳区优质房源,三室一厅,110.3,596.17,23层/共11层,1993年,1001,2025-08-09 21:48:37,3876,带车位,https://example.com/house/11303
海淀区,海淀区63号院18号楼10单元24室,两室一厅 海淀区优质房源,三室两厅,142.2,292.99,30层/共32层,2010年,1002,2025-11-18 21:48:37,3106,电梯房,https://example.com/house/11304
西城区,西城区47号院7号楼8单元6室,两室一厅 西城区优质房源,一室一厅,142.1,767.18,18层/共17层,1993年,1004,2025-12-16 21:48:37,3474,学区房,https://example.com/house/11305
朝阳区,朝阳区1号院12号楼1单元2室,三室两厅 朝阳区优质房源,四室两厅,89.9,215.38,12层/共26层,1997年,1001,2025-12-18 21:48:37,2883,南北通透,https://example.com/house/11306
海淀区,海淀区49号院14号楼14单元9室,两室两厅 海淀区优质房源,三室一厅,167.7,996.39,21层/共27层,2001年,1002,2025-09-19 21:48:37,144,电梯房,https://example.com/house/11307
丰台区,丰台区89号院26号楼1单元88室,两室一厅 丰台区优质房源,一室一厅,59.1,879.35,12层/共13层,1995年,1003,2025-08-10 21:48:37,4454,精装修,https://example.com/house/11308
昌平区,昌平区46号院29号楼4单元80室,四室两厅 昌平区优质房源,两室一厅,177.8,1069.52,28层/共14层,2003年,1006,2025-06-21 21:48:37,2043,带车位,https://example.com/house/11309
朝阳区,朝阳区57号院13号楼4单元43室,四室两厅 朝阳区优质房源,一室一厅,131.9,1345.34,20层/共33层,1995年,1001,2025-06-07 21:48:37,3603,电梯房,https://example.com/house/11310
顺义区,顺义区27号院16号楼1单元84室,两室两厅 顺义区优质房源,四室两厅,196.0,1312.57,14层/共20层,2006年,1007,2025-11-05 21:48:37,1277,带车位,https://example.com/house/11311
西城区,西城区24号院22号楼9单元52室,三室两厅 西城区优质房源,两室两厅,146.4,704.29,13层/共14层,2003年,1004,2025-04-13 21:48:37,3182,带车位,https://example.com/house/11312
西城区,西城区73号院18号楼5单元69室,四室两厅 西城区优质房源,三室两厅,131.1,1085.47,3层/共20层,1990年,1004,2026-01-21 21:48:37,309,电梯房,https://example.com/house/11313
朝阳区,朝阳区36号院26号楼16单元95室,四室两厅 朝阳区优质房源,两室两厅,101.6,280.87,7层/共31层,1994年,1001,2025-04-27 21:48:37,2017,精装修,https://example.com/house/11314
海淀区,海淀区82号院16号楼6单元18室,三室两厅 海淀区优质房源,三室一厅,166.8,212.9,29层/共13层,2003年,1002,2025-12-09 21:48:37,521,精装修,https://example.com/house/11315
朝阳区,朝阳区69号院6号楼14单元42室,三室两厅 朝阳区优质房源,三室两厅,141.0,1101.04,20层/共13层,2006年,1001,2025-08-22 21:48:37,3265,带车位,https://example.com/house/11316
顺义区,顺义区34号院3号楼9单元75室,两室两厅 顺义区优质房源,两室一厅,166.7,559.55,24层/共19层,2016年,1007,2025-05-18 21:48:37,1158,带车位,https://example.com/house/11317
海淀区,海淀区16号院9号楼13单元32室,四室两厅 海淀区优质房源,三室两厅,157.4,333.37,17层/共15层,1993年,1002,2026-02-19 21:48:37,3995,电梯房,https://example.com/house/11318
东城区,东城区78号院5号楼20单元17室,一室一厅 东城区优质房源,三室一厅,102.2,971.73,6层/共12层,2002年,1005,2025-12-09 21:48:37,2733,近地铁,https://example.com/house/11319
顺义区,顺义区11号院27号楼18单元14室,三室两厅 顺义区优质房源,三室两厅,161.5,600.35,20层/共28层,2003年,1007,2025-06-26 21:48:37,3160,带车位,https://example.com/house/11320
丰台区,丰台区77号院30号楼13单元20室,一室一厅 丰台区优质房源,三室两厅,62.6,558.62,19层/共15层,2009年,1003,2026-01-04 21:48:37,4910,带车位,https://example.com/house/11321
东城区,东城区69号院9号楼19单元93室,两室两厅 东城区优质房源,三室一厅,161.9,520.76,14层/共20层,2014年,1005,2025-10-14 21:48:37,3528,精装修,https://example.com/house/11322
西城区,西城区53号院17号楼1单元45室,一室一厅 西城区优质房源,三室两厅,188.4,971.07,32层/共20层,2007年,1004,2025-06-15 21:48:37,357,精装修,https://example.com/house/11323
丰台区,丰台区82号院8号楼12单元75室,两室一厅 丰台区优质房源,四室两厅,126.5,1419.34,16层/共33层,2012年,1003,2025-10-02 21:48:37,1020,精装修,https://example.com/house/11324
朝阳区,朝阳区23号院9号楼13单元66室,三室两厅 朝阳区优质房源,四室两厅,141.8,1355.79,27层/共13层,2009年,1001,2025-06-28 21:48:37,312,近地铁,https://example.com/house/11325
昌平区,昌平区18号院27号楼14单元56室,两室两厅 昌平区优质房源,两室两厅,182.2,1066.73,2层/共17层,2011年,1006,2025-07-16 21:48:37,3394,近地铁,https://example.com/house/11326
丰台区,丰台区88号院26号楼7单元70室,四室两厅 丰台区优质房源,两室一厅,130.9,1304.17,29层/共13层,2010年,1003,2025-07-22 21:48:37,1355,带车位,https://example.com/house/11327
朝阳区,朝阳区7号院15号楼5单元83室,三室一厅 朝阳区优质房源,一室一厅,198.7,462.57,23层/共15层,2011年,1001,2025-07-05 21:48:37,2159,近地铁,https://example.com/house/11328
海淀区,海淀区45号院4号楼12单元75室,三室一厅 海淀区优质房源,三室一厅,115.6,620.09,24层/共18层,2019年,1002,2025-12-13 21:48:37,4817,学区房,https://example.com/house/11329
东城区,东城区75号院23号楼19单元86室,两室一厅 东城区优质房源,两室两厅,52.2,1182.19,29层/共10层,1995年,1005,2025-12-23 21:48:37,3768,近地铁,https://example.com/house/11330
丰台区,丰台区11号院26号楼12单元99室,两室一厅 丰台区优质房源,四室两厅,52.7,403.21,16层/共25层,2007年,1003,2025-07-07 21:48:37,816,精装修,https://example.com/house/11331
顺义区,顺义区97号院29号楼2单元4室,四室两厅 顺义区优质房源,两室两厅,100.0,1184.69,24层/共14层,2019年,1007,2025-09-26 21:48:37,4786,精装修,https://example.com/house/11332
丰台区,丰台区42号院16号楼15单元57室,两室一厅 丰台区优质房源,三室一厅,151.1,326.98,15层/共10层,2002年,1003,2025-11-04 21:48:37,1566,带车位,https://example.com/house/11333
朝阳区,朝阳区86号院4号楼12单元19室,两室一厅 朝阳区优质房源,四室两厅,170.2,369.73,8层/共19层,1999年,1001,2026-02-23 21:48:37,2602,学区房,https://example.com/house/11334
昌平区,昌平区68号院18号楼10单元41室,两室两厅 昌平区优质房源,四室两厅,186.3,625.67,22层/共24层,2010年,1006,2025-10-01 21:48:37,1552,南北通透,https://example.com/house/11335
西城区,西城区42号院5号楼11单元90室,一室一厅 西城区优质房源,三室一厅,131.8,643.87,1层/共24层,2016年,1004,2025-05-28 21:48:37,2517,近地铁,https://example.com/house/11336
昌平区,昌平区14号院4号楼12单元23室,两室一厅 昌平区优质房源,三室一厅,134.5,698.57,19层/共12层,2003年,1006,2025-06-04 21:48:37,3154,南北通透,https://example.com/house/11337
海淀区,海淀区6号院13号楼5单元36室,一室一厅 海淀区优质房源,两室两厅,51.3,864.52,16层/共32层,2019年,1002,2025-09-20 21:48:37,3236,带车位,https://example.com/house/11338
海淀区,海淀区14号院2号楼19单元36室,两室两厅 海淀区优质房源,两室一厅,80.6,591.43,14层/共26层,1997年,1002,2025-12-16 21:48:37,654,精装修,https://example.com/house/11339
丰台区,丰台区26号院19号楼14单元36室,两室一厅 丰台区优质房源,三室一厅,115.3,670.13,33层/共11层,2017年,1003,2025-10-20 21:48:37,30,南北通透,https://example.com/house/11340
顺义区,顺义区47号院22号楼12单元94室,三室一厅 顺义区优质房源,三室一厅,149.2,1049.57,11层/共18层,2000年,1007,2025-09-30 21:48:37,4785,带车位,https://example.com/house/11341
丰台区,丰台区73号院25号楼19单元85室,三室两厅 丰台区优质房源,两室两厅,75.7,951.9,15层/共33层,2005年,1003,2025-05-01 21:48:37,1364,精装修,https://example.com/house/11342
海淀区,海淀区66号院15号楼19单元82室,三室两厅 海淀区优质房源,一室一厅,101.1,1239.94,31层/共14层,1995年,1002,2025-04-12 21:48:37,1735,带车位,https://example.com/house/11343
顺义区,顺义区94号院24号楼6单元64室,两室一厅 顺义区优质房源,三室一厅,170.5,263.27,12层/共18层,2005年,1007,2025-07-13 21:48:37,215,电梯房,https://example.com/house/11344
朝阳区,朝阳区38号院30号楼1单元13室,一室一厅 朝阳区优质房源,三室一厅,130.8,767.56,8层/共26层,1993年,1001,2025-04-20 21:48:37,639,近地铁,https://example.com/house/11345
顺义区,顺义区40号院7号楼8单元6室,两室两厅 顺义区优质房源,三室两厅,164.2,873.13,29层/共16层,2006年,1007,2025-12-11 21:48:37,2275,南北通透,https://example.com/house/11346
顺义区,顺义区9号院27号楼16单元12室,四室两厅 顺义区优质房源,一室一厅,163.4,1384.38,1层/共32层,1996年,1007,2025-12-28 21:48:37,1085,学区房,https://example.com/house/11347
朝阳区,朝阳区72号院3号楼19单元71室,三室两厅 朝阳区优质房源,两室一厅,103.9,474.82,6层/共22层,2003年,1001,2025-06-15 21:48:37,916,南北通透,https://example.com/house/11348
海淀区,海淀区21号院12号楼6单元84室,一室一厅 海淀区优质房源,三室两厅,152.6,935.3,28层/共25层,2003年,1002,2025-09-15 21:48:37,4708,近地铁,https://example.com/house/11349
东城区,东城区25号院11号楼2单元78室,两室两厅 东城区优质房源,两室两厅,58.3,1270.65,8层/共15层,1999年,1005,2025-12-18 21:48:37,4832,精装修,https://example.com/house/11350
顺义区,顺义区33号院17号楼8单元61室,三室一厅 顺义区优质房源,三室两厅,179.2,1250.54,30层/共18层,2018年,1007,2025-06-25 21:48:37,4210,精装修,https://example.com/house/11351
丰台区,丰台区52号院9号楼2单元35室,两室两厅 丰台区优质房源,一室一厅,197.9,765.74,7层/共33层,2015年,1003,2025-12-21 21:48:37,2306,电梯房,https://example.com/house/11352
东城区,东城区41号院7号楼12单元64室,三室两厅 东城区优质房源,两室两厅,50.1,1344.52,6层/共29层,2000年,1005,2025-09-18 21:48:37,607,近地铁,https://example.com/house/11353
朝阳区,朝阳区26号院24号楼8单元34室,三室两厅 朝阳区优质房源,两室一厅,191.1,1308.15,15层/共22层,2007年,1001,2025-04-12 21:48:37,1251,近地铁,https://example.com/house/11354
昌平区,昌平区80号院25号楼12单元1室,一室一厅 昌平区优质房源,三室两厅,76.2,339.5,17层/共10层,2020年,1006,2026-02-06 21:48:37,4974,南北通透,https://example.com/house/11355
顺义区,顺义区75号院29号楼17单元90室,三室两厅 顺义区优质房源,三室两厅,142.5,530.05,33层/共21层,2005年,1007,2025-06-08 21:48:37,3217,近地铁,https://example.com/house/11356
昌平区,昌平区38号院26号楼4单元66室,一室一厅 昌平区优质房源,两室两厅,116.4,259.59,4层/共25层,1992年,1006,2025-06-17 21:48:37,3088,南北通透,https://example.com/house/11357
昌平区,昌平区26号院30号楼19单元62室,四室两厅 昌平区优质房源,两室两厅,147.8,529.31,20层/共31层,2017年,1006,2026-03-01 21:48:37,3915,近地铁,https://example.com/house/11358
顺义区,顺义区22号院27号楼2单元42室,两室一厅 顺义区优质房源,四室两厅,123.0,950.72,2层/共23层,2013年,1007,2025-07-27 21:48:37,966,带车位,https://example.com/house/11359
西城区,西城区82号院9号楼1单元14室,三室一厅 西城区优质房源,三室两厅,77.5,1427.79,18层/共23层,2019年,1004,2025-04-24 21:48:37,534,学区房,https://example.com/house/11360
朝阳区,朝阳区33号院5号楼9单元32室,三室一厅 朝阳区优质房源,三室两厅,193.3,1352.83,20层/共22层,2000年,1001,2026-01-06 21:48:37,4136,学区房,https://example.com/house/11361
海淀区,海淀区28号院17号楼13单元4室,四室两厅 海淀区优质房源,两室一厅,79.9,1385.69,12层/共21层,2009年,1002,2025-05-07 21:48:37,3867,近地铁,https://example.com/house/11362
朝阳区,朝阳区53号院11号楼7单元40室,一室一厅 朝阳区优质房源,四室两厅,68.3,999.08,25层/共30层,2014年,1001,2025-11-24 21:48:37,1353,近地铁,https://example.com/house/11363
东城区,东城区70号院12号楼20单元26室,两室一厅 东城区优质房源,三室一厅,112.8,1228.82,6层/共16层,2005年,1005,2025-09-27 21:48:37,83,学区房,https://example.com/house/11364
顺义区,顺义区57号院20号楼12单元2室,两室两厅 顺义区优质房源,两室一厅,192.7,879.14,1层/共32层,2014年,1007,2025-10-24 21:48:37,3106,近地铁,https://example.com/house/11365
丰台区,丰台区31号院21号楼11单元20室,四室两厅 丰台区优质房源,三室一厅,55.1,1311.32,24层/共11层,2019年,1003,2025-10-08 21:48:37,2714,带车位,https://example.com/house/11366
顺义区,顺义区96号院21号楼2单元34室,三室两厅 顺义区优质房源,四室两厅,112.7,900.0,30层/共24层,1990年,1007,2025-06-12 21:48:37,559,带车位,https://example.com/house/11367
朝阳区,朝阳区97号院21号楼12单元74室,四室两厅 朝阳区优质房源,三室两厅,192.4,1230.9,22层/共28层,2017年,1001,2025-05-10 21:48:37,1318,南北通透,https://example.com/house/11368
朝阳区,朝阳区17号院3号楼1单元74室,两室两厅 朝阳区优质房源,两室一厅,139.5,1157.53,28层/共23层,2008年,1001,2025-12-12 21:48:37,3191,电梯房,https://example.com/house/11369
东城区,东城区69号院27号楼15单元74室,三室两厅 东城区优质房源,一室一厅,99.7,1138.66,24层/共27层,1992年,1005,2025-09-26 21:48:37,3515,精装修,https://example.com/house/11370
丰台区,丰台区90号院11号楼16单元82室,三室一厅 丰台区优质房源,四室两厅,190.8,1361.07,23层/共18层,2016年,1003,2025-06-21 21:48:37,4777,学区房,https://example.com/house/11371
丰台区,丰台区86号院20号楼10单元38室,两室一厅 丰台区优质房源,三室一厅,124.8,835.51,14层/共29层,2019年,1003,2025-10-17 21:48:37,4198,南北通透,https://example.com/house/11372
西城区,西城区53号院21号楼5单元75室,三室一厅 西城区优质房源,三室两厅,120.4,1202.15,27层/共32层,2007年,1004,2025-07-17 21:48:37,234,电梯房,https://example.com/house/11373
朝阳区,朝阳区96号院21号楼20单元29室,两室一厅 朝阳区优质房源,两室两厅,161.7,1209.43,15层/共28层,2009年,1001,2025-07-05 21:48:37,1756,学区房,https://example.com/house/11374
昌平区,昌平区64号院30号楼19单元7室,四室两厅 昌平区优质房源,一室一厅,170.7,1473.23,15层/共21层,1999年,1006,2025-03-12 21:48:37,629,带车位,https://example.com/house/11375
海淀区,海淀区92号院23号楼13单元13室,三室两厅 海淀区优质房源,四室两厅,109.5,239.91,18层/共21层,2005年,1002,2025-05-29 21:48:37,3140,电梯房,https://example.com/house/11376
朝阳区,朝阳区51号院10号楼2单元38室,一室一厅 朝阳区优质房源,两室两厅,182.8,282.27,22层/共18层,2016年,1001,2025-11-19 21:48:37,2998,电梯房,https://example.com/house/11377
海淀区,海淀区95号院12号楼10单元52室,三室一厅 海淀区优质房源,一室一厅,52.5,870.18,32层/共27层,2004年,1002,2026-01-05 21:48:37,4035,近地铁,https://example.com/house/11378
西城区,西城区42号院24号楼12单元71室,两室两厅 西城区优质房源,三室一厅,122.5,1242.22,17层/共23层,2007年,1004,2025-06-26 21:48:37,3477,带车位,https://example.com/house/11379
昌平区,昌平区38号院5号楼13单元42室,两室一厅 昌平区优质房源,三室两厅,58.5,1430.82,6层/共19层,2001年,1006,2025-11-11 21:48:37,102,近地铁,https://example.com/house/11380
西城区,西城区85号院21号楼11单元71室,四室两厅 西城区优质房源,三室两厅,196.1,1276.67,27层/共25层,2012年,1004,2025-04-13 21:48:37,197,精装修,https://example.com/house/11381
东城区,东城区82号院30号楼8单元42室,两室两厅 东城区优质房源,三室两厅,66.2,1075.03,33层/共27层,1999年,1005,2025-08-05 21:48:37,1938,精装修,https://example.com/house/11382
西城区,西城区80号院6号楼2单元37室,三室两厅 西城区优质房源,四室两厅,103.5,1022.39,25层/共18层,2018年,1004,2025-06-11 21:48:37,4007,南北通透,https://example.com/house/11383
海淀区,海淀区54号院6号楼9单元37室,两室一厅 海淀区优质房源,三室一厅,94.8,1101.06,10层/共19层,2002年,1002,2025-11-16 21:48:37,3212,电梯房,https://example.com/house/11384
西城区,西城区9号院11号楼6单元2室,两室一厅 西城区优质房源,一室一厅,157.4,1382.07,9层/共19层,2014年,1004,2026-01-25 21:48:37,2415,精装修,https://example.com/house/11385
顺义区,顺义区99号院25号楼19单元74室,三室两厅 顺义区优质房源,两室两厅,141.4,845.7,30层/共14层,2018年,1007,2025-12-03 21:48:37,2036,南北通透,https://example.com/house/11386
顺义区,顺义区91号院27号楼7单元12室,两室两厅 顺义区优质房源,一室一厅,153.3,686.92,6层/共31层,1993年,1007,2025-04-03 21:48:37,841,电梯房,https://example.com/house/11387
西城区,西城区38号院29号楼14单元32室,三室两厅 西城区优质房源,三室两厅,131.1,952.98,24层/共19层,2013年,1004,2026-02-02 21:48:37,601,南北通透,https://example.com/house/11388
昌平区,昌平区55号院27号楼18单元82室,两室两厅 昌平区优质房源,一室一厅,166.2,1386.13,10层/共31层,2007年,1006,2025-10-23 21:48:37,50,电梯房,https://example.com/house/11389
昌平区,昌平区46号院18号楼16单元48室,一室一厅 昌平区优质房源,两室一厅,122.1,1171.55,8层/共33层,2000年,1006,2025-08-05 21:48:37,1576,带车位,https://example.com/house/11390
朝阳区,朝阳区43号院6号楼4单元69室,两室两厅 朝阳区优质房源,三室两厅,50.8,223.23,26层/共14层,2008年,1001,2025-11-25 21:48:37,1050,电梯房,https://example.com/house/11391
东城区,东城区67号院7号楼7单元71室,四室两厅 东城区优质房源,三室一厅,51.4,799.34,7层/共12层,2011年,1005,2025-11-20 21:48:37,3815,带车位,https://example.com/house/11392
丰台区,丰台区22号院26号楼20单元8室,三室两厅 丰台区优质房源,三室一厅,195.6,1184.49,25层/共33层,2020年,1003,2025-08-23 21:48:37,1898,南北通透,https://example.com/house/11393
昌平区,昌平区63号院7号楼10单元96室,三室两厅 昌平区优质房源,两室两厅,73.5,513.15,30层/共21层,2010年,1006,2026-01-08 21:48:37,4875,带车位,https://example.com/house/11394
昌平区,昌平区54号院27号楼16单元56室,一室一厅 昌平区优质房源,四室两厅,116.5,769.74,16层/共12层,1997年,1006,2025-10-05 21:48:37,343,带车位,https://example.com/house/11395
昌平区,昌平区37号院14号楼9单元12室,一室一厅 昌平区优质房源,三室两厅,88.7,950.3,28层/共15层,1998年,1006,2025-06-02 21:48:37,227,近地铁,https://example.com/house/11396
昌平区,昌平区48号院6号楼5单元33室,两室两厅 昌平区优质房源,三室两厅,119.0,1443.77,5层/共28层,2008年,1006,2025-03-18 21:48:37,4828,精装修,https://example.com/house/11397
昌平区,昌平区15号院9号楼8单元29室,四室两厅 昌平区优质房源,四室两厅,152.9,1485.37,19层/共30层,2006年,1006,2025-04-03 21:48:37,2218,近地铁,https://example.com/house/11398
朝阳区,朝阳区27号院19号楼6单元20室,三室两厅 朝阳区优质房源,三室两厅,86.4,457.11,15层/共30层,2014年,1001,2025-10-08 21:48:37,3428,近地铁,https://example.com/house/11399
朝阳区,朝阳区88号院28号楼13单元97室,四室两厅 朝阳区优质房源,三室一厅,179.0,1312.33,6层/共24层,2011年,1001,2025-04-06 21:48:37,2515,精装修,https://example.com/house/11400
顺义区,顺义区49号院7号楼14单元2室,四室两厅 顺义区优质房源,四室两厅,178.4,959.53,20层/共13层,2014年,1007,2025-11-30 21:48:37,897,近地铁,https://example.com/house/11401
丰台区,丰台区31号院30号楼13单元98室,四室两厅 丰台区优质房源,三室一厅,198.9,537.27,30层/共22层,1995年,1003,2025-12-15 21:48:37,406,精装修,https://example.com/house/11402
东城区,东城区31号院27号楼9单元3室,一室一厅 东城区优质房源,三室一厅,118.7,402.3,6层/共18层,2019年,1005,2025-05-24 21:48:37,4803,电梯房,https://example.com/house/11403
昌平区,昌平区37号院23号楼7单元79室,两室两厅 昌平区优质房源,两室两厅,110.4,630.56,15层/共17层,2011年,1006,2025-11-09 21:48:37,3770,电梯房,https://example.com/house/11404
海淀区,海淀区15号院10号楼16单元10室,两室两厅 海淀区优质房源,两室两厅,113.4,1187.64,17层/共17层,2015年,1002,2025-09-25 21:48:37,399,电梯房,https://example.com/house/11405
西城区,西城区99号院6号楼4单元80室,四室两厅 西城区优质房源,两室两厅,192.4,1357.46,6层/共14层,2016年,1004,2025-06-22 21:48:37,140,学区房,https://example.com/house/11406
朝阳区,朝阳区13号院4号楼5单元35室,三室一厅 朝阳区优质房源,三室一厅,147.2,464.62,18层/共19层,2014年,1001,2026-02-07 21:48:37,4619,南北通透,https://example.com/house/11407
昌平区,昌平区79号院7号楼8单元63室,三室一厅 昌平区优质房源,四室两厅,177.7,559.38,2层/共21层,2009年,1006,2025-07-03 21:48:37,1540,南北通透,https://example.com/house/11408
海淀区,海淀区6号院23号楼8单元71室,三室一厅 海淀区优质房源,三室两厅,134.0,1258.55,21层/共14层,1996年,1002,2025-05-02 21:48:37,2002,南北通透,https://example.com/house/11409
昌平区,昌平区55号院23号楼1单元94室,两室两厅 昌平区优质房源,三室两厅,150.1,962.5,1层/共24层,1992年,1006,2025-11-01 21:48:37,2073,学区房,https://example.com/house/11410
丰台区,丰台区97号院22号楼12单元68室,三室一厅 丰台区优质房源,三室一厅,196.2,1280.21,26层/共28层,2013年,1003,2025-03-26 21:48:37,242,精装修,https://example.com/house/11411
顺义区,顺义区19号院3号楼17单元88室,一室一厅 顺义区优质房源,一室一厅,99.4,334.25,7层/共33层,2004年,1007,2026-03-02 21:48:37,4436,南北通透,https://example.com/house/11412
东城区,东城区27号院15号楼9单元3室,四室两厅 东城区优质房源,两室两厅,176.7,421.84,5层/共20层,2015年,1005,2025-07-21 21:48:37,3519,学区房,https://example.com/house/11413
西城区,西城区20号院22号楼19单元86室,四室两厅 西城区优质房源,三室一厅,52.9,369.88,30层/共31层,2005年,1004,2026-01-30 21:48:37,4716,学区房,https://example.com/house/11414
海淀区,海淀区86号院18号楼11单元67室,三室两厅 海淀区优质房源,一室一厅,130.9,1202.92,23层/共15层,2012年,1002,2025-07-05 21:48:37,2429,学区房,https://example.com/house/11415
昌平区,昌平区95号院5号楼4单元65室,一室一厅 昌平区优质房源,两室两厅,64.9,1252.52,10层/共23层,1990年,1006,2025-12-16 21:48:37,2589,电梯房,https://example.com/house/11416
海淀区,海淀区49号院3号楼10单元8室,两室一厅 海淀区优质房源,四室两厅,137.6,711.75,1层/共25层,1992年,1002,2025-09-14 21:48:37,1285,近地铁,https://example.com/house/11417
东城区,东城区38号院18号楼12单元2室,两室一厅 东城区优质房源,三室一厅,95.9,348.97,27层/共30层,1991年,1005,2025-04-20 21:48:37,2031,近地铁,https://example.com/house/11418
海淀区,海淀区18号院3号楼9单元25室,四室两厅 海淀区优质房源,两室一厅,51.6,536.89,32层/共25层,2003年,1002,2025-10-03 21:48:37,2755,带车位,https://example.com/house/11419
顺义区,顺义区94号院22号楼16单元42室,三室一厅 顺义区优质房源,三室一厅,200.0,1391.6,26层/共14层,2001年,1007,2025-05-28 21:48:37,4010,电梯房,https://example.com/house/11420
海淀区,海淀区89号院10号楼7单元24室,两室一厅 海淀区优质房源,三室一厅,110.9,541.04,32层/共29层,2017年,1002,2025-04-10 21:48:37,1855,南北通透,https://example.com/house/11421
东城区,东城区72号院30号楼9单元2室,两室两厅 东城区优质房源,一室一厅,96.8,1290.96,10层/共26层,2004年,1005,2025-12-24 21:48:37,2103,近地铁,https://example.com/house/11422
东城区,东城区66号院10号楼2单元34室,一室一厅 东城区优质房源,三室两厅,103.9,869.91,26层/共31层,2019年,1005,2026-01-12 21:48:37,4856,带车位,https://example.com/house/11423
东城区,东城区75号院25号楼15单元65室,四室两厅 东城区优质房源,两室两厅,150.1,969.55,20层/共29层,2013年,1005,2025-03-20 21:48:37,551,带车位,https://example.com/house/11424
丰台区,丰台区73号院26号楼8单元75室,四室两厅 丰台区优质房源,三室一厅,154.0,1395.02,11层/共17层,2010年,1003,2025-09-11 21:48:37,3249,电梯房,https://example.com/house/11425
顺义区,顺义区97号院11号楼15单元44室,一室一厅 顺义区优质房源,四室两厅,90.4,704.12,14层/共25层,1994年,1007,2025-07-12 21:48:37,1378,带车位,https://example.com/house/11426
东城区,东城区78号院30号楼16单元16室,两室一厅 东城区优质房源,三室两厅,151.6,1365.2,15层/共25层,1995年,1005,2026-01-14 21:48:37,3817,电梯房,https://example.com/house/11427
丰台区,丰台区96号院25号楼19单元31室,两室两厅 丰台区优质房源,一室一厅,51.0,1090.4,4层/共15层,1995年,1003,2025-04-28 21:48:37,3552,近地铁,https://example.com/house/11428
西城区,西城区44号院27号楼2单元59室,一室一厅 西城区优质房源,三室两厅,81.3,1303.72,28层/共10层,2012年,1004,2025-08-29 21:48:37,3711,带车位,https://example.com/house/11429
丰台区,丰台区40号院28号楼19单元36室,两室一厅 丰台区优质房源,两室一厅,163.7,1096.63,10层/共26层,2011年,1003,2025-10-24 21:48:37,4053,精装修,https://example.com/house/11430
朝阳区,朝阳区49号院26号楼18单元4室,四室两厅 朝阳区优质房源,两室一厅,107.9,637.65,29层/共11层,1997年,1001,2025-10-29 21:48:37,3181,带车位,https://example.com/house/11431
丰台区,丰台区15号院14号楼16单元89室,两室两厅 丰台区优质房源,三室两厅,95.2,1087.46,31层/共23层,2007年,1003,2025-12-16 21:48:37,2811,学区房,https://example.com/house/11432
顺义区,顺义区96号院27号楼17单元50室,两室两厅 顺义区优质房源,三室一厅,133.7,1465.19,25层/共28层,1999年,1007,2025-05-29 21:48:37,1352,南北通透,https://example.com/house/11433
海淀区,海淀区78号院7号楼2单元20室,两室两厅 海淀区优质房源,三室一厅,197.1,874.64,5层/共29层,2012年,1002,2025-09-02 21:48:37,3232,南北通透,https://example.com/house/11434
顺义区,顺义区20号院16号楼18单元73室,三室两厅 顺义区优质房源,四室两厅,197.9,574.17,17层/共19层,1998年,1007,2025-03-24 21:48:37,3157,带车位,https://example.com/house/11435
东城区,东城区73号院24号楼14单元43室,两室两厅 东城区优质房源,两室一厅,165.0,871.37,19层/共19层,1991年,1005,2025-04-02 21:48:37,788,学区房,https://example.com/house/11436
朝阳区,朝阳区19号院28号楼19单元37室,三室两厅 朝阳区优质房源,两室两厅,55.5,699.06,17层/共11层,1997年,1001,2025-04-12 21:48:37,185,南北通透,https://example.com/house/11437
顺义区,顺义区79号院4号楼7单元61室,一室一厅 顺义区优质房源,四室两厅,199.8,797.86,6层/共21层,1996年,1007,2026-01-17 21:48:37,4712,精装修,https://example.com/house/11438
昌平区,昌平区60号院5号楼17单元46室,一室一厅 昌平区优质房源,四室两厅,55.2,774.17,19层/共30层,1994年,1006,2025-12-19 21:48:37,2935,精装修,https://example.com/house/11439
顺义区,顺义区89号院24号楼9单元94室,两室两厅 顺义区优质房源,三室一厅,62.6,1279.97,32层/共11层,2014年,1007,2025-10-17 21:48:37,771,近地铁,https://example.com/house/11440
西城区,西城区5号院11号楼1单元63室,一室一厅 西城区优质房源,两室两厅,152.3,620.88,19层/共27层,2003年,1004,2026-03-10 21:48:37,3538,带车位,https://example.com/house/11441
朝阳区,朝阳区41号院14号楼8单元86室,两室一厅 朝阳区优质房源,两室一厅,166.8,929.05,32层/共13层,1997年,1001,2025-08-07 21:48:37,4360,精装修,https://example.com/house/11442
丰台区,丰台区57号院13号楼14单元58室,一室一厅 丰台区优质房源,三室一厅,124.2,1316.75,3层/共22层,1999年,1003,2025-07-27 21:48:37,3091,带车位,https://example.com/house/11443
东城区,东城区74号院21号楼5单元81室,四室两厅 东城区优质房源,一室一厅,55.2,973.5,7层/共32层,2012年,1005,2025-04-04 21:48:37,1962,精装修,https://example.com/house/11444
东城区,东城区99号院4号楼17单元85室,两室两厅 东城区优质房源,一室一厅,93.0,1105.34,13层/共20层,2016年,1005,2025-11-13 21:48:37,3509,精装修,https://example.com/house/11445
海淀区,海淀区98号院17号楼6单元93室,两室一厅 海淀区优质房源,三室两厅,106.9,1303.34,4层/共17层,2013年,1002,2026-01-24 21:48:37,2746,电梯房,https://example.com/house/11446
东城区,东城区47号院5号楼13单元1室,三室两厅 东城区优质房源,两室一厅,72.3,700.57,14层/共25层,2001年,1005,2026-01-14 21:48:37,1215,南北通透,https://example.com/house/11447
朝阳区,朝阳区24号院14号楼3单元10室,一室一厅 朝阳区优质房源,三室一厅,150.9,211.93,25层/共33层,2012年,1001,2025-06-25 21:48:37,4093,南北通透,https://example.com/house/11448
昌平区,昌平区46号院3号楼14单元52室,两室一厅 昌平区优质房源,一室一厅,180.5,1363.7,4层/共31层,2015年,1006,2025-03-13 21:48:37,533,近地铁,https://example.com/house/11449
东城区,东城区7号院16号楼7单元13室,两室两厅 东城区优质房源,三室一厅,51.5,1182.95,22层/共10层,1992年,1005,2025-08-03 21:48:37,3625,学区房,https://example.com/house/11450
丰台区,丰台区76号院9号楼12单元58室,三室一厅 丰台区优质房源,三室一厅,69.4,964.2,2层/共27层,1994年,1003,2025-11-05 21:48:37,1216,南北通透,https://example.com/house/11451
朝阳区,朝阳区87号院30号楼5单元52室,两室两厅 朝阳区优质房源,三室两厅,90.4,201.22,2层/共13层,2009年,1001,2026-01-17 21:48:37,3286,电梯房,https://example.com/house/11452
朝阳区,朝阳区39号院22号楼15单元71室,三室两厅 朝阳区优质房源,三室一厅,130.9,555.54,3层/共32层,2016年,1001,2025-09-18 21:48:37,4706,南北通透,https://example.com/house/11453
西城区,西城区73号院23号楼7单元57室,两室一厅 西城区优质房源,一室一厅,64.5,1454.06,19层/共13层,2000年,1004,2025-07-31 21:48:37,3321,学区房,https://example.com/house/11454
朝阳区,朝阳区74号院26号楼20单元31室,四室两厅 朝阳区优质房源,三室一厅,165.8,512.36,23层/共12层,2005年,1001,2025-08-06 21:48:37,4289,近地铁,https://example.com/house/11455
顺义区,顺义区2号院30号楼19单元85室,三室一厅 顺义区优质房源,三室一厅,109.5,1388.32,7层/共24层,2017年,1007,2025-10-03 21:48:37,1453,带车位,https://example.com/house/11456
昌平区,昌平区60号院7号楼15单元27室,两室两厅 昌平区优质房源,三室两厅,83.4,1166.59,7层/共11层,1998年,1006,2025-06-10 21:48:37,1365,南北通透,https://example.com/house/11457
东城区,东城区86号院1号楼16单元17室,三室一厅 东城区优质房源,三室一厅,91.0,240.85,11层/共23层,2020年,1005,2025-07-15 21:48:37,4562,精装修,https://example.com/house/11458
海淀区,海淀区79号院14号楼1单元1室,四室两厅 海淀区优质房源,四室两厅,197.5,1450.88,4层/共10层,2005年,1002,2025-12-10 21:48:37,2131,带车位,https://example.com/house/11459
西城区,西城区78号院4号楼4单元11室,四室两厅 西城区优质房源,三室两厅,89.6,1127.96,8层/共29层,1996年,1004,2025-05-12 21:48:37,2329,南北通透,https://example.com/house/11460
朝阳区,朝阳区33号院13号楼14单元83室,一室一厅 朝阳区优质房源,两室两厅,157.4,974.27,28层/共10层,1999年,1001,2025-12-10 21:48:37,1590,精装修,https://example.com/house/11461
顺义区,顺义区23号院13号楼2单元4室,两室一厅 顺义区优质房源,一室一厅,155.1,1212.84,11层/共33层,2017年,1007,2025-08-01 21:48:37,4370,精装修,https://example.com/house/11462
丰台区,丰台区16号院21号楼16单元70室,两室一厅 丰台区优质房源,一室一厅,150.8,1387.06,7层/共17层,2013年,1003,2025-06-15 21:48:37,2820,南北通透,https://example.com/house/11463
西城区,西城区44号院11号楼13单元59室,两室两厅 西城区优质房源,两室两厅,83.3,1398.72,2层/共27层,1997年,1004,2025-07-13 21:48:37,3253,南北通透,https://example.com/house/11464
朝阳区,朝阳区63号院1号楼7单元18室,三室两厅 朝阳区优质房源,四室两厅,193.2,1046.3,16层/共12层,1998年,1001,2026-02-05 21:48:37,1824,电梯房,https://example.com/house/11465
东城区,东城区8号院12号楼18单元57室,两室一厅 东城区优质房源,三室两厅,151.8,312.48,13层/共19层,1996年,1005,2025-06-26 21:48:37,1501,精装修,https://example.com/house/11466
朝阳区,朝阳区32号院14号楼2单元53室,两室一厅 朝阳区优质房源,两室一厅,56.7,1158.39,28层/共15层,1993年,1001,2026-02-17 21:48:37,4741,学区房,https://example.com/house/11467
海淀区,海淀区9号院14号楼7单元11室,两室两厅 海淀区优质房源,三室两厅,98.3,1233.62,23层/共27层,2007年,1002,2025-03-23 21:48:37,838,电梯房,https://example.com/house/11468
丰台区,丰台区34号院25号楼3单元17室,两室两厅 丰台区优质房源,一室一厅,197.5,210.35,16层/共33层,2003年,1003,2025-04-23 21:48:37,3160,南北通透,https://example.com/house/11469
西城区,西城区4号院14号楼14单元52室,三室一厅 西城区优质房源,三室一厅,189.2,701.03,15层/共26层,2003年,1004,2025-08-30 21:48:37,1804,学区房,https://example.com/house/11470
海淀区,海淀区47号院22号楼4单元17室,四室两厅 海淀区优质房源,三室一厅,110.0,860.4,13层/共18层,2000年,1002,2026-02-10 21:48:37,4505,电梯房,https://example.com/house/11471
丰台区,丰台区46号院11号楼13单元79室,一室一厅 丰台区优质房源,一室一厅,93.3,459.92,3层/共17层,2012年,1003,2025-10-22 21:48:37,917,学区房,https://example.com/house/11472
昌平区,昌平区22号院6号楼3单元91室,四室两厅 昌平区优质房源,两室两厅,56.7,689.73,27层/共17层,2014年,1006,2025-05-02 21:48:37,4905,精装修,https://example.com/house/11473
顺义区,顺义区44号院17号楼12单元77室,四室两厅 顺义区优质房源,一室一厅,127.8,642.62,14层/共30层,2000年,1007,2025-08-11 21:48:37,3756,南北通透,https://example.com/house/11474
顺义区,顺义区77号院23号楼1单元70室,一室一厅 顺义区优质房源,四室两厅,191.7,765.16,30层/共16层,2014年,1007,2025-05-08 21:48:37,3782,带车位,https://example.com/house/11475
昌平区,昌平区97号院5号楼11单元24室,一室一厅 昌平区优质房源,三室一厅,197.0,1406.11,26层/共14层,2019年,1006,2025-05-31 21:48:37,4678,学区房,https://example.com/house/11476
朝阳区,朝阳区36号院13号楼18单元90室,两室一厅 朝阳区优质房源,三室一厅,178.7,874.31,23层/共28层,2006年,1001,2025-12-27 21:48:37,38,电梯房,https://example.com/house/11477
海淀区,海淀区65号院8号楼15单元96室,三室两厅 海淀区优质房源,四室两厅,162.1,1273.02,12层/共19层,2018年,1002,2025-11-25 21:48:37,1979,南北通透,https://example.com/house/11478
丰台区,丰台区54号院15号楼12单元23室,一室一厅 丰台区优质房源,四室两厅,120.3,1156.17,12层/共26层,2009年,1003,2025-03-19 21:48:37,4456,近地铁,https://example.com/house/11479
丰台区,丰台区90号院23号楼12单元97室,三室两厅 丰台区优质房源,四室两厅,143.9,498.74,17层/共13层,1997年,1003,2025-09-13 21:48:37,3071,精装修,https://example.com/house/11480
西城区,西城区16号院1号楼4单元17室,两室两厅 西城区优质房源,三室两厅,57.7,1038.5,20层/共25层,2016年,1004,2025-12-14 21:48:37,1581,精装修,https://example.com/house/11481
东城区,东城区47号院10号楼2单元99室,三室一厅 东城区优质房源,一室一厅,52.0,870.85,29层/共16层,2019年,1005,2026-01-02 21:48:37,4468,南北通透,https://example.com/house/11482
顺义区,顺义区94号院1号楼12单元37室,两室两厅 顺义区优质房源,三室一厅,108.9,1181.77,19层/共10层,2000年,1007,2025-10-08 21:48:37,1763,学区房,https://example.com/house/11483
海淀区,海淀区69号院12号楼19单元55室,四室两厅 海淀区优质房源,四室两厅,146.3,1010.11,17层/共13层,2017年,1002,2025-07-10 21:48:37,4226,南北通透,https://example.com/house/11484
东城区,东城区73号院20号楼14单元69室,两室两厅 东城区优质房源,两室两厅,199.4,1365.02,29层/共26层,1993年,1005,2025-10-25 21:48:37,587,精装修,https://example.com/house/11485
东城区,东城区81号院17号楼18单元88室,两室两厅 东城区优质房源,两室一厅,57.8,702.7,26层/共21层,1992年,1005,2025-04-23 21:48:37,4760,南北通透,https://example.com/house/11486
昌平区,昌平区64号院26号楼8单元12室,一室一厅 昌平区优质房源,四室两厅,113.9,1200.59,26层/共21层,1990年,1006,2025-04-13 21:48:37,4535,带车位,https://example.com/house/11487
东城区,东城区74号院24号楼2单元7室,两室两厅 东城区优质房源,两室两厅,128.3,1349.36,31层/共21层,2009年,1005,2025-06-28 21:48:37,3910,近地铁,https://example.com/house/11488
顺义区,顺义区10号院5号楼16单元46室,三室一厅 顺义区优质房源,两室两厅,152.1,752.8,13层/共19层,2015年,1007,2025-10-15 21:48:37,3942,南北通透,https://example.com/house/11489
西城区,西城区62号院2号楼15单元52室,三室两厅 西城区优质房源,四室两厅,93.5,1291.34,7层/共20层,1994年,1004,2025-07-04 21:48:37,3600,南北通透,https://example.com/house/11490
昌平区,昌平区63号院23号楼1单元15室,三室两厅 昌平区优质房源,四室两厅,53.8,1454.65,11层/共21层,1995年,1006,2025-12-19 21:48:37,1902,南北通透,https://example.com/house/11491
昌平区,昌平区57号院19号楼15单元42室,一室一厅 昌平区优质房源,三室两厅,99.5,1100.26,28层/共14层,2008年,1006,2025-09-02 21:48:37,3349,学区房,https://example.com/house/11492
昌平区,昌平区8号院28号楼11单元6室,三室两厅 昌平区优质房源,三室两厅,85.8,1210.48,28层/共26层,1997年,1006,2025-11-30 21:48:37,1902,近地铁,https://example.com/house/11493
丰台区,丰台区49号院19号楼19单元81室,四室两厅 丰台区优质房源,四室两厅,60.9,764.02,1层/共27层,2020年,1003,2025-06-03 21:48:37,4199,带车位,https://example.com/house/11494
昌平区,昌平区21号院12号楼4单元32室,两室两厅 昌平区优质房源,两室两厅,56.0,1021.95,28层/共31层,2002年,1006,2025-11-21 21:48:37,2964,近地铁,https://example.com/house/11495
顺义区,顺义区55号院4号楼16单元29室,两室一厅 顺义区优质房源,一室一厅,84.2,1146.38,8层/共31层,2009年,1007,2025-10-03 21:48:37,3614,带车位,https://example.com/house/11496
朝阳区,朝阳区9号院17号楼20单元33室,三室一厅 朝阳区优质房源,两室一厅,120.9,402.92,17层/共17层,2002年,1001,2025-06-15 21:48:37,155,带车位,https://example.com/house/11497
东城区,东城区61号院3号楼14单元89室,四室两厅 东城区优质房源,一室一厅,119.8,1108.55,4层/共25层,2002年,1005,2025-03-18 21:48:37,3873,学区房,https://example.com/house/11498
朝阳区,朝阳区24号院13号楼15单元35室,一室一厅 朝阳区优质房源,一室一厅,199.0,1300.49,28层/共31层,2003年,1001,2025-06-19 21:48:37,4280,带车位,https://example.com/house/11499
西城区,西城区11号院25号楼6单元36室,三室两厅 西城区优质房源,一室一厅,68.6,1414.2,8层/共29层,2018年,1004,2025-05-19 21:48:37,899,电梯房,https://example.com/house/11500
西城区,西城区22号院3号楼16单元38室,一室一厅 西城区优质房源,两室两厅,72.5,870.4,8层/共29层,2002年,1004,2025-12-15 21:48:37,4443,南北通透,https://example.com/house/11501
朝阳区,朝阳区95号院21号楼15单元38室,一室一厅 朝阳区优质房源,三室两厅,126.3,253.57,19层/共26层,1996年,1001,2025-08-13 21:48:37,1614,学区房,https://example.com/house/11502
西城区,西城区44号院1号楼2单元58室,三室一厅 西城区优质房源,三室一厅,81.6,941.26,9层/共24层,2020年,1004,2025-10-07 21:48:37,1513,电梯房,https://example.com/house/11503
朝阳区,朝阳区83号院30号楼16单元50室,两室一厅 朝阳区优质房源,两室两厅,95.6,1011.59,7层/共12层,2015年,1001,2025-03-25 21:48:37,4089,带车位,https://example.com/house/11504
东城区,东城区36号院2号楼2单元53室,一室一厅 东城区优质房源,三室两厅,95.0,711.66,26层/共29层,2020年,1005,2025-03-15 21:48:37,3271,学区房,https://example.com/house/11505
丰台区,丰台区64号院2号楼3单元35室,三室一厅 丰台区优质房源,一室一厅,160.7,459.44,28层/共21层,2018年,1003,2025-07-28 21:48:37,3880,精装修,https://example.com/house/11506
丰台区,丰台区38号院6号楼10单元1室,两室一厅 丰台区优质房源,三室两厅,168.1,316.46,11层/共12层,1990年,1003,2025-11-12 21:48:37,1189,带车位,https://example.com/house/11507
丰台区,丰台区37号院12号楼19单元54室,三室两厅 丰台区优质房源,两室两厅,142.6,226.53,15层/共23层,1992年,1003,2026-01-27 21:48:37,4591,近地铁,https://example.com/house/11508
海淀区,海淀区7号院16号楼20单元94室,三室一厅 海淀区优质房源,两室一厅,187.9,332.03,32层/共31层,2015年,1002,2025-06-20 21:48:37,4947,电梯房,https://example.com/house/11509
昌平区,昌平区25号院27号楼7单元38室,两室一厅 昌平区优质房源,三室两厅,190.0,610.23,1层/共24层,2009年,1006,2025-08-10 21:48:37,3105,学区房,https://example.com/house/11510
东城区,东城区89号院17号楼19单元4室,两室一厅 东城区优质房源,三室一厅,88.9,847.3,16层/共30层,1996年,1005,2025-05-17 21:48:37,4784,精装修,https://example.com/house/11511
顺义区,顺义区87号院2号楼12单元17室,两室两厅 顺义区优质房源,一室一厅,165.0,876.15,6层/共11层,2010年,1007,2026-01-10 21:48:37,4635,电梯房,https://example.com/house/11512
海淀区,海淀区12号院17号楼8单元4室,两室两厅 海淀区优质房源,四室两厅,114.2,291.43,25层/共31层,2003年,1002,2025-07-26 21:48:37,1067,学区房,https://example.com/house/11513
海淀区,海淀区95号院13号楼8单元6室,一室一厅 海淀区优质房源,四室两厅,166.6,769.06,6层/共11层,1991年,1002,2025-04-30 21:48:37,4400,近地铁,https://example.com/house/11514
西城区,西城区68号院17号楼20单元57室,两室两厅 西城区优质房源,三室两厅,124.9,649.56,30层/共29层,1999年,1004,2026-01-14 21:48:37,2562,近地铁,https://example.com/house/11515
海淀区,海淀区15号院17号楼11单元40室,两室两厅 海淀区优质房源,三室两厅,124.5,767.02,27层/共11层,2015年,1002,2025-06-15 21:48:37,1134,南北通透,https://example.com/house/11516
海淀区,海淀区41号院17号楼18单元11室,两室一厅 海淀区优质房源,三室两厅,105.8,340.92,29层/共27层,2006年,1002,2025-04-02 21:48:37,203,带车位,https://example.com/house/11517
丰台区,丰台区82号院2号楼18单元47室,两室两厅 丰台区优质房源,三室两厅,69.8,444.96,27层/共12层,2008年,1003,2025-09-30 21:48:37,269,南北通透,https://example.com/house/11518
丰台区,丰台区60号院30号楼3单元99室,一室一厅 丰台区优质房源,三室一厅,96.8,1130.83,21层/共19层,2012年,1003,2025-06-17 21:48:37,3226,精装修,https://example.com/house/11519
昌平区,昌平区34号院23号楼10单元48室,两室两厅 昌平区优质房源,三室一厅,180.8,911.23,17层/共28层,2005年,1006,2026-03-05 21:48:37,716,南北通透,https://example.com/house/11520
海淀区,海淀区9号院19号楼13单元53室,两室两厅 海淀区优质房源,一室一厅,177.1,770.2,22层/共11层,2020年,1002,2025-11-20 21:48:37,4675,精装修,https://example.com/house/11521
昌平区,昌平区89号院21号楼13单元62室,一室一厅 昌平区优质房源,四室两厅,142.4,1427.59,6层/共23层,2015年,1006,2025-12-07 21:48:37,2846,近地铁,https://example.com/house/11522
丰台区,丰台区41号院9号楼3单元56室,两室两厅 丰台区优质房源,两室一厅,152.2,510.65,10层/共24层,2000年,1003,2025-05-15 21:48:37,1894,精装修,https://example.com/house/11523
丰台区,丰台区14号院29号楼4单元47室,三室一厅 丰台区优质房源,三室一厅,72.8,599.17,5层/共19层,2016年,1003,2025-07-11 21:48:37,85,南北通透,https://example.com/house/11524
西城区,西城区93号院3号楼4单元15室,四室两厅 西城区优质房源,三室两厅,68.8,201.58,26层/共14层,2009年,1004,2026-03-10 21:48:37,3429,精装修,https://example.com/house/11525
昌平区,昌平区3号院21号楼9单元44室,两室一厅 昌平区优质房源,两室一厅,143.9,839.56,17层/共17层,1998年,1006,2025-12-02 21:48:37,4586,精装修,https://example.com/house/11526
东城区,东城区10号院30号楼10单元17室,两室一厅 东城区优质房源,一室一厅,60.6,1046.5,9层/共16层,1996年,1005,2025-09-24 21:48:37,3890,带车位,https://example.com/house/11527
东城区,东城区51号院19号楼3单元13室,两室两厅 东城区优质房源,两室两厅,100.4,1102.65,29层/共31层,2008年,1005,2026-02-15 21:48:37,3571,电梯房,https://example.com/house/11528
丰台区,丰台区24号院25号楼7单元81室,两室一厅 丰台区优质房源,三室两厅,182.4,1171.6,7层/共13层,1993年,1003,2026-02-03 21:48:37,1994,近地铁,https://example.com/house/11529
海淀区,海淀区28号院22号楼10单元77室,四室两厅 海淀区优质房源,一室一厅,165.6,824.04,3层/共14层,2013年,1002,2026-02-17 21:48:37,1785,电梯房,https://example.com/house/11530
顺义区,顺义区94号院13号楼2单元83室,两室两厅 顺义区优质房源,三室一厅,50.6,1283.49,8层/共14层,2004年,1007,2025-07-13 21:48:37,3527,学区房,https://example.com/house/11531
西城区,西城区52号院7号楼16单元92室,一室一厅 西城区优质房源,两室两厅,121.6,524.17,9层/共19层,2010年,1004,2025-08-30 21:48:37,4050,南北通透,https://example.com/house/11532
海淀区,海淀区37号院2号楼17单元93室,三室一厅 海淀区优质房源,三室两厅,176.9,401.43,6层/共31层,1993年,1002,2025-04-06 21:48:37,665,电梯房,https://example.com/house/11533
海淀区,海淀区36号院15号楼2单元98室,四室两厅 海淀区优质房源,三室一厅,144.8,982.59,18层/共27层,2014年,1002,2025-07-19 21:48:37,2970,南北通透,https://example.com/house/11534
西城区,西城区34号院24号楼17单元81室,四室两厅 西城区优质房源,一室一厅,111.9,218.34,7层/共12层,2020年,1004,2025-05-25 21:48:37,1005,南北通透,https://example.com/house/11535
顺义区,顺义区3号院2号楼3单元23室,三室一厅 顺义区优质房源,两室一厅,165.4,1361.08,11层/共12层,2018年,1007,2025-09-21 21:48:37,2690,南北通透,https://example.com/house/11536
昌平区,昌平区94号院7号楼4单元62室,三室两厅 昌平区优质房源,四室两厅,154.2,1195.04,4层/共32层,2015年,1006,2025-11-07 21:48:37,3809,近地铁,https://example.com/house/11537
昌平区,昌平区57号院29号楼11单元23室,两室一厅 昌平区优质房源,一室一厅,52.2,781.47,2层/共31层,1997年,1006,2026-02-04 21:48:37,2464,南北通透,https://example.com/house/11538
朝阳区,朝阳区56号院16号楼20单元99室,一室一厅 朝阳区优质房源,一室一厅,74.7,849.78,22层/共32层,2010年,1001,2025-09-27 21:48:37,1608,南北通透,https://example.com/house/11539
昌平区,昌平区62号院9号楼19单元65室,四室两厅 昌平区优质房源,一室一厅,150.4,288.28,26层/共11层,2019年,1006,2026-02-02 21:48:37,2288,近地铁,https://example.com/house/11540
丰台区,丰台区65号院3号楼1单元97室,四室两厅 丰台区优质房源,四室两厅,150.2,1300.24,17层/共24层,2011年,1003,2025-07-18 21:48:37,4363,电梯房,https://example.com/house/11541
东城区,东城区14号院1号楼5单元28室,三室两厅 东城区优质房源,两室两厅,91.8,1250.16,22层/共13层,2005年,1005,2025-09-01 21:48:37,368,近地铁,https://example.com/house/11542
朝阳区,朝阳区3号院3号楼6单元29室,三室两厅 朝阳区优质房源,三室两厅,97.8,1014.87,11层/共32层,1993年,1001,2025-04-09 21:48:37,3733,南北通透,https://example.com/house/11543
顺义区,顺义区89号院28号楼18单元91室,一室一厅 顺义区优质房源,两室两厅,86.7,1155.82,32层/共28层,2005年,1007,2025-12-04 21:48:37,1938,学区房,https://example.com/house/11544
顺义区,顺义区53号院22号楼4单元49室,两室一厅 顺义区优质房源,两室两厅,69.9,1441.86,16层/共28层,1993年,1007,2025-12-13 21:48:37,2985,南北通透,https://example.com/house/11545
昌平区,昌平区92号院5号楼6单元12室,三室两厅 昌平区优质房源,两室两厅,73.2,1432.28,26层/共26层,2017年,1006,2025-08-28 21:48:37,856,学区房,https://example.com/house/11546
丰台区,丰台区9号院3号楼3单元42室,三室一厅 丰台区优质房源,三室两厅,78.4,1105.48,25层/共13层,2000年,1003,2025-10-31 21:48:37,4863,带车位,https://example.com/house/11547
西城区,西城区27号院2号楼16单元52室,两室两厅 西城区优质房源,三室两厅,113.4,807.71,31层/共24层,2005年,1004,2025-10-19 21:48:37,4317,南北通透,https://example.com/house/11548
海淀区,海淀区54号院7号楼17单元54室,两室两厅 海淀区优质房源,三室两厅,64.8,411.65,12层/共13层,2004年,1002,2025-06-29 21:48:37,1333,带车位,https://example.com/house/11549
昌平区,昌平区92号院18号楼11单元64室,三室一厅 昌平区优质房源,两室两厅,75.1,1052.29,24层/共23层,2014年,1006,2025-05-12 21:48:37,3037,电梯房,https://example.com/house/11550
西城区,西城区17号院30号楼14单元22室,三室两厅 西城区优质房源,两室一厅,178.3,1387.59,24层/共17层,2009年,1004,2025-03-25 21:48:37,4179,学区房,https://example.com/house/11551
丰台区,丰台区22号院13号楼12单元30室,两室一厅 丰台区优质房源,四室两厅,137.3,849.91,14层/共18层,2007年,1003,2025-08-18 21:48:37,4727,带车位,https://example.com/house/11552
朝阳区,朝阳区42号院8号楼4单元45室,三室一厅 朝阳区优质房源,三室一厅,194.6,287.12,33层/共33层,2010年,1001,2026-02-13 21:48:37,3831,带车位,https://example.com/house/11553
东城区,东城区76号院3号楼3单元59室,两室一厅 东城区优质房源,三室一厅,141.6,1294.02,8层/共23层,2011年,1005,2026-01-14 21:48:37,2958,南北通透,https://example.com/house/11554
丰台区,丰台区28号院10号楼14单元61室,两室一厅 丰台区优质房源,两室一厅,172.8,605.67,3层/共27层,2019年,1003,2025-04-03 21:48:37,451,近地铁,https://example.com/house/11555
东城区,东城区75号院24号楼8单元15室,三室两厅 东城区优质房源,三室一厅,107.3,856.8,31层/共17层,2010年,1005,2025-07-01 21:48:37,3261,近地铁,https://example.com/house/11556
丰台区,丰台区32号院11号楼3单元39室,一室一厅 丰台区优质房源,三室一厅,123.4,677.27,10层/共17层,2014年,1003,2025-04-10 21:48:37,3750,近地铁,https://example.com/house/11557
昌平区,昌平区74号院1号楼20单元18室,一室一厅 昌平区优质房源,一室一厅,124.5,1102.26,7层/共15层,1997年,1006,2025-03-18 21:48:37,3409,学区房,https://example.com/house/11558
顺义区,顺义区57号院24号楼19单元90室,四室两厅 顺义区优质房源,两室两厅,190.6,840.93,31层/共19层,2013年,1007,2025-10-25 21:48:37,101,近地铁,https://example.com/house/11559
昌平区,昌平区79号院15号楼13单元50室,一室一厅 昌平区优质房源,一室一厅,68.1,1182.85,20层/共20层,2015年,1006,2026-01-18 21:48:37,4856,南北通透,https://example.com/house/11560
昌平区,昌平区44号院22号楼1单元15室,三室两厅 昌平区优质房源,三室一厅,173.1,1008.58,19层/共20层,2018年,1006,2025-05-09 21:48:37,1958,近地铁,https://example.com/house/11561
东城区,东城区8号院20号楼1单元50室,四室两厅 东城区优质房源,两室一厅,130.7,1024.0,2层/共25层,2010年,1005,2025-05-08 21:48:37,4818,精装修,https://example.com/house/11562
海淀区,海淀区68号院7号楼11单元30室,一室一厅 海淀区优质房源,两室两厅,168.1,656.6,14层/共17层,2007年,1002,2025-07-21 21:48:37,986,精装修,https://example.com/house/11563
朝阳区,朝阳区45号院4号楼4单元39室,一室一厅 朝阳区优质房源,两室两厅,77.8,1303.02,12层/共32层,1998年,1001,2025-08-25 21:48:37,2901,近地铁,https://example.com/house/11564
朝阳区,朝阳区68号院3号楼10单元20室,三室两厅 朝阳区优质房源,三室一厅,191.9,597.98,30层/共18层,2018年,1001,2025-06-15 21:48:37,4465,学区房,https://example.com/house/11565
顺义区,顺义区82号院25号楼16单元40室,一室一厅 顺义区优质房源,两室一厅,80.6,997.54,14层/共19层,2016年,1007,2025-05-04 21:48:37,2264,南北通透,https://example.com/house/11566
海淀区,海淀区2号院17号楼16单元90室,两室一厅 海淀区优质房源,两室一厅,90.0,1285.17,17层/共28层,2004年,1002,2025-12-16 21:48:37,4308,学区房,https://example.com/house/11567
东城区,东城区1号院3号楼3单元2室,一室一厅 东城区优质房源,四室两厅,135.9,1491.1,19层/共29层,1992年,1005,2025-10-11 21:48:37,730,近地铁,https://example.com/house/11568
丰台区,丰台区63号院21号楼7单元59室,四室两厅 丰台区优质房源,三室一厅,160.1,428.11,20层/共23层,2013年,1003,2026-01-03 21:48:37,2203,电梯房,https://example.com/house/11569
海淀区,海淀区87号院8号楼16单元58室,三室一厅 海淀区优质房源,两室一厅,109.6,354.19,6层/共21层,2006年,1002,2025-07-05 21:48:37,2131,南北通透,https://example.com/house/11570
昌平区,昌平区66号院28号楼7单元54室,两室两厅 昌平区优质房源,一室一厅,100.7,1048.26,31层/共22层,1990年,1006,2025-03-27 21:48:37,3260,带车位,https://example.com/house/11571
朝阳区,朝阳区96号院12号楼11单元9室,两室两厅 朝阳区优质房源,两室一厅,152.0,427.68,3层/共15层,2002年,1001,2025-11-04 21:48:37,2945,精装修,https://example.com/house/11572
西城区,西城区61号院12号楼15单元11室,三室两厅 西城区优质房源,三室两厅,58.0,921.66,15层/共13层,1997年,1004,2025-06-16 21:48:37,166,电梯房,https://example.com/house/11573
丰台区,丰台区95号院4号楼2单元94室,四室两厅 丰台区优质房源,一室一厅,165.1,982.43,11层/共17层,1995年,1003,2025-04-22 21:48:37,3302,南北通透,https://example.com/house/11574
东城区,东城区25号院11号楼8单元87室,三室两厅 东城区优质房源,三室两厅,105.4,222.92,21层/共26层,2002年,1005,2025-09-29 21:48:37,3458,学区房,https://example.com/house/11575
昌平区,昌平区72号院17号楼18单元28室,三室两厅 昌平区优质房源,两室一厅,199.0,1187.79,28层/共25层,1997年,1006,2025-11-25 21:48:37,4894,电梯房,https://example.com/house/11576
东城区,东城区56号院12号楼15单元39室,四室两厅 东城区优质房源,两室两厅,136.6,1380.86,3层/共31层,2015年,1005,2026-02-07 21:48:37,1191,学区房,https://example.com/house/11577
海淀区,海淀区70号院10号楼14单元60室,一室一厅 海淀区优质房源,两室两厅,100.0,758.93,6层/共12层,2008年,1002,2025-09-11 21:48:37,2266,学区房,https://example.com/house/11578
昌平区,昌平区39号院24号楼12单元39室,两室两厅 昌平区优质房源,一室一厅,195.0,384.75,27层/共21层,2005年,1006,2025-07-08 21:48:37,2406,南北通透,https://example.com/house/11579
西城区,西城区63号院24号楼8单元18室,四室两厅 西城区优质房源,两室一厅,199.6,946.41,2层/共32层,2003年,1004,2025-06-11 21:48:37,598,学区房,https://example.com/house/11580
昌平区,昌平区38号院3号楼3单元71室,三室两厅 昌平区优质房源,一室一厅,112.0,1181.61,6层/共11层,1995年,1006,2025-03-12 21:48:37,4302,南北通透,https://example.com/house/11581
东城区,东城区50号院4号楼10单元91室,四室两厅 东城区优质房源,三室两厅,184.9,409.69,16层/共26层,1994年,1005,2025-12-27 21:48:37,19,精装修,https://example.com/house/11582
朝阳区,朝阳区13号院8号楼7单元51室,三室一厅 朝阳区优质房源,四室两厅,134.9,661.13,31层/共29层,1990年,1001,2025-12-02 21:48:37,4850,南北通透,https://example.com/house/11583
海淀区,海淀区43号院27号楼14单元7室,三室两厅 海淀区优质房源,三室两厅,192.9,312.91,23层/共23层,2013年,1002,2026-02-24 21:48:37,3820,带车位,https://example.com/house/11584
海淀区,海淀区92号院12号楼6单元60室,四室两厅 海淀区优质房源,三室两厅,72.2,910.37,7层/共28层,2006年,1002,2025-08-15 21:48:37,4964,学区房,https://example.com/house/11585
丰台区,丰台区7号院10号楼1单元70室,两室一厅 丰台区优质房源,两室两厅,154.7,1312.08,30层/共11层,2006年,1003,2025-07-19 21:48:37,4894,带车位,https://example.com/house/11586
海淀区,海淀区32号院12号楼15单元42室,四室两厅 海淀区优质房源,三室两厅,73.6,321.11,33层/共22层,1998年,1002,2025-11-23 21:48:37,1529,近地铁,https://example.com/house/11587
海淀区,海淀区74号院24号楼3单元54室,两室一厅 海淀区优质房源,四室两厅,156.4,345.77,17层/共19层,1994年,1002,2025-12-21 21:48:37,814,近地铁,https://example.com/house/11588
东城区,东城区72号院26号楼17单元16室,两室两厅 东城区优质房源,两室两厅,129.7,547.76,16层/共30层,1990年,1005,2025-05-17 21:48:37,4916,电梯房,https://example.com/house/11589
顺义区,顺义区16号院9号楼2单元59室,三室两厅 顺义区优质房源,一室一厅,145.2,677.86,23层/共16层,2018年,1007,2025-06-08 21:48:37,2925,学区房,https://example.com/house/11590
西城区,西城区84号院24号楼3单元98室,一室一厅 西城区优质房源,两室一厅,75.2,464.01,28层/共10层,2014年,1004,2026-02-11 21:48:37,3409,近地铁,https://example.com/house/11591
西城区,西城区14号院15号楼1单元6室,两室一厅 西城区优质房源,三室一厅,81.6,1438.46,3层/共17层,1991年,1004,2025-07-02 21:48:37,563,精装修,https://example.com/house/11592
丰台区,丰台区52号院7号楼7单元19室,三室一厅 丰台区优质房源,三室一厅,81.6,388.18,7层/共30层,2000年,1003,2025-05-15 21:48:37,4273,学区房,https://example.com/house/11593
昌平区,昌平区82号院5号楼8单元93室,三室一厅 昌平区优质房源,四室两厅,132.2,544.09,5层/共10层,2002年,1006,2025-09-01 21:48:37,4309,学区房,https://example.com/house/11594
东城区,东城区32号院15号楼20单元92室,三室一厅 东城区优质房源,四室两厅,122.5,1080.24,29层/共14层,2008年,1005,2025-09-13 21:48:37,609,带车位,https://example.com/house/11595
丰台区,丰台区1号院20号楼16单元31室,四室两厅 丰台区优质房源,一室一厅,98.6,949.98,30层/共29层,2013年,1003,2025-08-14 21:48:37,1064,学区房,https://example.com/house/11596
朝阳区,朝阳区89号院15号楼1单元12室,两室一厅 朝阳区优质房源,两室两厅,61.4,675.16,2层/共15层,1994年,1001,2025-05-19 21:48:37,1032,学区房,https://example.com/house/11597
顺义区,顺义区82号院3号楼1单元42室,三室一厅 顺义区优质房源,四室两厅,130.4,348.96,28层/共16层,2006年,1007,2026-02-28 21:48:37,1764,精装修,https://example.com/house/11598
海淀区,海淀区83号院6号楼7单元43室,一室一厅 海淀区优质房源,两室一厅,182.9,660.35,18层/共15层,2011年,1002,2025-06-02 21:48:37,3361,近地铁,https://example.com/house/11599
朝阳区,朝阳区31号院1号楼8单元59室,两室一厅 朝阳区优质房源,三室一厅,176.2,882.33,11层/共17层,1991年,1001,2025-12-05 21:48:37,2815,南北通透,https://example.com/house/11600
西城区,西城区27号院16号楼12单元49室,三室一厅 西城区优质房源,一室一厅,114.1,476.67,12层/共17层,2011年,1004,2025-06-30 21:48:37,136,精装修,https://example.com/house/11601
朝阳区,朝阳区79号院22号楼14单元98室,四室两厅 朝阳区优质房源,一室一厅,130.1,477.05,13层/共27层,2005年,1001,2025-08-04 21:48:37,2093,学区房,https://example.com/house/11602
丰台区,丰台区46号院10号楼10单元74室,两室两厅 丰台区优质房源,三室两厅,135.3,259.07,13层/共23层,1997年,1003,2026-01-12 21:48:37,1174,学区房,https://example.com/house/11603
朝阳区,朝阳区24号院6号楼7单元11室,两室两厅 朝阳区优质房源,两室两厅,100.0,391.27,32层/共21层,2005年,1001,2025-09-20 21:48:37,4763,精装修,https://example.com/house/11604
朝阳区,朝阳区51号院24号楼1单元56室,两室两厅 朝阳区优质房源,四室两厅,98.3,292.77,23层/共28层,2011年,1001,2025-07-01 21:48:37,2340,学区房,https://example.com/house/11605
丰台区,丰台区5号院7号楼7单元23室,三室一厅 丰台区优质房源,两室一厅,66.1,310.22,31层/共23层,1991年,1003,2026-02-03 21:48:37,838,电梯房,https://example.com/house/11606
东城区,东城区12号院27号楼4单元45室,三室两厅 东城区优质房源,一室一厅,57.8,710.66,33层/共23层,2020年,1005,2026-01-23 21:48:37,3152,南北通透,https://example.com/house/11607
东城区,东城区39号院19号楼16单元28室,两室一厅 东城区优质房源,一室一厅,67.6,491.6,20层/共30层,1992年,1005,2025-07-18 21:48:37,2502,南北通透,https://example.com/house/11608
朝阳区,朝阳区93号院11号楼20单元17室,一室一厅 朝阳区优质房源,两室一厅,195.6,1013.33,9层/共26层,1992年,1001,2025-08-06 21:48:37,909,电梯房,https://example.com/house/11609
海淀区,海淀区97号院4号楼8单元70室,两室两厅 海淀区优质房源,三室一厅,179.4,1328.21,31层/共26层,2000年,1002,2025-07-30 21:48:37,3125,精装修,https://example.com/house/11610
海淀区,海淀区58号院8号楼7单元87室,三室两厅 海淀区优质房源,四室两厅,108.7,767.14,31层/共27层,2009年,1002,2025-10-20 21:48:37,575,近地铁,https://example.com/house/11611
顺义区,顺义区62号院14号楼8单元70室,四室两厅 顺义区优质房源,两室一厅,187.4,679.42,18层/共23层,2007年,1007,2025-05-20 21:48:37,4138,精装修,https://example.com/house/11612
西城区,西城区73号院26号楼2单元4室,两室两厅 西城区优质房源,三室两厅,65.7,801.35,28层/共14层,1999年,1004,2025-10-04 21:48:37,2215,近地铁,https://example.com/house/11613
朝阳区,朝阳区25号院30号楼4单元5室,一室一厅 朝阳区优质房源,两室一厅,85.7,1474.82,4层/共20层,2011年,1001,2025-04-06 21:48:37,2769,电梯房,https://example.com/house/11614
朝阳区,朝阳区17号院8号楼5单元22室,两室一厅 朝阳区优质房源,一室一厅,120.9,1223.18,5层/共27层,2016年,1001,2026-03-02 21:48:37,2863,电梯房,https://example.com/house/11615
丰台区,丰台区32号院30号楼11单元65室,三室两厅 丰台区优质房源,三室一厅,160.3,1117.6,18层/共28层,2005年,1003,2025-08-29 21:48:37,1388,近地铁,https://example.com/house/11616
昌平区,昌平区24号院5号楼4单元34室,两室一厅 昌平区优质房源,一室一厅,70.1,1192.12,14层/共30层,2016年,1006,2026-02-25 21:48:37,1161,精装修,https://example.com/house/11617
海淀区,海淀区32号院25号楼6单元67室,三室两厅 海淀区优质房源,两室两厅,192.9,705.43,15层/共22层,1997年,1002,2025-11-04 21:48:37,675,南北通透,https://example.com/house/11618
丰台区,丰台区18号院16号楼4单元66室,三室一厅 丰台区优质房源,三室一厅,121.6,248.66,5层/共24层,1990年,1003,2025-06-17 21:48:37,2704,近地铁,https://example.com/house/11619
东城区,东城区59号院29号楼17单元62室,三室一厅 东城区优质房源,两室一厅,144.7,557.52,27层/共14层,2000年,1005,2026-02-10 21:48:37,1252,电梯房,https://example.com/house/11620
海淀区,海淀区18号院17号楼3单元63室,一室一厅 海淀区优质房源,三室一厅,157.3,1202.71,31层/共12层,1999年,1002,2026-01-25 21:48:37,4726,近地铁,https://example.com/house/11621
朝阳区,朝阳区84号院26号楼4单元83室,三室一厅 朝阳区优质房源,三室两厅,121.4,726.43,6层/共33层,2010年,1001,2025-05-20 21:48:37,4733,电梯房,https://example.com/house/11622
昌平区,昌平区66号院9号楼12单元83室,三室一厅 昌平区优质房源,三室两厅,147.9,304.05,15层/共28层,2001年,1006,2025-11-09 21:48:37,3728,学区房,https://example.com/house/11623
顺义区,顺义区77号院22号楼19单元35室,一室一厅 顺义区优质房源,两室两厅,168.1,890.82,5层/共30层,2010年,1007,2026-02-08 21:48:37,1321,南北通透,https://example.com/house/11624
丰台区,丰台区60号院19号楼9单元11室,两室两厅 丰台区优质房源,一室一厅,64.2,755.81,23层/共29层,2016年,1003,2026-02-12 21:48:37,4304,学区房,https://example.com/house/11625
朝阳区,朝阳区93号院14号楼19单元51室,一室一厅 朝阳区优质房源,两室两厅,154.4,1388.95,11层/共22层,2001年,1001,2025-10-14 21:48:37,3835,学区房,https://example.com/house/11626
昌平区,昌平区30号院26号楼11单元39室,四室两厅 昌平区优质房源,两室一厅,118.8,623.2,23层/共23层,1991年,1006,2026-03-06 21:48:37,3842,近地铁,https://example.com/house/11627
朝阳区,朝阳区59号院20号楼4单元59室,三室一厅 朝阳区优质房源,一室一厅,137.5,317.92,7层/共19层,2017年,1001,2025-05-10 21:48:37,951,精装修,https://example.com/house/11628
朝阳区,朝阳区86号院11号楼8单元78室,一室一厅 朝阳区优质房源,三室一厅,86.5,761.15,1层/共16层,1990年,1001,2025-09-24 21:48:37,122,电梯房,https://example.com/house/11629
丰台区,丰台区87号院9号楼10单元65室,三室两厅 丰台区优质房源,一室一厅,187.1,1303.81,12层/共14层,1993年,1003,2025-06-02 21:48:37,1709,学区房,https://example.com/house/11630
海淀区,海淀区61号院25号楼19单元62室,一室一厅 海淀区优质房源,一室一厅,150.4,1078.6,26层/共19层,2012年,1002,2025-12-23 21:48:37,4581,近地铁,https://example.com/house/11631
海淀区,海淀区20号院27号楼9单元78室,三室两厅 海淀区优质房源,四室两厅,107.3,1251.82,19层/共29层,2006年,1002,2025-12-11 21:48:37,4236,南北通透,https://example.com/house/11632
昌平区,昌平区29号院24号楼8单元68室,三室两厅 昌平区优质房源,一室一厅,124.0,1039.3,25层/共20层,2020年,1006,2025-05-08 21:48:37,2290,带车位,https://example.com/house/11633
西城区,西城区95号院11号楼11单元28室,两室一厅 西城区优质房源,三室一厅,105.2,1397.19,19层/共32层,2014年,1004,2025-05-06 21:48:37,4124,近地铁,https://example.com/house/11634
海淀区,海淀区76号院22号楼5单元22室,两室两厅 海淀区优质房源,四室两厅,151.9,941.95,10层/共25层,2001年,1002,2025-08-07 21:48:37,29,南北通透,https://example.com/house/11635
东城区,东城区1号院8号楼4单元88室,一室一厅 东城区优质房源,四室两厅,155.3,515.44,31层/共23层,2008年,1005,2025-07-05 21:48:37,3848,学区房,https://example.com/house/11636
丰台区,丰台区36号院7号楼11单元48室,四室两厅 丰台区优质房源,两室两厅,53.6,763.33,3层/共24层,1996年,1003,2025-05-29 21:48:37,125,近地铁,https://example.com/house/11637
朝阳区,朝阳区71号院11号楼7单元45室,三室两厅 朝阳区优质房源,一室一厅,181.2,1242.22,22层/共14层,2003年,1001,2025-10-22 21:48:37,39,学区房,https://example.com/house/11638
海淀区,海淀区23号院3号楼3单元4室,一室一厅 海淀区优质房源,两室一厅,92.9,670.08,14层/共33层,1992年,1002,2025-03-27 21:48:37,2959,电梯房,https://example.com/house/11639
海淀区,海淀区83号院22号楼6单元61室,两室两厅 海淀区优质房源,一室一厅,150.4,1006.41,16层/共18层,1994年,1002,2025-12-18 21:48:37,4500,精装修,https://example.com/house/11640
海淀区,海淀区55号院4号楼10单元72室,一室一厅 海淀区优质房源,四室两厅,56.2,1154.86,4层/共26层,2019年,1002,2025-07-11 21:48:37,3614,近地铁,https://example.com/house/11641
西城区,西城区70号院10号楼9单元18室,四室两厅 西城区优质房源,两室两厅,86.8,418.79,13层/共29层,1994年,1004,2025-08-12 21:48:37,4925,带车位,https://example.com/house/11642
朝阳区,朝阳区74号院3号楼19单元21室,三室两厅 朝阳区优质房源,三室两厅,199.7,1232.92,25层/共30层,2000年,1001,2026-02-26 21:48:37,3014,南北通透,https://example.com/house/11643
海淀区,海淀区68号院3号楼9单元95室,两室两厅 海淀区优质房源,两室一厅,126.2,526.68,1层/共17层,2018年,1002,2025-07-20 21:48:37,3619,带车位,https://example.com/house/11644
朝阳区,朝阳区49号院28号楼11单元98室,四室两厅 朝阳区优质房源,三室一厅,145.1,1260.11,32层/共20层,2014年,1001,2025-07-01 21:48:37,2481,南北通透,https://example.com/house/11645
东城区,东城区50号院9号楼19单元9室,两室两厅 东城区优质房源,三室一厅,181.5,862.5,25层/共23层,2019年,1005,2025-07-13 21:48:37,1181,带车位,https://example.com/house/11646
朝阳区,朝阳区38号院28号楼13单元20室,四室两厅 朝阳区优质房源,两室一厅,92.7,1235.43,27层/共10层,2019年,1001,2025-07-23 21:48:37,4447,南北通透,https://example.com/house/11647
西城区,西城区78号院16号楼14单元81室,两室一厅 西城区优质房源,两室一厅,168.8,695.05,9层/共24层,1992年,1004,2025-12-06 21:48:37,1131,精装修,https://example.com/house/11648
顺义区,顺义区9号院8号楼19单元1室,三室两厅 顺义区优质房源,一室一厅,52.7,241.77,3层/共18层,2001年,1007,2025-08-08 21:48:37,2729,南北通透,https://example.com/house/11649
顺义区,顺义区15号院18号楼4单元49室,两室一厅 顺义区优质房源,四室两厅,135.1,509.96,33层/共26层,1993年,1007,2025-09-07 21:48:37,132,学区房,https://example.com/house/11650
东城区,东城区10号院18号楼9单元34室,三室一厅 东城区优质房源,三室一厅,196.5,268.44,31层/共23层,2017年,1005,2025-06-02 21:48:37,2361,南北通透,https://example.com/house/11651
昌平区,昌平区72号院22号楼16单元16室,两室一厅 昌平区优质房源,四室两厅,81.8,491.03,4层/共17层,2020年,1006,2025-07-09 21:48:37,2328,南北通透,https://example.com/house/11652
丰台区,丰台区18号院18号楼11单元43室,四室两厅 丰台区优质房源,一室一厅,199.1,796.81,19层/共31层,2011年,1003,2025-09-18 21:48:37,2845,近地铁,https://example.com/house/11653
朝阳区,朝阳区59号院24号楼11单元58室,四室两厅 朝阳区优质房源,两室一厅,129.4,228.01,18层/共10层,2018年,1001,2025-05-16 21:48:37,4239,南北通透,https://example.com/house/11654
西城区,西城区85号院17号楼12单元34室,两室一厅 西城区优质房源,一室一厅,145.4,1138.77,9层/共10层,1997年,1004,2025-10-13 21:48:37,899,学区房,https://example.com/house/11655
西城区,西城区37号院29号楼13单元3室,两室两厅 西城区优质房源,一室一厅,146.8,521.35,12层/共29层,2013年,1004,2025-09-04 21:48:37,516,精装修,https://example.com/house/11656
丰台区,丰台区54号院14号楼10单元83室,四室两厅 丰台区优质房源,三室一厅,164.6,1483.66,8层/共22层,2013年,1003,2025-12-16 21:48:37,2829,南北通透,https://example.com/house/11657
海淀区,海淀区86号院22号楼13单元91室,三室一厅 海淀区优质房源,两室一厅,190.4,1353.19,29层/共29层,2005年,1002,2025-04-24 21:48:37,237,学区房,https://example.com/house/11658
朝阳区,朝阳区61号院11号楼13单元60室,一室一厅 朝阳区优质房源,两室两厅,52.2,1491.51,3层/共14层,2018年,1001,2025-11-02 21:48:37,1933,近地铁,https://example.com/house/11659
顺义区,顺义区56号院17号楼18单元79室,四室两厅 顺义区优质房源,两室一厅,166.3,287.41,18层/共22层,2017年,1007,2025-06-29 21:48:37,1870,近地铁,https://example.com/house/11660
昌平区,昌平区15号院25号楼8单元4室,两室两厅 昌平区优质房源,一室一厅,128.0,1221.76,33层/共31层,2004年,1006,2025-04-30 21:48:37,1742,带车位,https://example.com/house/11661
海淀区,海淀区54号院15号楼6单元35室,一室一厅 海淀区优质房源,两室两厅,190.6,224.93,21层/共14层,2019年,1002,2025-08-07 21:48:37,2446,近地铁,https://example.com/house/11662
昌平区,昌平区45号院14号楼7单元79室,三室两厅 昌平区优质房源,两室两厅,86.7,532.75,10层/共27层,1990年,1006,2025-09-18 21:48:37,435,电梯房,https://example.com/house/11663
昌平区,昌平区21号院29号楼5单元28室,三室一厅 昌平区优质房源,两室两厅,75.2,1379.45,15层/共16层,2007年,1006,2025-05-21 21:48:37,4780,精装修,https://example.com/house/11664
丰台区,丰台区91号院11号楼1单元77室,三室两厅 丰台区优质房源,三室一厅,127.7,678.38,27层/共19层,1990年,1003,2025-04-03 21:48:37,2172,电梯房,https://example.com/house/11665
顺义区,顺义区66号院21号楼20单元62室,四室两厅 顺义区优质房源,四室两厅,99.5,423.45,29层/共22层,2016年,1007,2025-05-17 21:48:37,2819,电梯房,https://example.com/house/11666
昌平区,昌平区48号院29号楼2单元18室,三室一厅 昌平区优质房源,两室一厅,188.3,1101.09,33层/共12层,1991年,1006,2025-10-01 21:48:37,4009,南北通透,https://example.com/house/11667
昌平区,昌平区63号院29号楼19单元92室,一室一厅 昌平区优质房源,两室两厅,63.9,856.73,27层/共10层,1990年,1006,2026-02-01 21:48:37,735,精装修,https://example.com/house/11668
昌平区,昌平区9号院19号楼19单元32室,两室一厅 昌平区优质房源,两室一厅,67.5,1283.35,9层/共29层,2007年,1006,2025-05-09 21:48:37,4282,精装修,https://example.com/house/11669
丰台区,丰台区58号院29号楼10单元14室,三室两厅 丰台区优质房源,三室两厅,113.0,250.22,18层/共15层,2002年,1003,2025-06-11 21:48:37,1888,带车位,https://example.com/house/11670
丰台区,丰台区35号院19号楼11单元92室,一室一厅 丰台区优质房源,两室一厅,90.9,491.14,16层/共27层,1992年,1003,2025-11-16 21:48:37,392,带车位,https://example.com/house/11671
丰台区,丰台区10号院28号楼11单元96室,三室一厅 丰台区优质房源,一室一厅,95.0,1119.24,24层/共11层,2006年,1003,2025-06-04 21:48:37,1717,近地铁,https://example.com/house/11672
海淀区,海淀区59号院15号楼3单元33室,一室一厅 海淀区优质房源,三室一厅,147.3,1203.15,31层/共24层,2016年,1002,2025-11-11 21:48:37,4691,学区房,https://example.com/house/11673
西城区,西城区16号院29号楼19单元32室,一室一厅 西城区优质房源,一室一厅,90.3,1347.18,22层/共20层,2010年,1004,2025-04-04 21:48:37,2072,近地铁,https://example.com/house/11674
顺义区,顺义区75号院15号楼19单元39室,三室两厅 顺义区优质房源,三室一厅,90.4,329.56,12层/共29层,2014年,1007,2025-08-26 21:48:37,2143,近地铁,https://example.com/house/11675
海淀区,海淀区29号院10号楼15单元43室,两室两厅 海淀区优质房源,三室两厅,109.7,637.54,24层/共26层,2015年,1002,2026-02-17 21:48:37,4801,学区房,https://example.com/house/11676
海淀区,海淀区80号院9号楼19单元54室,三室一厅 海淀区优质房源,两室两厅,54.8,932.07,10层/共28层,1993年,1002,2025-07-12 21:48:37,1944,南北通透,https://example.com/house/11677
东城区,东城区53号院5号楼20单元33室,两室两厅 东城区优质房源,三室两厅,92.8,853.44,2层/共28层,2004年,1005,2025-04-14 21:48:37,1963,南北通透,https://example.com/house/11678
东城区,东城区27号院13号楼1单元23室,一室一厅 东城区优质房源,两室两厅,152.9,204.98,2层/共22层,1992年,1005,2025-11-18 21:48:37,484,南北通透,https://example.com/house/11679
昌平区,昌平区26号院10号楼16单元89室,三室一厅 昌平区优质房源,三室两厅,104.9,1496.06,28层/共17层,1997年,1006,2025-09-16 21:48:37,4636,带车位,https://example.com/house/11680
东城区,东城区49号院18号楼10单元26室,三室两厅 东城区优质房源,两室一厅,75.7,766.16,10层/共20层,1999年,1005,2026-02-18 21:48:37,1163,南北通透,https://example.com/house/11681
丰台区,丰台区78号院19号楼1单元75室,三室一厅 丰台区优质房源,三室一厅,155.1,544.04,7层/共19层,1994年,1003,2025-10-26 21:48:37,632,电梯房,https://example.com/house/11682
丰台区,丰台区16号院23号楼11单元45室,两室两厅 丰台区优质房源,一室一厅,66.3,288.44,16层/共18层,2011年,1003,2025-07-07 21:48:37,4541,学区房,https://example.com/house/11683
西城区,西城区56号院28号楼16单元27室,两室一厅 西城区优质房源,三室一厅,95.1,653.28,6层/共30层,2003年,1004,2025-07-24 21:48:37,4837,近地铁,https://example.com/house/11684
西城区,西城区91号院16号楼10单元92室,三室一厅 西城区优质房源,两室一厅,95.8,571.1,5层/共17层,2006年,1004,2025-07-11 21:48:37,121,电梯房,https://example.com/house/11685
丰台区,丰台区22号院22号楼1单元41室,两室两厅 丰台区优质房源,三室一厅,121.2,823.28,25层/共33层,1993年,1003,2025-04-02 21:48:37,3144,精装修,https://example.com/house/11686
东城区,东城区8号院13号楼15单元47室,三室一厅 东城区优质房源,一室一厅,138.9,790.22,17层/共22层,2016年,1005,2025-09-13 21:48:37,1285,学区房,https://example.com/house/11687
丰台区,丰台区39号院24号楼15单元78室,两室一厅 丰台区优质房源,一室一厅,69.8,1264.39,9层/共20层,2008年,1003,2025-06-20 21:48:37,266,电梯房,https://example.com/house/11688
西城区,西城区57号院17号楼7单元17室,一室一厅 西城区优质房源,两室两厅,143.6,909.86,8层/共30层,2008年,1004,2025-11-25 21:48:37,1485,近地铁,https://example.com/house/11689
海淀区,海淀区19号院28号楼14单元26室,四室两厅 海淀区优质房源,三室一厅,140.6,733.15,25层/共33层,1992年,1002,2025-04-13 21:48:37,1279,近地铁,https://example.com/house/11690
朝阳区,朝阳区4号院6号楼1单元76室,四室两厅 朝阳区优质房源,两室两厅,181.8,326.4,13层/共16层,2017年,1001,2025-09-02 21:48:37,205,学区房,https://example.com/house/11691
顺义区,顺义区81号院11号楼9单元5室,四室两厅 顺义区优质房源,一室一厅,87.1,847.03,17层/共32层,2008年,1007,2025-05-26 21:48:37,3559,带车位,https://example.com/house/11692
西城区,西城区40号院15号楼20单元10室,两室一厅 西城区优质房源,四室两厅,142.4,594.87,5层/共20层,1990年,1004,2025-06-19 21:48:37,1544,精装修,https://example.com/house/11693
西城区,西城区95号院21号楼19单元57室,两室一厅 西城区优质房源,两室两厅,104.7,705.22,27层/共15层,2018年,1004,2026-01-13 21:48:37,1437,电梯房,https://example.com/house/11694
朝阳区,朝阳区64号院7号楼2单元14室,两室一厅 朝阳区优质房源,一室一厅,75.1,1039.16,25层/共31层,2000年,1001,2025-09-28 21:48:37,2416,南北通透,https://example.com/house/11695
朝阳区,朝阳区63号院14号楼13单元18室,三室一厅 朝阳区优质房源,三室一厅,103.6,751.26,2层/共23层,2019年,1001,2025-04-02 21:48:37,4472,南北通透,https://example.com/house/11696
海淀区,海淀区64号院21号楼8单元23室,两室两厅 海淀区优质房源,三室一厅,52.3,1199.14,32层/共24层,1990年,1002,2025-07-04 21:48:37,4020,南北通透,https://example.com/house/11697
西城区,西城区28号院11号楼3单元79室,一室一厅 西城区优质房源,一室一厅,63.0,760.95,17层/共22层,2012年,1004,2025-10-26 21:48:37,4638,电梯房,https://example.com/house/11698
朝阳区,朝阳区22号院30号楼6单元80室,三室一厅 朝阳区优质房源,三室一厅,56.5,866.46,31层/共26层,2017年,1001,2025-06-10 21:48:37,4356,学区房,https://example.com/house/11699
丰台区,丰台区54号院24号楼2单元4室,三室两厅 丰台区优质房源,两室一厅,138.1,206.47,30层/共18层,1990年,1003,2025-10-02 21:48:37,3489,近地铁,https://example.com/house/11700
朝阳区,朝阳区39号院25号楼15单元5室,一室一厅 朝阳区优质房源,四室两厅,170.8,798.24,25层/共20层,2002年,1001,2026-02-19 21:48:37,4666,带车位,https://example.com/house/11701
西城区,西城区11号院15号楼5单元63室,一室一厅 西城区优质房源,四室两厅,134.7,555.71,23层/共15层,2010年,1004,2025-10-13 21:48:37,2551,南北通透,https://example.com/house/11702
东城区,东城区25号院16号楼4单元41室,三室两厅 东城区优质房源,两室一厅,91.2,685.08,16层/共20层,1999年,1005,2025-11-07 21:48:37,121,精装修,https://example.com/house/11703
朝阳区,朝阳区98号院4号楼4单元29室,一室一厅 朝阳区优质房源,一室一厅,54.8,1047.79,5层/共24层,1995年,1001,2025-06-06 21:48:37,4499,南北通透,https://example.com/house/11704
东城区,东城区50号院4号楼2单元97室,四室两厅 东城区优质房源,两室一厅,95.9,398.78,14层/共26层,2002年,1005,2026-01-26 21:48:37,3814,带车位,https://example.com/house/11705
丰台区,丰台区55号院30号楼16单元96室,两室两厅 丰台区优质房源,两室两厅,122.7,1170.13,14层/共20层,2011年,1003,2025-09-20 21:48:37,3799,学区房,https://example.com/house/11706
丰台区,丰台区56号院25号楼19单元98室,一室一厅 丰台区优质房源,三室两厅,186.5,256.58,7层/共22层,2018年,1003,2025-05-03 21:48:37,3482,学区房,https://example.com/house/11707
东城区,东城区28号院24号楼2单元33室,四室两厅 东城区优质房源,两室一厅,106.9,207.87,31层/共33层,2020年,1005,2026-03-06 21:48:37,1446,电梯房,https://example.com/house/11708
西城区,西城区19号院17号楼15单元37室,两室两厅 西城区优质房源,三室一厅,102.7,344.57,19层/共18层,1997年,1004,2026-01-23 21:48:37,2943,精装修,https://example.com/house/11709
丰台区,丰台区98号院25号楼7单元72室,四室两厅 丰台区优质房源,三室一厅,158.6,877.86,20层/共25层,2011年,1003,2026-02-14 21:48:37,1046,电梯房,https://example.com/house/11710
丰台区,丰台区65号院20号楼13单元28室,四室两厅 丰台区优质房源,一室一厅,83.4,1132.51,16层/共17层,1998年,1003,2026-01-05 21:48:37,2793,带车位,https://example.com/house/11711
昌平区,昌平区98号院25号楼16单元57室,一室一厅 昌平区优质房源,四室两厅,192.2,1472.56,23层/共31层,2014年,1006,2025-08-18 21:48:37,2200,精装修,https://example.com/house/11712
昌平区,昌平区92号院12号楼9单元76室,两室一厅 昌平区优质房源,两室一厅,61.3,663.11,8层/共20层,2003年,1006,2026-01-01 21:48:37,1213,近地铁,https://example.com/house/11713
丰台区,丰台区48号院11号楼12单元86室,一室一厅 丰台区优质房源,一室一厅,138.6,767.29,9层/共10层,1999年,1003,2025-06-25 21:48:37,4659,带车位,https://example.com/house/11714
海淀区,海淀区78号院13号楼17单元86室,三室一厅 海淀区优质房源,两室一厅,147.4,399.55,17层/共32层,2012年,1002,2025-05-23 21:48:37,46,近地铁,https://example.com/house/11715
海淀区,海淀区77号院19号楼6单元53室,三室两厅 海淀区优质房源,三室两厅,169.8,639.5,28层/共15层,2003年,1002,2025-11-10 21:48:37,1395,南北通透,https://example.com/house/11716
顺义区,顺义区38号院2号楼6单元29室,四室两厅 顺义区优质房源,四室两厅,198.4,646.19,1层/共14层,1996年,1007,2025-11-01 21:48:37,810,近地铁,https://example.com/house/11717
朝阳区,朝阳区69号院29号楼5单元81室,两室两厅 朝阳区优质房源,两室两厅,92.7,1018.32,10层/共16层,2017年,1001,2025-06-18 21:48:37,4432,近地铁,https://example.com/house/11718
昌平区,昌平区53号院28号楼18单元85室,三室一厅 昌平区优质房源,四室两厅,58.1,1491.86,19层/共18层,2000年,1006,2025-08-24 21:48:37,1451,南北通透,https://example.com/house/11719
昌平区,昌平区23号院16号楼8单元59室,一室一厅 昌平区优质房源,两室一厅,103.0,646.46,32层/共20层,1996年,1006,2025-07-10 21:48:37,925,南北通透,https://example.com/house/11720
朝阳区,朝阳区15号院1号楼12单元89室,一室一厅 朝阳区优质房源,两室一厅,160.6,1136.78,18层/共14层,1990年,1001,2025-06-15 21:48:37,93,近地铁,https://example.com/house/11721
丰台区,丰台区21号院14号楼9单元29室,三室一厅 丰台区优质房源,一室一厅,97.0,600.35,33层/共15层,2003年,1003,2025-11-30 21:48:37,4391,南北通透,https://example.com/house/11722
西城区,西城区33号院27号楼2单元99室,三室一厅 西城区优质房源,三室两厅,156.3,932.24,21层/共16层,2020年,1004,2025-08-16 21:48:37,1483,南北通透,https://example.com/house/11723
西城区,西城区38号院27号楼1单元92室,三室一厅 西城区优质房源,一室一厅,118.4,800.13,19层/共14层,2007年,1004,2025-10-26 21:48:37,3317,电梯房,https://example.com/house/11724
朝阳区,朝阳区23号院15号楼11单元82室,两室一厅 朝阳区优质房源,两室两厅,170.2,1485.41,3层/共26层,2008年,1001,2025-08-08 21:48:37,3537,带车位,https://example.com/house/11725
西城区,西城区3号院29号楼8单元99室,一室一厅 西城区优质房源,三室一厅,54.1,776.2,20层/共29层,2001年,1004,2025-06-16 21:48:37,3628,电梯房,https://example.com/house/11726
顺义区,顺义区98号院5号楼9单元55室,一室一厅 顺义区优质房源,一室一厅,113.7,1416.79,13层/共32层,2005年,1007,2025-08-15 21:48:37,4251,电梯房,https://example.com/house/11727
朝阳区,朝阳区30号院17号楼12单元79室,三室一厅 朝阳区优质房源,三室两厅,69.5,590.17,19层/共11层,2002年,1001,2025-09-10 21:48:37,2825,电梯房,https://example.com/house/11728
海淀区,海淀区65号院4号楼4单元94室,三室一厅 海淀区优质房源,两室两厅,187.7,1344.0,22层/共24层,2019年,1002,2026-03-03 21:48:37,2778,带车位,https://example.com/house/11729
顺义区,顺义区87号院26号楼19单元14室,两室两厅 顺义区优质房源,四室两厅,87.5,980.74,33层/共29层,1997年,1007,2025-10-06 21:48:37,4596,电梯房,https://example.com/house/11730
东城区,东城区82号院22号楼11单元71室,三室一厅 东城区优质房源,一室一厅,199.4,586.62,7层/共31层,2019年,1005,2025-05-29 21:48:37,3726,带车位,https://example.com/house/11731
顺义区,顺义区26号院17号楼19单元30室,四室两厅 顺义区优质房源,两室一厅,174.3,1444.8,30层/共11层,1990年,1007,2025-05-18 21:48:37,4285,精装修,https://example.com/house/11732
东城区,东城区67号院16号楼20单元85室,四室两厅 东城区优质房源,三室两厅,93.8,1183.45,28层/共13层,2010年,1005,2025-07-08 21:48:37,4760,电梯房,https://example.com/house/11733
昌平区,昌平区89号院23号楼20单元96室,两室两厅 昌平区优质房源,一室一厅,135.0,354.83,24层/共12层,2004年,1006,2025-04-17 21:48:37,4864,南北通透,https://example.com/house/11734
西城区,西城区63号院8号楼8单元12室,两室一厅 西城区优质房源,三室两厅,128.7,1104.16,2层/共20层,1991年,1004,2025-04-25 21:48:37,4439,带车位,https://example.com/house/11735
丰台区,丰台区82号院13号楼7单元9室,一室一厅 丰台区优质房源,三室两厅,165.8,207.88,32层/共19层,2019年,1003,2025-06-25 21:48:37,666,南北通透,https://example.com/house/11736
丰台区,丰台区17号院14号楼4单元31室,一室一厅 丰台区优质房源,三室两厅,195.1,854.65,5层/共26层,1995年,1003,2026-01-29 21:48:37,2140,南北通透,https://example.com/house/11737
顺义区,顺义区85号院30号楼20单元54室,三室一厅 顺义区优质房源,两室一厅,145.0,225.71,23层/共11层,2007年,1007,2025-05-07 21:48:37,1962,电梯房,https://example.com/house/11738
东城区,东城区71号院7号楼12单元81室,一室一厅 东城区优质房源,三室一厅,162.8,1498.12,31层/共17层,2010年,1005,2026-03-05 21:48:37,579,学区房,https://example.com/house/11739
顺义区,顺义区9号院2号楼3单元11室,三室两厅 顺义区优质房源,一室一厅,192.3,1474.29,17层/共33层,2001年,1007,2026-03-06 21:48:37,4709,电梯房,https://example.com/house/11740
顺义区,顺义区42号院10号楼15单元61室,三室一厅 顺义区优质房源,四室两厅,173.9,1448.1,17层/共18层,2018年,1007,2025-04-30 21:48:37,3783,精装修,https://example.com/house/11741
顺义区,顺义区25号院13号楼1单元93室,四室两厅 顺义区优质房源,四室两厅,159.0,366.78,18层/共14层,2009年,1007,2025-12-12 21:48:37,3206,带车位,https://example.com/house/11742
东城区,东城区82号院24号楼16单元32室,三室两厅 东城区优质房源,四室两厅,166.8,825.81,12层/共31层,2006年,1005,2025-10-29 21:48:37,793,精装修,https://example.com/house/11743
朝阳区,朝阳区53号院8号楼1单元8室,一室一厅 朝阳区优质房源,三室两厅,175.6,701.54,4层/共17层,2008年,1001,2025-04-19 21:48:37,986,带车位,https://example.com/house/11744
顺义区,顺义区53号院4号楼10单元31室,一室一厅 顺义区优质房源,两室一厅,196.0,976.27,8层/共12层,2020年,1007,2025-05-31 21:48:37,2263,电梯房,https://example.com/house/11745
丰台区,丰台区61号院21号楼19单元24室,一室一厅 丰台区优质房源,三室一厅,163.4,1342.83,20层/共22层,2001年,1003,2026-01-03 21:48:37,3990,南北通透,https://example.com/house/11746
西城区,西城区24号院5号楼9单元82室,两室两厅 西城区优质房源,两室一厅,50.6,409.83,28层/共18层,2012年,1004,2026-01-06 21:48:37,1064,南北通透,https://example.com/house/11747
昌平区,昌平区47号院12号楼19单元90室,一室一厅 昌平区优质房源,两室一厅,184.6,619.67,13层/共22层,2017年,1006,2025-09-20 21:48:37,1993,近地铁,https://example.com/house/11748
昌平区,昌平区94号院20号楼14单元92室,两室两厅 昌平区优质房源,四室两厅,121.8,716.61,22层/共19层,2009年,1006,2025-11-06 21:48:37,151,带车位,https://example.com/house/11749
海淀区,海淀区29号院19号楼4单元75室,一室一厅 海淀区优质房源,三室两厅,66.6,408.62,14层/共29层,2010年,1002,2025-09-15 21:48:37,4131,带车位,https://example.com/house/11750
朝阳区,朝阳区7号院23号楼15单元35室,一室一厅 朝阳区优质房源,两室一厅,75.2,464.06,24层/共11层,2008年,1001,2025-06-28 21:48:37,196,南北通透,https://example.com/house/11751
顺义区,顺义区81号院20号楼2单元65室,一室一厅 顺义区优质房源,两室一厅,105.0,826.64,5层/共31层,2020年,1007,2025-10-28 21:48:37,4493,带车位,https://example.com/house/11752
海淀区,海淀区54号院4号楼4单元76室,两室两厅 海淀区优质房源,两室两厅,88.4,537.23,16层/共13层,2017年,1002,2026-02-03 21:48:37,97,近地铁,https://example.com/house/11753
西城区,西城区30号院3号楼13单元47室,三室两厅 西城区优质房源,一室一厅,58.9,698.89,32层/共22层,1998年,1004,2025-11-14 21:48:37,2927,精装修,https://example.com/house/11754
朝阳区,朝阳区51号院7号楼7单元38室,四室两厅 朝阳区优质房源,三室两厅,141.0,850.29,11层/共19层,2018年,1001,2025-12-15 21:48:37,4664,学区房,https://example.com/house/11755
丰台区,丰台区3号院4号楼7单元2室,两室一厅 丰台区优质房源,一室一厅,183.9,716.45,2层/共18层,2016年,1003,2025-09-27 21:48:37,1503,近地铁,https://example.com/house/11756
昌平区,昌平区34号院13号楼12单元20室,三室两厅 昌平区优质房源,两室两厅,166.2,1028.07,2层/共32层,1994年,1006,2025-12-12 21:48:37,3975,南北通透,https://example.com/house/11757
丰台区,丰台区80号院25号楼10单元30室,三室两厅 丰台区优质房源,一室一厅,186.9,802.87,15层/共10层,2018年,1003,2026-01-22 21:48:37,3528,带车位,https://example.com/house/11758
丰台区,丰台区83号院29号楼10单元10室,两室两厅 丰台区优质房源,两室一厅,162.8,648.99,24层/共13层,1997年,1003,2025-08-14 21:48:37,3758,电梯房,https://example.com/house/11759
昌平区,昌平区27号院22号楼10单元3室,三室一厅 昌平区优质房源,四室两厅,176.2,1247.09,1层/共28层,2014年,1006,2025-07-13 21:48:37,3808,南北通透,https://example.com/house/11760
海淀区,海淀区18号院10号楼7单元19室,三室两厅 海淀区优质房源,两室两厅,178.1,757.03,27层/共26层,2018年,1002,2025-07-22 21:48:37,3236,南北通透,https://example.com/house/11761
西城区,西城区82号院12号楼20单元35室,三室一厅 西城区优质房源,四室两厅,195.9,897.44,7层/共14层,1996年,1004,2025-10-20 21:48:37,2724,电梯房,https://example.com/house/11762
昌平区,昌平区23号院23号楼13单元71室,四室两厅 昌平区优质房源,四室两厅,197.5,1160.99,33层/共18层,2016年,1006,2025-04-13 21:48:37,2068,近地铁,https://example.com/house/11763
昌平区,昌平区21号院19号楼11单元16室,一室一厅 昌平区优质房源,两室两厅,132.0,1370.25,21层/共18层,1996年,1006,2025-04-23 21:48:37,4571,近地铁,https://example.com/house/11764
海淀区,海淀区96号院3号楼5单元55室,一室一厅 海淀区优质房源,三室一厅,66.9,1296.57,17层/共27层,2011年,1002,2025-03-17 21:48:37,441,带车位,https://example.com/house/11765
昌平区,昌平区32号院21号楼11单元17室,一室一厅 昌平区优质房源,一室一厅,126.8,597.61,21层/共32层,2008年,1006,2025-06-24 21:48:37,4206,精装修,https://example.com/house/11766
东城区,东城区14号院17号楼17单元16室,三室两厅 东城区优质房源,一室一厅,182.5,473.42,7层/共12层,2014年,1005,2025-08-03 21:48:37,2696,学区房,https://example.com/house/11767
海淀区,海淀区51号院18号楼4单元45室,四室两厅 海淀区优质房源,三室一厅,163.5,776.34,1层/共16层,2020年,1002,2025-05-13 21:48:37,1254,电梯房,https://example.com/house/11768
朝阳区,朝阳区67号院4号楼13单元64室,两室一厅 朝阳区优质房源,三室两厅,81.2,1287.25,22层/共30层,2006年,1001,2025-09-01 21:48:37,1487,近地铁,https://example.com/house/11769
顺义区,顺义区91号院28号楼2单元9室,三室一厅 顺义区优质房源,四室两厅,60.1,801.87,9层/共33层,2007年,1007,2026-03-10 21:48:37,838,精装修,https://example.com/house/11770
顺义区,顺义区8号院26号楼7单元76室,四室两厅 顺义区优质房源,两室一厅,69.8,1230.4,29层/共25层,2012年,1007,2026-01-30 21:48:37,160,电梯房,https://example.com/house/11771
西城区,西城区69号院16号楼5单元58室,一室一厅 西城区优质房源,三室两厅,161.2,533.68,32层/共30层,2000年,1004,2026-03-09 21:48:37,34,南北通透,https://example.com/house/11772
丰台区,丰台区91号院29号楼8单元67室,一室一厅 丰台区优质房源,一室一厅,154.8,1490.85,24层/共33层,2001年,1003,2026-01-06 21:48:37,332,电梯房,https://example.com/house/11773
丰台区,丰台区78号院10号楼11单元28室,一室一厅 丰台区优质房源,三室两厅,100.8,526.82,28层/共31层,2010年,1003,2025-12-04 21:48:37,4056,带车位,https://example.com/house/11774
海淀区,海淀区82号院28号楼3单元35室,一室一厅 海淀区优质房源,三室两厅,74.9,319.63,3层/共15层,1992年,1002,2026-01-03 21:48:37,2630,精装修,https://example.com/house/11775
朝阳区,朝阳区68号院4号楼1单元89室,三室一厅 朝阳区优质房源,三室一厅,151.6,354.41,15层/共24层,1993年,1001,2026-01-28 21:48:37,3816,近地铁,https://example.com/house/11776
丰台区,丰台区97号院11号楼7单元98室,四室两厅 丰台区优质房源,三室一厅,105.2,662.04,12层/共18层,2018年,1003,2026-01-30 21:48:37,12,南北通透,https://example.com/house/11777
西城区,西城区18号院1号楼9单元91室,一室一厅 西城区优质房源,三室两厅,140.0,699.92,3层/共25层,2020年,1004,2025-11-01 21:48:37,4164,学区房,https://example.com/house/11778
顺义区,顺义区42号院15号楼7单元34室,一室一厅 顺义区优质房源,三室两厅,60.7,788.63,33层/共20层,2006年,1007,2025-10-14 21:48:37,900,精装修,https://example.com/house/11779
顺义区,顺义区91号院15号楼9单元3室,三室两厅 顺义区优质房源,三室一厅,127.7,526.97,23层/共25层,2008年,1007,2026-01-20 21:48:37,4656,电梯房,https://example.com/house/11780
昌平区,昌平区90号院4号楼18单元48室,三室两厅 昌平区优质房源,两室两厅,100.4,1048.98,27层/共26层,2006年,1006,2025-10-12 21:48:37,182,近地铁,https://example.com/house/11781
顺义区,顺义区42号院23号楼4单元72室,三室一厅 顺义区优质房源,三室一厅,106.6,1244.36,23层/共29层,1991年,1007,2025-09-05 21:48:37,3664,学区房,https://example.com/house/11782
顺义区,顺义区24号院23号楼18单元93室,两室两厅 顺义区优质房源,三室一厅,59.6,402.91,2层/共10层,1994年,1007,2025-10-16 21:48:37,2048,精装修,https://example.com/house/11783
东城区,东城区24号院22号楼14单元14室,一室一厅 东城区优质房源,四室两厅,130.3,952.76,33层/共31层,2008年,1005,2025-06-22 21:48:37,756,精装修,https://example.com/house/11784
昌平区,昌平区76号院19号楼11单元73室,两室两厅 昌平区优质房源,两室一厅,84.8,1265.4,20层/共13层,2008年,1006,2025-08-22 21:48:37,35,精装修,https://example.com/house/11785
丰台区,丰台区39号院30号楼4单元44室,两室一厅 丰台区优质房源,四室两厅,174.4,1378.1,18层/共33层,2007年,1003,2025-09-18 21:48:37,1169,精装修,https://example.com/house/11786
丰台区,丰台区70号院4号楼13单元87室,两室一厅 丰台区优质房源,两室两厅,194.8,317.69,19层/共25层,2003年,1003,2026-02-08 21:48:37,3061,学区房,https://example.com/house/11787
海淀区,海淀区91号院1号楼2单元46室,三室一厅 海淀区优质房源,三室两厅,111.8,309.54,26层/共28层,1992年,1002,2025-07-12 21:48:37,3152,南北通透,https://example.com/house/11788
朝阳区,朝阳区89号院5号楼11单元51室,四室两厅 朝阳区优质房源,三室两厅,169.3,453.98,5层/共31层,1993年,1001,2025-07-19 21:48:37,471,南北通透,https://example.com/house/11789
昌平区,昌平区82号院4号楼1单元35室,三室两厅 昌平区优质房源,三室一厅,182.3,1321.33,7层/共10层,2018年,1006,2026-01-03 21:48:37,4005,南北通透,https://example.com/house/11790
朝阳区,朝阳区65号院12号楼19单元8室,两室一厅 朝阳区优质房源,三室两厅,53.4,993.91,29层/共30层,2017年,1001,2025-08-22 21:48:37,1188,带车位,https://example.com/house/11791
顺义区,顺义区57号院4号楼6单元43室,三室两厅 顺义区优质房源,两室一厅,118.4,1328.89,26层/共28层,1997年,1007,2025-04-08 21:48:37,4940,近地铁,https://example.com/house/11792
顺义区,顺义区18号院23号楼12单元77室,四室两厅 顺义区优质房源,一室一厅,107.6,620.19,11层/共29层,2003年,1007,2025-10-06 21:48:37,1051,南北通透,https://example.com/house/11793
朝阳区,朝阳区54号院28号楼8单元24室,两室一厅 朝阳区优质房源,四室两厅,68.2,961.45,25层/共13层,2020年,1001,2025-09-12 21:48:37,4212,南北通透,https://example.com/house/11794
昌平区,昌平区41号院6号楼17单元55室,三室一厅 昌平区优质房源,三室两厅,149.5,733.4,32层/共22层,2016年,1006,2025-03-14 21:48:37,4790,学区房,https://example.com/house/11795
顺义区,顺义区94号院1号楼6单元81室,两室一厅 顺义区优质房源,三室两厅,164.9,407.06,30层/共16层,1993年,1007,2025-12-10 21:48:37,985,电梯房,https://example.com/house/11796
东城区,东城区29号院15号楼16单元62室,三室一厅 东城区优质房源,一室一厅,194.7,291.34,31层/共12层,2019年,1005,2025-08-17 21:48:37,4054,精装修,https://example.com/house/11797
西城区,西城区19号院28号楼20单元74室,两室一厅 西城区优质房源,一室一厅,186.0,1355.41,6层/共24层,2010年,1004,2025-12-01 21:48:37,4487,南北通透,https://example.com/house/11798
昌平区,昌平区7号院29号楼16单元43室,两室两厅 昌平区优质房源,一室一厅,179.9,580.96,30层/共22层,2007年,1006,2026-03-06 21:48:37,1136,南北通透,https://example.com/house/11799
海淀区,海淀区34号院5号楼4单元58室,四室两厅 海淀区优质房源,两室两厅,177.1,914.42,31层/共31层,1994年,1002,2026-01-11 21:48:37,4893,带车位,https://example.com/house/11800
昌平区,昌平区14号院8号楼18单元5室,两室一厅 昌平区优质房源,三室一厅,115.6,1166.28,7层/共13层,1999年,1006,2025-04-01 21:48:37,392,电梯房,https://example.com/house/11801
丰台区,丰台区69号院8号楼15单元58室,两室两厅 丰台区优质房源,三室一厅,91.3,399.22,20层/共24层,2006年,1003,2025-06-06 21:48:37,2730,南北通透,https://example.com/house/11802
丰台区,丰台区19号院6号楼20单元82室,三室一厅 丰台区优质房源,四室两厅,66.7,589.31,6层/共23层,2002年,1003,2025-09-29 21:48:37,3681,南北通透,https://example.com/house/11803
昌平区,昌平区76号院14号楼5单元79室,两室两厅 昌平区优质房源,四室两厅,173.6,1200.42,4层/共28层,2020年,1006,2025-06-23 21:48:37,4200,精装修,https://example.com/house/11804
朝阳区,朝阳区79号院15号楼17单元11室,三室两厅 朝阳区优质房源,四室两厅,62.1,312.23,31层/共21层,2015年,1001,2025-06-14 21:48:37,834,近地铁,https://example.com/house/11805
西城区,西城区10号院7号楼14单元36室,三室两厅 西城区优质房源,四室两厅,141.1,1395.68,15层/共13层,2001年,1004,2025-10-29 21:48:37,1045,精装修,https://example.com/house/11806
西城区,西城区29号院28号楼1单元15室,一室一厅 西城区优质房源,两室一厅,146.8,740.48,21层/共23层,2019年,1004,2025-05-16 21:48:37,1164,精装修,https://example.com/house/11807
朝阳区,朝阳区49号院28号楼5单元94室,一室一厅 朝阳区优质房源,一室一厅,72.1,206.15,10层/共21层,2000年,1001,2025-03-28 21:48:37,3824,学区房,https://example.com/house/11808
东城区,东城区45号院15号楼15单元34室,三室两厅 东城区优质房源,一室一厅,99.1,368.57,7层/共32层,2000年,1005,2025-04-11 21:48:37,1177,学区房,https://example.com/house/11809
顺义区,顺义区37号院28号楼8单元97室,两室两厅 顺义区优质房源,两室一厅,179.9,546.42,24层/共13层,1992年,1007,2025-12-19 21:48:37,536,带车位,https://example.com/house/11810
海淀区,海淀区33号院10号楼15单元19室,三室两厅 海淀区优质房源,两室一厅,98.0,1499.26,9层/共12层,2008年,1002,2025-05-03 21:48:37,2087,带车位,https://example.com/house/11811
朝阳区,朝阳区94号院8号楼10单元69室,四室两厅 朝阳区优质房源,四室两厅,78.9,1210.16,25层/共19层,2008年,1001,2025-09-24 21:48:37,4907,电梯房,https://example.com/house/11812
东城区,东城区1号院12号楼13单元85室,一室一厅 东城区优质房源,三室两厅,126.7,1052.14,19层/共14层,2001年,1005,2025-11-07 21:48:37,3730,精装修,https://example.com/house/11813
顺义区,顺义区88号院7号楼10单元19室,三室一厅 顺义区优质房源,四室两厅,129.3,867.56,10层/共10层,1991年,1007,2026-01-12 21:48:37,1285,电梯房,https://example.com/house/11814
海淀区,海淀区74号院2号楼3单元80室,两室一厅 海淀区优质房源,两室一厅,60.2,420.94,20层/共19层,2016年,1002,2025-09-16 21:48:37,3592,带车位,https://example.com/house/11815
顺义区,顺义区7号院16号楼2单元91室,两室两厅 顺义区优质房源,一室一厅,164.8,669.87,2层/共17层,2020年,1007,2025-12-01 21:48:37,1570,学区房,https://example.com/house/11816
西城区,西城区33号院4号楼20单元95室,三室两厅 西城区优质房源,两室两厅,118.3,445.58,13层/共13层,2015年,1004,2025-10-04 21:48:37,3692,近地铁,https://example.com/house/11817
丰台区,丰台区80号院16号楼11单元96室,三室两厅 丰台区优质房源,两室两厅,149.1,366.62,23层/共14层,1994年,1003,2025-07-15 21:48:37,4456,电梯房,https://example.com/house/11818
西城区,西城区4号院16号楼1单元54室,三室一厅 西城区优质房源,两室两厅,199.9,873.81,7层/共20层,2013年,1004,2026-01-14 21:48:37,4840,带车位,https://example.com/house/11819
海淀区,海淀区31号院1号楼12单元12室,三室一厅 海淀区优质房源,四室两厅,123.2,1215.33,20层/共16层,1994年,1002,2026-01-02 21:48:37,1033,学区房,https://example.com/house/11820
海淀区,海淀区96号院23号楼17单元51室,两室一厅 海淀区优质房源,两室两厅,124.9,966.94,30层/共26层,2004年,1002,2025-06-24 21:48:37,2107,电梯房,https://example.com/house/11821
西城区,西城区58号院23号楼13单元28室,两室一厅 西城区优质房源,两室一厅,124.1,718.92,23层/共16层,2002年,1004,2025-06-22 21:48:37,673,近地铁,https://example.com/house/11822
西城区,西城区62号院20号楼3单元1室,三室一厅 西城区优质房源,两室两厅,162.5,412.72,23层/共28层,1995年,1004,2026-01-30 21:48:37,2159,南北通透,https://example.com/house/11823
东城区,东城区48号院1号楼20单元96室,三室两厅 东城区优质房源,一室一厅,156.9,798.9,19层/共18层,2016年,1005,2025-09-09 21:48:37,2008,近地铁,https://example.com/house/11824
丰台区,丰台区72号院30号楼12单元28室,三室一厅 丰台区优质房源,三室一厅,125.1,314.42,13层/共33层,2009年,1003,2025-04-07 21:48:37,2806,南北通透,https://example.com/house/11825
东城区,东城区23号院23号楼13单元20室,三室一厅 东城区优质房源,一室一厅,111.7,941.06,31层/共25层,2002年,1005,2026-01-05 21:48:37,2343,南北通透,https://example.com/house/11826
昌平区,昌平区63号院24号楼20单元67室,四室两厅 昌平区优质房源,两室一厅,176.9,837.41,2层/共24层,2013年,1006,2025-09-09 21:48:37,662,南北通透,https://example.com/house/11827
海淀区,海淀区62号院13号楼8单元34室,一室一厅 海淀区优质房源,两室两厅,142.7,959.41,16层/共18层,1999年,1002,2025-05-07 21:48:37,1896,近地铁,https://example.com/house/11828
西城区,西城区37号院20号楼8单元98室,三室一厅 西城区优质房源,三室一厅,149.3,1247.42,25层/共21层,2010年,1004,2025-11-09 21:48:37,2772,学区房,https://example.com/house/11829
丰台区,丰台区40号院5号楼5单元75室,一室一厅 丰台区优质房源,四室两厅,186.6,1499.4,19层/共15层,1997年,1003,2025-03-31 21:48:37,2197,南北通透,https://example.com/house/11830
顺义区,顺义区79号院28号楼9单元99室,三室两厅 顺义区优质房源,三室一厅,172.9,555.17,10层/共19层,1999年,1007,2025-11-22 21:48:37,4784,精装修,https://example.com/house/11831
丰台区,丰台区52号院24号楼8单元52室,四室两厅 丰台区优质房源,三室两厅,134.8,989.63,4层/共19层,1992年,1003,2026-02-06 21:48:37,1693,电梯房,https://example.com/house/11832
昌平区,昌平区26号院21号楼12单元38室,一室一厅 昌平区优质房源,两室两厅,136.5,997.34,5层/共27层,1998年,1006,2025-12-26 21:48:37,4092,南北通透,https://example.com/house/11833
昌平区,昌平区90号院6号楼19单元93室,四室两厅 昌平区优质房源,两室两厅,93.0,1231.15,2层/共18层,2004年,1006,2025-10-28 21:48:37,3710,近地铁,https://example.com/house/11834
朝阳区,朝阳区36号院1号楼7单元79室,三室一厅 朝阳区优质房源,两室两厅,101.3,473.95,24层/共25层,2013年,1001,2026-03-07 21:48:37,4085,精装修,https://example.com/house/11835
海淀区,海淀区61号院21号楼10单元86室,两室一厅 海淀区优质房源,两室一厅,75.3,979.01,25层/共27层,2010年,1002,2025-08-25 21:48:37,1132,带车位,https://example.com/house/11836
昌平区,昌平区21号院17号楼4单元26室,三室一厅 昌平区优质房源,两室两厅,66.6,204.04,3层/共17层,1993年,1006,2026-01-26 21:48:37,282,学区房,https://example.com/house/11837
丰台区,丰台区78号院20号楼10单元41室,两室两厅 丰台区优质房源,三室一厅,79.6,1338.17,21层/共22层,1997年,1003,2025-11-05 21:48:37,4072,南北通透,https://example.com/house/11838
丰台区,丰台区2号院22号楼15单元6室,两室一厅 丰台区优质房源,四室两厅,67.7,703.91,25层/共31层,1993年,1003,2025-08-18 21:48:37,1981,南北通透,https://example.com/house/11839
丰台区,丰台区40号院13号楼18单元12室,三室两厅 丰台区优质房源,两室两厅,71.7,1327.77,1层/共14层,1996年,1003,2026-02-21 21:48:37,4320,南北通透,https://example.com/house/11840
海淀区,海淀区7号院1号楼9单元54室,两室一厅 海淀区优质房源,三室一厅,176.3,1220.58,13层/共21层,1992年,1002,2025-10-14 21:48:37,2630,近地铁,https://example.com/house/11841
昌平区,昌平区43号院22号楼20单元42室,两室两厅 昌平区优质房源,两室两厅,106.9,970.26,15层/共27层,1995年,1006,2025-08-17 21:48:37,3711,带车位,https://example.com/house/11842
朝阳区,朝阳区27号院6号楼6单元28室,两室两厅 朝阳区优质房源,两室一厅,165.7,593.83,33层/共23层,1998年,1001,2025-11-28 21:48:37,276,带车位,https://example.com/house/11843
丰台区,丰台区36号院16号楼4单元32室,三室两厅 丰台区优质房源,四室两厅,167.6,812.28,1层/共25层,2007年,1003,2025-09-12 21:48:37,4884,带车位,https://example.com/house/11844
昌平区,昌平区3号院10号楼3单元79室,四室两厅 昌平区优质房源,一室一厅,172.2,1144.6,7层/共26层,1991年,1006,2025-08-23 21:48:37,1933,电梯房,https://example.com/house/11845
西城区,西城区84号院10号楼16单元14室,三室两厅 西城区优质房源,一室一厅,53.0,226.32,4层/共29层,1990年,1004,2025-06-07 21:48:37,3546,南北通透,https://example.com/house/11846
朝阳区,朝阳区78号院27号楼5单元41室,四室两厅 朝阳区优质房源,四室两厅,139.3,803.92,21层/共27层,2003年,1001,2025-03-12 21:48:37,632,南北通透,https://example.com/house/11847
西城区,西城区29号院23号楼5单元51室,一室一厅 西城区优质房源,三室两厅,198.0,232.22,27层/共27层,2005年,1004,2025-05-03 21:48:37,490,近地铁,https://example.com/house/11848
西城区,西城区31号院28号楼5单元43室,两室两厅 西城区优质房源,两室两厅,57.1,1175.58,8层/共12层,1991年,1004,2025-07-10 21:48:37,712,近地铁,https://example.com/house/11849
顺义区,顺义区1号院14号楼8单元36室,两室两厅 顺义区优质房源,一室一厅,61.0,916.76,6层/共27层,2011年,1007,2025-08-25 21:48:37,3884,近地铁,https://example.com/house/11850
朝阳区,朝阳区22号院15号楼2单元28室,三室两厅 朝阳区优质房源,三室一厅,162.6,1366.85,28层/共10层,2018年,1001,2025-04-21 21:48:37,1333,电梯房,https://example.com/house/11851
丰台区,丰台区98号院1号楼1单元31室,两室一厅 丰台区优质房源,一室一厅,159.5,540.61,14层/共23层,2015年,1003,2025-12-22 21:48:37,3154,学区房,https://example.com/house/11852
海淀区,海淀区70号院1号楼6单元25室,两室两厅 海淀区优质房源,四室两厅,50.9,233.91,6层/共25层,2000年,1002,2026-01-11 21:48:37,2524,学区房,https://example.com/house/11853
顺义区,顺义区10号院19号楼5单元47室,两室一厅 顺义区优质房源,一室一厅,185.7,1236.59,32层/共30层,2001年,1007,2025-12-18 21:48:37,1411,南北通透,https://example.com/house/11854
东城区,东城区41号院6号楼20单元25室,两室两厅 东城区优质房源,三室两厅,87.5,854.62,15层/共32层,1997年,1005,2025-10-01 21:48:37,3055,电梯房,https://example.com/house/11855
海淀区,海淀区14号院4号楼13单元88室,两室两厅 海淀区优质房源,四室两厅,136.2,1077.57,2层/共25层,1996年,1002,2026-01-03 21:48:37,1778,学区房,https://example.com/house/11856
朝阳区,朝阳区92号院6号楼8单元48室,三室一厅 朝阳区优质房源,两室两厅,186.3,997.16,12层/共11层,1996年,1001,2025-05-26 21:48:37,467,电梯房,https://example.com/house/11857
东城区,东城区76号院18号楼20单元35室,三室两厅 东城区优质房源,两室一厅,166.8,1036.95,30层/共17层,2002年,1005,2025-04-26 21:48:37,4616,学区房,https://example.com/house/11858
丰台区,丰台区21号院23号楼9单元84室,三室一厅 丰台区优质房源,两室两厅,55.7,736.76,2层/共10层,1996年,1003,2025-07-30 21:48:37,1726,学区房,https://example.com/house/11859
昌平区,昌平区96号院15号楼13单元10室,一室一厅 昌平区优质房源,两室一厅,64.0,303.13,6层/共11层,1998年,1006,2025-08-11 21:48:37,1658,学区房,https://example.com/house/11860
顺义区,顺义区74号院18号楼19单元60室,四室两厅 顺义区优质房源,三室一厅,142.5,624.17,5层/共28层,2001年,1007,2025-09-18 21:48:37,3192,电梯房,https://example.com/house/11861
丰台区,丰台区80号院17号楼12单元59室,两室一厅 丰台区优质房源,两室两厅,185.2,216.37,25层/共17层,2003年,1003,2025-09-03 21:48:37,4414,精装修,https://example.com/house/11862
丰台区,丰台区28号院18号楼9单元58室,一室一厅 丰台区优质房源,两室一厅,52.3,574.1,22层/共27层,1992年,1003,2025-09-26 21:48:37,1427,精装修,https://example.com/house/11863
西城区,西城区67号院7号楼2单元11室,四室两厅 西城区优质房源,三室两厅,179.3,321.25,24层/共25层,2014年,1004,2025-08-15 21:48:37,4098,近地铁,https://example.com/house/11864
西城区,西城区56号院6号楼20单元36室,一室一厅 西城区优质房源,三室两厅,162.6,688.11,14层/共17层,1993年,1004,2026-02-21 21:48:37,316,带车位,https://example.com/house/11865
西城区,西城区48号院30号楼5单元38室,两室两厅 西城区优质房源,一室一厅,128.0,737.71,25层/共33层,1999年,1004,2026-03-07 21:48:37,2234,学区房,https://example.com/house/11866
东城区,东城区72号院26号楼12单元23室,一室一厅 东城区优质房源,一室一厅,132.8,1337.83,2层/共33层,2001年,1005,2026-01-14 21:48:37,4107,南北通透,https://example.com/house/11867
昌平区,昌平区76号院2号楼2单元46室,两室一厅 昌平区优质房源,两室两厅,73.6,786.59,30层/共27层,2016年,1006,2025-10-31 21:48:37,2451,电梯房,https://example.com/house/11868
顺义区,顺义区64号院18号楼12单元57室,三室两厅 顺义区优质房源,四室两厅,166.2,880.14,25层/共13层,2009年,1007,2025-11-22 21:48:37,2902,近地铁,https://example.com/house/11869
丰台区,丰台区26号院19号楼2单元98室,一室一厅 丰台区优质房源,一室一厅,195.8,1092.04,8层/共22层,1990年,1003,2025-09-22 21:48:37,2827,精装修,https://example.com/house/11870
丰台区,丰台区57号院27号楼9单元34室,三室一厅 丰台区优质房源,三室一厅,180.5,1494.25,32层/共10层,2009年,1003,2025-07-15 21:48:37,4477,学区房,https://example.com/house/11871
海淀区,海淀区36号院13号楼7单元3室,一室一厅 海淀区优质房源,四室两厅,157.9,608.26,23层/共10层,2017年,1002,2025-10-08 21:48:37,3495,学区房,https://example.com/house/11872
顺义区,顺义区6号院2号楼1单元35室,两室两厅 顺义区优质房源,三室两厅,172.5,1330.38,31层/共16层,1994年,1007,2026-01-18 21:48:37,452,精装修,https://example.com/house/11873
昌平区,昌平区93号院9号楼20单元70室,四室两厅 昌平区优质房源,两室两厅,115.8,933.45,6层/共23层,2018年,1006,2026-02-23 21:48:37,1191,学区房,https://example.com/house/11874
顺义区,顺义区68号院24号楼2单元93室,两室一厅 顺义区优质房源,三室一厅,159.8,455.41,18层/共10层,2014年,1007,2025-05-31 21:48:37,298,学区房,https://example.com/house/11875
丰台区,丰台区65号院29号楼4单元66室,两室一厅 丰台区优质房源,两室一厅,120.3,374.61,4层/共13层,2016年,1003,2025-12-19 21:48:37,730,近地铁,https://example.com/house/11876
昌平区,昌平区36号院24号楼15单元51室,两室两厅 昌平区优质房源,四室两厅,197.8,1049.92,21层/共26层,1998年,1006,2025-12-18 21:48:37,3807,学区房,https://example.com/house/11877
顺义区,顺义区36号院29号楼10单元61室,三室一厅 顺义区优质房源,两室一厅,176.5,490.25,24层/共23层,1995年,1007,2025-09-26 21:48:37,151,近地铁,https://example.com/house/11878
昌平区,昌平区47号院6号楼11单元2室,四室两厅 昌平区优质房源,一室一厅,65.4,1488.96,6层/共24层,2019年,1006,2025-05-22 21:48:37,717,南北通透,https://example.com/house/11879
顺义区,顺义区94号院1号楼17单元33室,三室一厅 顺义区优质房源,两室一厅,181.0,1471.61,27层/共15层,2014年,1007,2025-12-23 21:48:37,3243,近地铁,https://example.com/house/11880
丰台区,丰台区61号院19号楼13单元95室,三室两厅 丰台区优质房源,三室两厅,70.1,1250.05,20层/共12层,2003年,1003,2025-11-17 21:48:37,1642,南北通透,https://example.com/house/11881
东城区,东城区16号院21号楼8单元76室,两室两厅 东城区优质房源,两室一厅,69.1,798.57,29层/共24层,2004年,1005,2025-05-23 21:48:37,4714,带车位,https://example.com/house/11882
昌平区,昌平区57号院25号楼10单元61室,两室一厅 昌平区优质房源,两室两厅,80.0,890.92,7层/共27层,2006年,1006,2025-03-19 21:48:37,3433,南北通透,https://example.com/house/11883
昌平区,昌平区42号院28号楼14单元39室,四室两厅 昌平区优质房源,一室一厅,64.8,718.3,27层/共14层,2001年,1006,2025-12-02 21:48:37,2801,近地铁,https://example.com/house/11884
东城区,东城区78号院20号楼6单元49室,一室一厅 东城区优质房源,一室一厅,149.4,938.58,23层/共27层,2008年,1005,2026-01-25 21:48:37,2592,近地铁,https://example.com/house/11885
东城区,东城区34号院30号楼3单元33室,四室两厅 东城区优质房源,一室一厅,133.5,1392.11,19层/共27层,1998年,1005,2025-12-31 21:48:37,409,精装修,https://example.com/house/11886
西城区,西城区77号院24号楼16单元65室,一室一厅 西城区优质房源,两室一厅,178.8,1378.74,23层/共11层,1994年,1004,2025-07-21 21:48:37,3809,南北通透,https://example.com/house/11887
朝阳区,朝阳区10号院30号楼8单元71室,四室两厅 朝阳区优质房源,两室两厅,104.7,250.1,6层/共12层,1994年,1001,2025-11-17 21:48:37,1139,精装修,https://example.com/house/11888
丰台区,丰台区38号院5号楼8单元52室,四室两厅 丰台区优质房源,四室两厅,84.0,555.63,25层/共13层,2007年,1003,2025-06-14 21:48:37,4057,带车位,https://example.com/house/11889
顺义区,顺义区3号院16号楼18单元68室,两室两厅 顺义区优质房源,三室两厅,51.0,656.32,33层/共26层,2006年,1007,2025-12-19 21:48:37,1166,精装修,https://example.com/house/11890
丰台区,丰台区70号院27号楼20单元21室,两室两厅 丰台区优质房源,两室一厅,187.9,667.25,3层/共13层,1998年,1003,2025-12-14 21:48:37,3828,电梯房,https://example.com/house/11891
昌平区,昌平区77号院14号楼11单元30室,两室两厅 昌平区优质房源,一室一厅,91.0,733.45,27层/共14层,1996年,1006,2026-01-03 21:48:37,312,带车位,https://example.com/house/11892
朝阳区,朝阳区72号院29号楼1单元19室,两室两厅 朝阳区优质房源,一室一厅,164.7,690.3,22层/共30层,2010年,1001,2025-08-27 21:48:37,1912,近地铁,https://example.com/house/11893
西城区,西城区54号院18号楼13单元89室,三室两厅 西城区优质房源,四室两厅,148.6,1375.14,33层/共27层,1990年,1004,2025-06-09 21:48:37,3047,近地铁,https://example.com/house/11894
昌平区,昌平区26号院17号楼14单元23室,四室两厅 昌平区优质房源,一室一厅,197.8,246.88,29层/共28层,2001年,1006,2025-12-22 21:48:37,4411,南北通透,https://example.com/house/11895
昌平区,昌平区38号院12号楼9单元57室,一室一厅 昌平区优质房源,三室两厅,182.6,718.52,22层/共14层,2000年,1006,2025-12-19 21:48:37,1689,电梯房,https://example.com/house/11896
东城区,东城区85号院29号楼3单元23室,一室一厅 东城区优质房源,四室两厅,193.7,1245.41,17层/共26层,1991年,1005,2025-05-19 21:48:37,3717,电梯房,https://example.com/house/11897
海淀区,海淀区39号院22号楼12单元73室,两室一厅 海淀区优质房源,四室两厅,152.1,849.42,12层/共10层,2016年,1002,2025-08-14 21:48:37,4092,近地铁,https://example.com/house/11898
丰台区,丰台区84号院2号楼4单元96室,两室两厅 丰台区优质房源,三室两厅,187.7,817.38,27层/共21层,1999年,1003,2025-05-31 21:48:37,4616,电梯房,https://example.com/house/11899
顺义区,顺义区61号院13号楼5单元27室,一室一厅 顺义区优质房源,四室两厅,71.3,1265.55,20层/共15层,2011年,1007,2025-11-20 21:48:37,4947,带车位,https://example.com/house/11900
朝阳区,朝阳区12号院21号楼14单元48室,四室两厅 朝阳区优质房源,两室一厅,102.7,840.28,32层/共19层,1995年,1001,2025-10-13 21:48:37,2466,电梯房,https://example.com/house/11901
朝阳区,朝阳区83号院23号楼14单元16室,四室两厅 朝阳区优质房源,三室一厅,176.3,1197.83,3层/共33层,1992年,1001,2025-09-12 21:48:37,784,精装修,https://example.com/house/11902
朝阳区,朝阳区16号院17号楼6单元49室,两室一厅 朝阳区优质房源,一室一厅,194.0,1445.04,25层/共33层,2018年,1001,2026-01-30 21:48:37,39,近地铁,https://example.com/house/11903
西城区,西城区75号院27号楼17单元44室,一室一厅 西城区优质房源,三室一厅,50.8,417.17,16层/共13层,2015年,1004,2025-12-22 21:48:37,4910,南北通透,https://example.com/house/11904
昌平区,昌平区64号院7号楼13单元77室,两室两厅 昌平区优质房源,三室一厅,105.5,600.73,5层/共33层,1992年,1006,2025-03-17 21:48:37,2350,近地铁,https://example.com/house/11905
海淀区,海淀区50号院18号楼18单元56室,两室一厅 海淀区优质房源,两室一厅,91.3,673.78,33层/共22层,2006年,1002,2025-11-11 21:48:37,1347,电梯房,https://example.com/house/11906
丰台区,丰台区68号院24号楼15单元91室,两室两厅 丰台区优质房源,两室两厅,138.1,1251.23,33层/共15层,1991年,1003,2025-05-31 21:48:37,2419,精装修,https://example.com/house/11907
昌平区,昌平区66号院28号楼13单元80室,三室一厅 昌平区优质房源,两室一厅,62.2,1278.34,14层/共32层,2019年,1006,2025-09-25 21:48:37,2792,带车位,https://example.com/house/11908
朝阳区,朝阳区77号院1号楼2单元59室,三室两厅 朝阳区优质房源,一室一厅,107.4,1061.33,6层/共14层,2017年,1001,2025-08-19 21:48:37,2329,电梯房,https://example.com/house/11909
东城区,东城区56号院13号楼15单元39室,三室两厅 东城区优质房源,三室一厅,174.3,1316.57,13层/共16层,2017年,1005,2026-01-04 21:48:37,3705,精装修,https://example.com/house/11910
顺义区,顺义区40号院15号楼14单元22室,四室两厅 顺义区优质房源,两室两厅,169.5,838.82,5层/共25层,2002年,1007,2025-08-28 21:48:37,1480,南北通透,https://example.com/house/11911
西城区,西城区78号院12号楼19单元27室,四室两厅 西城区优质房源,一室一厅,175.7,1261.44,32层/共30层,2000年,1004,2025-06-17 21:48:37,590,带车位,https://example.com/house/11912
西城区,西城区70号院22号楼15单元4室,三室一厅 西城区优质房源,四室两厅,134.7,352.97,19层/共13层,2016年,1004,2026-02-20 21:48:37,2226,近地铁,https://example.com/house/11913
昌平区,昌平区75号院26号楼8单元91室,一室一厅 昌平区优质房源,一室一厅,137.1,439.02,21层/共28层,1995年,1006,2025-04-22 21:48:37,1535,南北通透,https://example.com/house/11914
朝阳区,朝阳区95号院29号楼16单元27室,两室一厅 朝阳区优质房源,三室两厅,168.8,1045.92,14层/共32层,1993年,1001,2025-12-11 21:48:37,237,电梯房,https://example.com/house/11915
昌平区,昌平区27号院13号楼1单元89室,三室两厅 昌平区优质房源,一室一厅,59.0,370.63,6层/共12层,2002年,1006,2025-05-11 21:48:37,1471,学区房,https://example.com/house/11916
海淀区,海淀区18号院22号楼13单元87室,两室一厅 海淀区优质房源,四室两厅,90.9,1067.27,24层/共22层,1998年,1002,2025-10-20 21:48:37,2995,近地铁,https://example.com/house/11917
海淀区,海淀区69号院13号楼18单元39室,三室两厅 海淀区优质房源,三室两厅,192.4,1435.75,20层/共11层,2009年,1002,2026-02-02 21:48:37,3792,学区房,https://example.com/house/11918
昌平区,昌平区88号院9号楼1单元23室,四室两厅 昌平区优质房源,四室两厅,147.6,950.58,15层/共14层,1993年,1006,2025-05-21 21:48:37,4423,精装修,https://example.com/house/11919
海淀区,海淀区50号院20号楼16单元32室,两室一厅 海淀区优质房源,三室一厅,87.3,1307.78,16层/共12层,1991年,1002,2025-04-10 21:48:37,3554,近地铁,https://example.com/house/11920
丰台区,丰台区44号院26号楼20单元17室,一室一厅 丰台区优质房源,两室两厅,106.6,1317.63,24层/共24层,2010年,1003,2025-06-19 21:48:37,520,精装修,https://example.com/house/11921
海淀区,海淀区62号院10号楼8单元72室,四室两厅 海淀区优质房源,四室两厅,156.3,294.45,26层/共22层,2016年,1002,2025-10-04 21:48:37,4851,南北通透,https://example.com/house/11922
西城区,西城区69号院1号楼8单元51室,三室一厅 西城区优质房源,一室一厅,68.8,428.28,3层/共21层,1995年,1004,2025-03-31 21:48:37,3384,学区房,https://example.com/house/11923
东城区,东城区29号院12号楼14单元4室,三室两厅 东城区优质房源,三室一厅,90.6,577.94,32层/共32层,1993年,1005,2025-11-13 21:48:37,293,带车位,https://example.com/house/11924
海淀区,海淀区45号院2号楼18单元99室,四室两厅 海淀区优质房源,四室两厅,100.2,598.51,16层/共17层,1991年,1002,2025-08-23 21:48:37,525,近地铁,https://example.com/house/11925
西城区,西城区40号院28号楼19单元90室,三室两厅 西城区优质房源,三室一厅,115.0,895.74,30层/共15层,1999年,1004,2025-12-14 21:48:37,369,南北通透,https://example.com/house/11926
顺义区,顺义区62号院13号楼6单元40室,两室一厅 顺义区优质房源,两室两厅,89.8,741.89,26层/共16层,2005年,1007,2025-12-24 21:48:37,2447,学区房,https://example.com/house/11927
东城区,东城区84号院23号楼20单元82室,三室一厅 东城区优质房源,三室两厅,50.2,778.48,26层/共23层,2008年,1005,2026-02-11 21:48:37,328,学区房,https://example.com/house/11928
朝阳区,朝阳区58号院4号楼10单元99室,三室一厅 朝阳区优质房源,两室两厅,131.3,424.71,1层/共24层,2009年,1001,2025-10-10 21:48:37,3186,带车位,https://example.com/house/11929
海淀区,海淀区91号院19号楼18单元59室,三室两厅 海淀区优质房源,一室一厅,142.8,861.61,21层/共12层,2005年,1002,2026-01-29 21:48:37,336,精装修,https://example.com/house/11930
朝阳区,朝阳区4号院30号楼9单元51室,四室两厅 朝阳区优质房源,一室一厅,85.5,1459.84,25层/共21层,2011年,1001,2025-11-18 21:48:37,1644,近地铁,https://example.com/house/11931
昌平区,昌平区50号院17号楼12单元23室,三室两厅 昌平区优质房源,两室一厅,97.7,566.83,9层/共33层,2019年,1006,2025-08-15 21:48:37,3604,精装修,https://example.com/house/11932
西城区,西城区87号院1号楼11单元8室,四室两厅 西城区优质房源,一室一厅,175.8,888.87,26层/共19层,2007年,1004,2026-03-07 21:48:37,2311,电梯房,https://example.com/house/11933
昌平区,昌平区13号院8号楼15单元68室,两室两厅 昌平区优质房源,三室两厅,119.5,964.34,2层/共19层,2006年,1006,2025-09-14 21:48:37,3839,学区房,https://example.com/house/11934
昌平区,昌平区46号院28号楼9单元27室,四室两厅 昌平区优质房源,一室一厅,112.0,644.75,4层/共23层,2014年,1006,2025-08-19 21:48:37,4362,精装修,https://example.com/house/11935
海淀区,海淀区76号院5号楼16单元37室,两室两厅 海淀区优质房源,两室一厅,129.8,1160.1,6层/共10层,2003年,1002,2026-03-02 21:48:37,251,精装修,https://example.com/house/11936
丰台区,丰台区52号院28号楼11单元22室,两室两厅 丰台区优质房源,三室一厅,188.1,748.2,13层/共19层,2009年,1003,2025-04-09 21:48:37,4345,近地铁,https://example.com/house/11937
昌平区,昌平区31号院23号楼7单元46室,两室两厅 昌平区优质房源,三室一厅,169.2,1316.19,12层/共17层,1995年,1006,2025-03-30 21:48:37,226,电梯房,https://example.com/house/11938
东城区,东城区94号院26号楼15单元58室,两室两厅 东城区优质房源,四室两厅,126.3,398.39,11层/共14层,2010年,1005,2026-03-04 21:48:37,4775,带车位,https://example.com/house/11939
东城区,东城区3号院25号楼9单元15室,一室一厅 东城区优质房源,三室一厅,115.8,310.96,4层/共12层,2010年,1005,2025-04-23 21:48:37,2327,学区房,https://example.com/house/11940
昌平区,昌平区71号院13号楼19单元59室,三室一厅 昌平区优质房源,三室一厅,144.8,1392.48,30层/共28层,2019年,1006,2025-03-23 21:48:37,3362,近地铁,https://example.com/house/11941
朝阳区,朝阳区39号院2号楼20单元83室,一室一厅 朝阳区优质房源,两室一厅,198.2,1229.2,33层/共12层,2020年,1001,2025-09-14 21:48:37,1993,学区房,https://example.com/house/11942
朝阳区,朝阳区70号院2号楼16单元65室,两室一厅 朝阳区优质房源,一室一厅,78.2,475.89,31层/共11层,2014年,1001,2026-01-02 21:48:37,3148,近地铁,https://example.com/house/11943
顺义区,顺义区33号院23号楼16单元68室,两室一厅 顺义区优质房源,两室一厅,125.1,1063.16,27层/共17层,2007年,1007,2025-04-07 21:48:37,3039,电梯房,https://example.com/house/11944
西城区,西城区12号院7号楼19单元89室,三室两厅 西城区优质房源,两室一厅,64.2,896.55,12层/共26层,1997年,1004,2025-12-07 21:48:37,4483,南北通透,https://example.com/house/11945
东城区,东城区8号院13号楼4单元44室,两室一厅 东城区优质房源,四室两厅,168.8,1414.68,18层/共25层,2016年,1005,2026-01-30 21:48:37,3733,南北通透,https://example.com/house/11946
丰台区,丰台区16号院15号楼19单元75室,两室一厅 丰台区优质房源,两室一厅,76.0,1273.34,32层/共18层,1996年,1003,2025-08-17 21:48:37,2301,精装修,https://example.com/house/11947
丰台区,丰台区7号院6号楼17单元34室,一室一厅 丰台区优质房源,四室两厅,59.7,1314.21,20层/共26层,2012年,1003,2025-06-13 21:48:37,4753,带车位,https://example.com/house/11948
朝阳区,朝阳区99号院6号楼19单元33室,两室一厅 朝阳区优质房源,一室一厅,132.2,457.57,30层/共26层,2015年,1001,2025-11-09 21:48:37,3199,电梯房,https://example.com/house/11949
海淀区,海淀区68号院18号楼8单元70室,三室一厅 海淀区优质房源,两室两厅,58.8,426.91,24层/共29层,2007年,1002,2025-05-05 21:48:37,3610,带车位,https://example.com/house/11950
西城区,西城区34号院16号楼2单元20室,两室两厅 西城区优质房源,三室一厅,161.7,1494.79,26层/共28层,1994年,1004,2025-03-30 21:48:37,1921,电梯房,https://example.com/house/11951
昌平区,昌平区13号院2号楼2单元34室,两室两厅 昌平区优质房源,两室一厅,177.6,990.96,24层/共20层,2006年,1006,2025-11-11 21:48:37,380,近地铁,https://example.com/house/11952
朝阳区,朝阳区80号院16号楼3单元62室,三室一厅 朝阳区优质房源,两室一厅,58.1,1404.1,21层/共11层,1991年,1001,2025-11-04 21:48:37,180,近地铁,https://example.com/house/11953
西城区,西城区28号院8号楼17单元53室,三室两厅 西城区优质房源,三室一厅,126.5,836.67,27层/共24层,1994年,1004,2025-03-27 21:48:37,648,南北通透,https://example.com/house/11954
丰台区,丰台区77号院5号楼3单元62室,两室一厅 丰台区优质房源,三室两厅,81.0,542.53,11层/共29层,2012年,1003,2025-11-04 21:48:37,1723,精装修,https://example.com/house/11955
顺义区,顺义区99号院18号楼18单元87室,两室两厅 顺义区优质房源,两室两厅,120.8,885.16,11层/共20层,1996年,1007,2026-01-02 21:48:37,1833,精装修,https://example.com/house/11956
海淀区,海淀区12号院17号楼3单元52室,三室一厅 海淀区优质房源,三室两厅,152.7,1287.7,1层/共31层,2007年,1002,2025-04-22 21:48:37,3858,带车位,https://example.com/house/11957
海淀区,海淀区36号院1号楼10单元3室,三室两厅 海淀区优质房源,三室两厅,196.3,529.53,28层/共26层,2018年,1002,2025-08-22 21:48:37,1601,精装修,https://example.com/house/11958
海淀区,海淀区7号院12号楼13单元9室,两室一厅 海淀区优质房源,两室一厅,135.8,509.58,32层/共19层,2017年,1002,2025-09-30 21:48:37,2100,南北通透,https://example.com/house/11959
西城区,西城区23号院10号楼12单元46室,两室一厅 西城区优质房源,两室两厅,162.4,469.39,23层/共33层,2007年,1004,2026-01-21 21:48:37,3941,电梯房,https://example.com/house/11960
西城区,西城区11号院7号楼12单元81室,四室两厅 西城区优质房源,三室一厅,103.1,1428.89,24层/共33层,2003年,1004,2025-08-27 21:48:37,4535,学区房,https://example.com/house/11961
东城区,东城区59号院23号楼1单元95室,两室两厅 东城区优质房源,两室一厅,57.2,410.96,18层/共26层,1997年,1005,2025-03-28 21:48:37,3289,电梯房,https://example.com/house/11962
朝阳区,朝阳区20号院29号楼3单元22室,两室两厅 朝阳区优质房源,两室一厅,146.0,1335.34,23层/共29层,1990年,1001,2026-02-15 21:48:37,783,学区房,https://example.com/house/11963
西城区,西城区89号院16号楼12单元51室,三室一厅 西城区优质房源,两室一厅,169.0,1053.93,7层/共21层,2010年,1004,2026-01-13 21:48:37,3256,学区房,https://example.com/house/11964
昌平区,昌平区59号院22号楼8单元47室,三室两厅 昌平区优质房源,一室一厅,57.9,817.71,22层/共29层,2020年,1006,2025-07-08 21:48:37,577,电梯房,https://example.com/house/11965
东城区,东城区98号院23号楼14单元37室,两室一厅 东城区优质房源,一室一厅,104.3,593.12,9层/共26层,1998年,1005,2025-11-06 21:48:37,2141,学区房,https://example.com/house/11966
西城区,西城区15号院14号楼5单元98室,四室两厅 西城区优质房源,两室两厅,169.6,337.49,2层/共16层,1996年,1004,2025-12-27 21:48:37,2475,带车位,https://example.com/house/11967
丰台区,丰台区77号院2号楼10单元93室,两室一厅 丰台区优质房源,一室一厅,178.0,938.3,27层/共32层,2018年,1003,2025-04-03 21:48:37,4145,近地铁,https://example.com/house/11968
东城区,东城区64号院12号楼3单元22室,三室一厅 东城区优质房源,一室一厅,51.2,343.53,1层/共14层,1997年,1005,2025-06-03 21:48:37,1159,电梯房,https://example.com/house/11969
顺义区,顺义区52号院30号楼5单元17室,一室一厅 顺义区优质房源,三室一厅,193.1,685.5,11层/共17层,2011年,1007,2025-12-05 21:48:37,1858,精装修,https://example.com/house/11970
西城区,西城区31号院16号楼8单元64室,三室一厅 西城区优质房源,两室一厅,182.7,213.87,33层/共22层,2016年,1004,2026-01-14 21:48:37,1641,近地铁,https://example.com/house/11971
丰台区,丰台区61号院29号楼14单元82室,四室两厅 丰台区优质房源,两室两厅,159.5,841.03,24层/共19层,2010年,1003,2025-10-18 21:48:37,4826,近地铁,https://example.com/house/11972
海淀区,海淀区13号院3号楼12单元86室,三室两厅 海淀区优质房源,三室两厅,115.6,1491.3,18层/共11层,2020年,1002,2025-11-19 21:48:37,1104,近地铁,https://example.com/house/11973
顺义区,顺义区89号院27号楼16单元73室,三室两厅 顺义区优质房源,一室一厅,142.5,412.03,32层/共15层,2008年,1007,2025-08-20 21:48:37,1002,学区房,https://example.com/house/11974
东城区,东城区86号院22号楼16单元50室,一室一厅 东城区优质房源,三室一厅,51.6,212.19,4层/共26层,1990年,1005,2025-05-24 21:48:37,16,带车位,https://example.com/house/11975
丰台区,丰台区60号院18号楼14单元26室,两室两厅 丰台区优质房源,四室两厅,151.4,224.16,22层/共23层,2019年,1003,2025-10-04 21:48:37,2626,近地铁,https://example.com/house/11976
顺义区,顺义区44号院29号楼15单元99室,三室两厅 顺义区优质房源,两室两厅,181.6,932.11,17层/共25层,1995年,1007,2025-06-27 21:48:37,1104,精装修,https://example.com/house/11977
西城区,西城区23号院26号楼10单元98室,三室一厅 西城区优质房源,两室一厅,162.7,980.26,31层/共14层,2018年,1004,2026-01-16 21:48:37,3613,学区房,https://example.com/house/11978
昌平区,昌平区21号院18号楼20单元34室,一室一厅 昌平区优质房源,两室一厅,200.0,662.26,23层/共14层,1997年,1006,2025-11-01 21:48:37,4421,电梯房,https://example.com/house/11979
西城区,西城区94号院13号楼14单元25室,四室两厅 西城区优质房源,四室两厅,90.3,616.5,10层/共30层,1999年,1004,2025-11-18 21:48:37,952,电梯房,https://example.com/house/11980
丰台区,丰台区8号院28号楼3单元99室,两室一厅 丰台区优质房源,两室两厅,101.9,1070.98,8层/共32层,2008年,1003,2025-07-16 21:48:37,2985,学区房,https://example.com/house/11981
丰台区,丰台区56号院26号楼13单元31室,三室两厅 丰台区优质房源,四室两厅,155.7,681.46,30层/共22层,1993年,1003,2025-05-20 21:48:37,1864,精装修,https://example.com/house/11982
东城区,东城区20号院10号楼6单元47室,一室一厅 东城区优质房源,三室两厅,181.3,1112.79,18层/共32层,2008年,1005,2025-06-09 21:48:37,3293,电梯房,https://example.com/house/11983
东城区,东城区70号院24号楼14单元72室,两室两厅 东城区优质房源,一室一厅,124.8,693.28,5层/共18层,1992年,1005,2025-07-09 21:48:37,872,精装修,https://example.com/house/11984
朝阳区,朝阳区14号院29号楼18单元36室,一室一厅 朝阳区优质房源,一室一厅,138.5,569.47,31层/共23层,2000年,1001,2025-09-20 21:48:37,757,电梯房,https://example.com/house/11985
西城区,西城区93号院27号楼5单元46室,两室一厅 西城区优质房源,三室一厅,66.3,727.54,20层/共22层,2015年,1004,2025-09-07 21:48:37,3858,南北通透,https://example.com/house/11986
西城区,西城区56号院26号楼13单元27室,两室一厅 西城区优质房源,三室一厅,66.0,1441.61,3层/共18层,2019年,1004,2025-10-07 21:48:37,4030,学区房,https://example.com/house/11987
丰台区,丰台区28号院26号楼2单元4室,两室两厅 丰台区优质房源,四室两厅,67.1,708.32,10层/共20层,2009年,1003,2025-08-02 21:48:37,1058,电梯房,https://example.com/house/11988
东城区,东城区1号院14号楼16单元30室,一室一厅 东城区优质房源,三室一厅,177.4,530.35,3层/共15层,2002年,1005,2025-11-02 21:48:37,1295,近地铁,https://example.com/house/11989
顺义区,顺义区54号院20号楼14单元30室,三室两厅 顺义区优质房源,一室一厅,187.5,507.85,29层/共20层,2002年,1007,2025-08-08 21:48:37,2872,南北通透,https://example.com/house/11990
东城区,东城区27号院4号楼5单元89室,三室两厅 东城区优质房源,一室一厅,84.5,1223.19,31层/共30层,1993年,1005,2026-02-23 21:48:37,4053,精装修,https://example.com/house/11991
丰台区,丰台区82号院26号楼2单元56室,四室两厅 丰台区优质房源,三室一厅,170.2,1361.99,24层/共26层,2015年,1003,2025-10-14 21:48:37,1913,近地铁,https://example.com/house/11992
西城区,西城区23号院25号楼2单元46室,三室两厅 西城区优质房源,两室两厅,123.5,404.11,17层/共22层,2005年,1004,2025-10-06 21:48:37,1652,南北通透,https://example.com/house/11993
顺义区,顺义区5号院19号楼14单元34室,三室两厅 顺义区优质房源,三室两厅,71.4,1400.77,5层/共16层,2017年,1007,2025-12-25 21:48:37,3795,带车位,https://example.com/house/11994
海淀区,海淀区58号院25号楼4单元8室,三室两厅 海淀区优质房源,四室两厅,144.3,792.51,32层/共11层,2019年,1002,2025-12-13 21:48:37,1235,精装修,https://example.com/house/11995
顺义区,顺义区29号院22号楼17单元67室,三室一厅 顺义区优质房源,一室一厅,140.9,1182.62,3层/共19层,1990年,1007,2025-11-06 21:48:37,2912,近地铁,https://example.com/house/11996
海淀区,海淀区64号院2号楼4单元92室,两室一厅 海淀区优质房源,两室两厅,72.8,1404.06,25层/共24层,2014年,1002,2025-06-17 21:48:37,4382,带车位,https://example.com/house/11997
朝阳区,朝阳区95号院1号楼16单元5室,三室一厅 朝阳区优质房源,两室两厅,143.1,979.57,23层/共18层,2013年,1001,2026-02-05 21:48:37,1206,精装修,https://example.com/house/11998
丰台区,丰台区23号院12号楼16单元6室,三室一厅 丰台区优质房源,三室一厅,117.9,316.93,16层/共13层,1999年,1003,2025-05-16 21:48:37,3206,学区房,https://example.com/house/11999
昌平区,昌平区51号院9号楼14单元50室,两室一厅 昌平区优质房源,一室一厅,62.9,764.6,28层/共10层,2015年,1006,2025-08-17 21:48:37,663,南北通透,https://example.com/house/12000
顺义区,顺义区58号院2号楼4单元16室,两室一厅 顺义区优质房源,四室两厅,58.6,357.78,19层/共28层,1991年,1007,2025-04-12 21:48:37,1206,精装修,https://example.com/house/12001
东城区,东城区32号院26号楼13单元1室,两室一厅 东城区优质房源,一室一厅,113.8,632.16,24层/共10层,1995年,1005,2025-11-20 21:48:37,1466,电梯房,https://example.com/house/12002
朝阳区,朝阳区28号院6号楼11单元87室,两室一厅 朝阳区优质房源,三室两厅,122.0,1472.43,24层/共21层,2012年,1001,2025-07-30 21:48:37,3641,近地铁,https://example.com/house/12003
昌平区,昌平区50号院10号楼11单元38室,两室两厅 昌平区优质房源,一室一厅,149.6,1372.39,25层/共30层,1994年,1006,2025-04-24 21:48:37,3892,学区房,https://example.com/house/12004
丰台区,丰台区85号院1号楼6单元67室,四室两厅 丰台区优质房源,两室一厅,116.7,535.55,16层/共12层,2008年,1003,2025-03-19 21:48:37,2362,学区房,https://example.com/house/12005
丰台区,丰台区46号院29号楼7单元28室,两室两厅 丰台区优质房源,三室一厅,104.4,1036.22,23层/共18层,1999年,1003,2025-06-07 21:48:37,3990,精装修,https://example.com/house/12006
昌平区,昌平区49号院24号楼6单元57室,两室一厅 昌平区优质房源,四室两厅,75.7,583.98,28层/共23层,1994年,1006,2025-04-27 21:48:37,3871,近地铁,https://example.com/house/12007
海淀区,海淀区77号院29号楼10单元51室,两室两厅 海淀区优质房源,三室两厅,174.8,870.6,26层/共19层,2003年,1002,2026-02-16 21:48:37,3715,学区房,https://example.com/house/12008
丰台区,丰台区21号院12号楼7单元92室,一室一厅 丰台区优质房源,两室一厅,153.3,268.89,5层/共26层,2005年,1003,2025-11-02 21:48:37,3333,带车位,https://example.com/house/12009
西城区,西城区62号院3号楼8单元38室,四室两厅 西城区优质房源,三室两厅,153.1,1350.17,21层/共18层,2018年,1004,2025-08-22 21:48:37,3184,南北通透,https://example.com/house/12010
昌平区,昌平区28号院18号楼3单元10室,两室一厅 昌平区优质房源,四室两厅,83.4,247.7,31层/共25层,2007年,1006,2025-03-28 21:48:37,4160,南北通透,https://example.com/house/12011
昌平区,昌平区64号院11号楼3单元61室,三室一厅 昌平区优质房源,两室一厅,140.6,784.49,13层/共27层,2005年,1006,2025-07-27 21:48:37,20,精装修,https://example.com/house/12012
顺义区,顺义区49号院1号楼12单元99室,三室一厅 顺义区优质房源,两室两厅,94.9,1159.65,22层/共11层,2012年,1007,2025-04-28 21:48:37,785,精装修,https://example.com/house/12013
东城区,东城区29号院27号楼17单元1室,三室两厅 东城区优质房源,两室两厅,166.6,386.33,12层/共24层,2018年,1005,2025-11-13 21:48:37,2174,电梯房,https://example.com/house/12014
东城区,东城区87号院8号楼4单元14室,三室两厅 东城区优质房源,四室两厅,189.9,1141.54,12层/共11层,2002年,1005,2026-01-28 21:48:37,2136,带车位,https://example.com/house/12015
朝阳区,朝阳区23号院22号楼8单元92室,四室两厅 朝阳区优质房源,两室两厅,160.9,1324.4,14层/共28层,1991年,1001,2025-09-27 21:48:37,2457,带车位,https://example.com/house/12016
昌平区,昌平区91号院26号楼7单元47室,三室两厅 昌平区优质房源,两室一厅,94.4,260.75,26层/共19层,2007年,1006,2025-03-14 21:48:37,219,电梯房,https://example.com/house/12017
顺义区,顺义区44号院3号楼7单元94室,三室两厅 顺义区优质房源,一室一厅,104.2,549.34,24层/共27层,2012年,1007,2026-01-21 21:48:37,3603,学区房,https://example.com/house/12018
丰台区,丰台区59号院28号楼8单元56室,四室两厅 丰台区优质房源,三室一厅,165.9,481.27,15层/共16层,2006年,1003,2025-12-03 21:48:37,898,电梯房,https://example.com/house/12019
昌平区,昌平区95号院10号楼11单元83室,三室一厅 昌平区优质房源,一室一厅,171.0,1196.32,9层/共22层,1997年,1006,2025-04-03 21:48:37,3960,南北通透,https://example.com/house/12020
东城区,东城区41号院24号楼15单元4室,三室一厅 东城区优质房源,四室两厅,153.8,815.44,30层/共10层,1995年,1005,2025-06-10 21:48:37,2016,近地铁,https://example.com/house/12021
顺义区,顺义区15号院3号楼11单元88室,一室一厅 顺义区优质房源,三室两厅,171.2,1456.0,10层/共10层,2018年,1007,2026-03-10 21:48:37,1530,南北通透,https://example.com/house/12022
丰台区,丰台区33号院26号楼15单元48室,四室两厅 丰台区优质房源,三室两厅,70.7,1366.87,16层/共12层,2002年,1003,2025-11-29 21:48:37,2580,近地铁,https://example.com/house/12023
西城区,西城区4号院14号楼2单元10室,四室两厅 西城区优质房源,两室两厅,114.0,867.76,23层/共17层,2008年,1004,2025-07-08 21:48:37,648,精装修,https://example.com/house/12024
昌平区,昌平区5号院23号楼15单元34室,一室一厅 昌平区优质房源,三室两厅,131.3,537.0,33层/共27层,2003年,1006,2025-12-31 21:48:37,154,南北通透,https://example.com/house/12025
朝阳区,朝阳区98号院11号楼12单元40室,两室一厅 朝阳区优质房源,两室两厅,90.2,1485.53,31层/共25层,2006年,1001,2025-10-24 21:48:37,700,电梯房,https://example.com/house/12026
东城区,东城区22号院22号楼2单元26室,四室两厅 东城区优质房源,三室两厅,84.7,1303.29,23层/共27层,2006年,1005,2025-04-12 21:48:37,581,电梯房,https://example.com/house/12027
丰台区,丰台区74号院7号楼3单元1室,三室一厅 丰台区优质房源,三室一厅,130.3,256.0,15层/共31层,2011年,1003,2025-04-09 21:48:37,1327,带车位,https://example.com/house/12028
丰台区,丰台区26号院11号楼1单元12室,三室一厅 丰台区优质房源,三室两厅,115.5,736.47,1层/共26层,1995年,1003,2025-06-07 21:48:37,3179,南北通透,https://example.com/house/12029
顺义区,顺义区35号院24号楼16单元13室,三室一厅 顺义区优质房源,两室一厅,141.0,366.76,26层/共12层,2013年,1007,2025-05-27 21:48:37,4398,电梯房,https://example.com/house/12030
丰台区,丰台区64号院20号楼8单元40室,两室两厅 丰台区优质房源,四室两厅,67.1,732.61,31层/共24层,1993年,1003,2025-09-07 21:48:37,4171,精装修,https://example.com/house/12031
顺义区,顺义区43号院23号楼9单元60室,一室一厅 顺义区优质房源,两室一厅,117.8,1151.78,21层/共14层,1990年,1007,2025-10-20 21:48:37,3095,电梯房,https://example.com/house/12032
丰台区,丰台区29号院29号楼3单元45室,一室一厅 丰台区优质房源,一室一厅,71.1,589.31,17层/共11层,2019年,1003,2026-01-05 21:48:37,4884,学区房,https://example.com/house/12033
顺义区,顺义区2号院21号楼11单元27室,两室一厅 顺义区优质房源,一室一厅,60.9,505.34,28层/共10层,1993年,1007,2025-09-25 21:48:37,2180,学区房,https://example.com/house/12034
朝阳区,朝阳区59号院26号楼11单元27室,四室两厅 朝阳区优质房源,一室一厅,103.3,790.59,32层/共29层,1990年,1001,2026-02-10 21:48:37,20,南北通透,https://example.com/house/12035
昌平区,昌平区84号院27号楼13单元27室,三室两厅 昌平区优质房源,两室两厅,117.8,223.07,28层/共17层,1991年,1006,2025-04-07 21:48:37,2227,南北通透,https://example.com/house/12036
朝阳区,朝阳区98号院15号楼18单元42室,一室一厅 朝阳区优质房源,三室一厅,118.6,909.72,24层/共28层,2001年,1001,2025-10-03 21:48:37,3748,带车位,https://example.com/house/12037
西城区,西城区47号院28号楼9单元91室,两室两厅 西城区优质房源,一室一厅,70.1,585.56,13层/共14层,1998年,1004,2025-12-03 21:48:37,3158,精装修,https://example.com/house/12038
东城区,东城区52号院5号楼13单元8室,两室两厅 东城区优质房源,一室一厅,83.8,998.13,2层/共19层,2020年,1005,2025-08-14 21:48:37,3908,带车位,https://example.com/house/12039
昌平区,昌平区97号院24号楼10单元8室,一室一厅 昌平区优质房源,一室一厅,151.0,1160.18,20层/共33层,2004年,1006,2026-02-11 21:48:37,2310,近地铁,https://example.com/house/12040
海淀区,海淀区28号院8号楼3单元65室,两室两厅 海淀区优质房源,两室一厅,58.4,965.17,26层/共33层,1992年,1002,2025-10-06 21:48:37,4746,近地铁,https://example.com/house/12041
海淀区,海淀区12号院3号楼20单元88室,三室一厅 海淀区优质房源,一室一厅,153.6,889.5,1层/共12层,2000年,1002,2025-03-18 21:48:37,2215,带车位,https://example.com/house/12042
朝阳区,朝阳区37号院27号楼16单元65室,四室两厅 朝阳区优质房源,两室两厅,110.1,1427.6,27层/共12层,2001年,1001,2025-04-24 21:48:37,2453,南北通透,https://example.com/house/12043
海淀区,海淀区6号院15号楼10单元71室,四室两厅 海淀区优质房源,四室两厅,70.5,1165.08,28层/共30层,2002年,1002,2025-05-20 21:48:37,17,精装修,https://example.com/house/12044
朝阳区,朝阳区86号院10号楼7单元65室,三室一厅 朝阳区优质房源,两室两厅,149.5,1137.7,21层/共10层,1992年,1001,2025-11-23 21:48:37,2932,电梯房,https://example.com/house/12045
朝阳区,朝阳区55号院25号楼17单元74室,两室两厅 朝阳区优质房源,两室两厅,180.4,515.21,3层/共23层,2014年,1001,2026-01-16 21:48:37,3029,精装修,https://example.com/house/12046
海淀区,海淀区55号院10号楼17单元67室,三室一厅 海淀区优质房源,两室两厅,171.5,286.17,17层/共14层,2018年,1002,2025-03-16 21:48:37,964,带车位,https://example.com/house/12047
顺义区,顺义区23号院13号楼4单元40室,一室一厅 顺义区优质房源,四室两厅,64.8,1269.28,25层/共22层,2011年,1007,2025-09-24 21:48:37,2088,南北通透,https://example.com/house/12048
西城区,西城区35号院10号楼19单元63室,两室两厅 西城区优质房源,两室两厅,191.4,768.92,15层/共12层,2000年,1004,2025-10-19 21:48:37,147,精装修,https://example.com/house/12049
顺义区,顺义区82号院9号楼14单元68室,两室一厅 顺义区优质房源,两室一厅,59.1,1212.97,17层/共31层,1996年,1007,2026-01-03 21:48:37,2325,学区房,https://example.com/house/12050
西城区,西城区54号院29号楼5单元48室,四室两厅 西城区优质房源,两室一厅,159.1,765.49,22层/共21层,1999年,1004,2026-02-23 21:48:37,4046,学区房,https://example.com/house/12051
丰台区,丰台区44号院30号楼6单元77室,四室两厅 丰台区优质房源,三室一厅,157.9,868.19,15层/共10层,2015年,1003,2025-08-18 21:48:37,2062,南北通透,https://example.com/house/12052
丰台区,丰台区11号院26号楼12单元45室,三室两厅 丰台区优质房源,一室一厅,80.4,720.23,10层/共17层,1998年,1003,2025-10-09 21:48:37,4581,近地铁,https://example.com/house/12053
西城区,西城区89号院12号楼2单元75室,两室两厅 西城区优质房源,两室两厅,57.6,965.69,14层/共29层,1999年,1004,2025-06-06 21:48:37,1393,南北通透,https://example.com/house/12054
丰台区,丰台区46号院20号楼2单元45室,三室一厅 丰台区优质房源,三室一厅,196.2,1060.83,27层/共22层,1998年,1003,2025-11-13 21:48:37,2331,电梯房,https://example.com/house/12055
西城区,西城区30号院1号楼16单元5室,四室两厅 西城区优质房源,两室两厅,154.7,1140.78,24层/共23层,2010年,1004,2026-02-08 21:48:37,2844,南北通透,https://example.com/house/12056
昌平区,昌平区53号院30号楼15单元58室,一室一厅 昌平区优质房源,一室一厅,79.8,935.35,7层/共12层,2002年,1006,2026-02-21 21:48:37,4659,精装修,https://example.com/house/12057
昌平区,昌平区18号院24号楼16单元28室,三室一厅 昌平区优质房源,两室一厅,134.3,643.31,25层/共22层,2014年,1006,2025-09-21 21:48:37,2334,学区房,https://example.com/house/12058
丰台区,丰台区57号院2号楼4单元49室,一室一厅 丰台区优质房源,两室一厅,63.7,216.66,9层/共21层,2017年,1003,2025-09-01 21:48:37,1836,学区房,https://example.com/house/12059
丰台区,丰台区17号院23号楼8单元30室,三室两厅 丰台区优质房源,三室一厅,134.4,608.56,17层/共15层,2003年,1003,2025-03-29 21:48:37,146,精装修,https://example.com/house/12060
西城区,西城区91号院12号楼2单元95室,一室一厅 西城区优质房源,三室一厅,172.7,304.15,15层/共17层,1992年,1004,2025-05-22 21:48:37,4172,南北通透,https://example.com/house/12061
西城区,西城区53号院16号楼13单元25室,两室一厅 西城区优质房源,三室一厅,123.6,1327.14,4层/共22层,2010年,1004,2025-11-17 21:48:37,2534,南北通透,https://example.com/house/12062
海淀区,海淀区8号院10号楼4单元54室,两室一厅 海淀区优质房源,两室一厅,192.3,451.76,20层/共29层,2020年,1002,2025-12-24 21:48:37,2416,南北通透,https://example.com/house/12063
昌平区,昌平区86号院25号楼9单元84室,三室一厅 昌平区优质房源,三室两厅,149.3,205.87,15层/共33层,1994年,1006,2025-08-21 21:48:37,2483,精装修,https://example.com/house/12064
西城区,西城区38号院22号楼14单元1室,四室两厅 西城区优质房源,一室一厅,162.8,1317.29,21层/共12层,2002年,1004,2025-05-12 21:48:37,2778,电梯房,https://example.com/house/12065
昌平区,昌平区44号院18号楼15单元84室,四室两厅 昌平区优质房源,四室两厅,175.0,266.07,14层/共27层,1990年,1006,2025-11-20 21:48:37,2340,带车位,https://example.com/house/12066
丰台区,丰台区72号院11号楼4单元45室,两室一厅 丰台区优质房源,三室一厅,76.4,351.79,11层/共16层,2015年,1003,2025-07-09 21:48:37,4398,带车位,https://example.com/house/12067
西城区,西城区68号院18号楼18单元77室,三室两厅 西城区优质房源,四室两厅,138.0,404.61,19层/共11层,2018年,1004,2025-09-08 21:48:37,4439,近地铁,https://example.com/house/12068
东城区,东城区21号院15号楼16单元43室,两室一厅 东城区优质房源,四室两厅,67.1,1108.55,23层/共16层,1995年,1005,2025-11-14 21:48:37,616,电梯房,https://example.com/house/12069
丰台区,丰台区8号院6号楼19单元56室,一室一厅 丰台区优质房源,三室两厅,103.0,358.1,27层/共28层,2001年,1003,2025-06-25 21:48:37,2925,学区房,https://example.com/house/12070
昌平区,昌平区54号院18号楼16单元68室,三室一厅 昌平区优质房源,两室一厅,85.9,947.94,22层/共18层,2013年,1006,2026-01-07 21:48:37,157,学区房,https://example.com/house/12071
海淀区,海淀区98号院24号楼8单元82室,两室两厅 海淀区优质房源,两室一厅,116.7,681.29,6层/共24层,1999年,1002,2025-06-04 21:48:37,3691,近地铁,https://example.com/house/12072
西城区,西城区8号院10号楼5单元90室,两室两厅 西城区优质房源,三室一厅,185.4,1097.05,23层/共28层,1992年,1004,2025-05-10 21:48:37,4904,学区房,https://example.com/house/12073
顺义区,顺义区78号院17号楼13单元80室,三室两厅 顺义区优质房源,三室一厅,195.3,823.4,16层/共32层,1994年,1007,2025-04-04 21:48:37,4618,南北通透,https://example.com/house/12074
海淀区,海淀区99号院15号楼6单元56室,三室两厅 海淀区优质房源,两室两厅,150.5,200.37,6层/共33层,1996年,1002,2025-06-29 21:48:37,1072,电梯房,https://example.com/house/12075
海淀区,海淀区21号院25号楼14单元69室,三室两厅 海淀区优质房源,一室一厅,174.8,1071.97,23层/共21层,1991年,1002,2026-01-23 21:48:37,3677,学区房,https://example.com/house/12076
海淀区,海淀区1号院27号楼3单元17室,四室两厅 海淀区优质房源,两室两厅,163.1,631.67,25层/共24层,2006年,1002,2025-03-29 21:48:37,1144,精装修,https://example.com/house/12077
东城区,东城区20号院11号楼12单元36室,两室一厅 东城区优质房源,一室一厅,128.5,1102.61,27层/共28层,2006年,1005,2025-12-12 21:48:37,2367,学区房,https://example.com/house/12078
西城区,西城区79号院14号楼1单元19室,四室两厅 西城区优质房源,一室一厅,70.8,441.81,7层/共15层,2005年,1004,2025-11-12 21:48:37,3244,南北通透,https://example.com/house/12079
昌平区,昌平区21号院7号楼16单元44室,三室一厅 昌平区优质房源,两室两厅,178.0,1314.17,33层/共17层,2015年,1006,2025-04-06 21:48:37,3533,近地铁,https://example.com/house/12080
朝阳区,朝阳区12号院2号楼2单元96室,三室两厅 朝阳区优质房源,两室两厅,94.0,959.9,7层/共18层,1996年,1001,2025-10-06 21:48:37,206,近地铁,https://example.com/house/12081
海淀区,海淀区84号院16号楼20单元66室,两室两厅 海淀区优质房源,两室一厅,55.6,294.07,26层/共22层,1992年,1002,2025-07-04 21:48:37,100,电梯房,https://example.com/house/12082
顺义区,顺义区67号院21号楼15单元96室,两室两厅 顺义区优质房源,三室一厅,159.6,579.94,32层/共33层,2003年,1007,2026-02-09 21:48:37,1424,南北通透,https://example.com/house/12083
丰台区,丰台区89号院13号楼16单元44室,三室两厅 丰台区优质房源,一室一厅,109.9,650.01,10层/共10层,1993年,1003,2026-02-25 21:48:37,3282,电梯房,https://example.com/house/12084
东城区,东城区94号院23号楼13单元52室,四室两厅 东城区优质房源,一室一厅,183.3,495.41,17层/共26层,2014年,1005,2025-05-09 21:48:37,2789,南北通透,https://example.com/house/12085
海淀区,海淀区17号院12号楼2单元16室,三室两厅 海淀区优质房源,四室两厅,189.6,1108.27,31层/共33层,2017年,1002,2025-10-19 21:48:37,2736,电梯房,https://example.com/house/12086
西城区,西城区12号院16号楼4单元44室,两室两厅 西城区优质房源,一室一厅,165.1,840.41,28层/共22层,2019年,1004,2025-06-18 21:48:37,4215,南北通透,https://example.com/house/12087
顺义区,顺义区68号院13号楼9单元62室,两室一厅 顺义区优质房源,四室两厅,68.9,696.92,32层/共23层,1992年,1007,2025-11-09 21:48:37,1119,学区房,https://example.com/house/12088
丰台区,丰台区31号院8号楼20单元16室,一室一厅 丰台区优质房源,两室一厅,143.5,1371.07,2层/共17层,2012年,1003,2025-04-10 21:48:37,4988,精装修,https://example.com/house/12089
昌平区,昌平区14号院19号楼10单元84室,两室一厅 昌平区优质房源,四室两厅,156.3,744.34,11层/共24层,1994年,1006,2025-09-09 21:48:37,2796,近地铁,https://example.com/house/12090
顺义区,顺义区68号院8号楼3单元85室,一室一厅 顺义区优质房源,两室两厅,181.8,502.83,27层/共21层,1993年,1007,2025-08-29 21:48:37,3938,电梯房,https://example.com/house/12091
顺义区,顺义区22号院28号楼13单元84室,三室两厅 顺义区优质房源,一室一厅,109.2,1271.15,31层/共28层,2008年,1007,2025-12-20 21:48:37,3151,学区房,https://example.com/house/12092
朝阳区,朝阳区3号院4号楼20单元3室,两室两厅 朝阳区优质房源,三室一厅,76.0,1330.81,28层/共30层,1993年,1001,2025-05-29 21:48:37,1819,学区房,https://example.com/house/12093
丰台区,丰台区59号院4号楼20单元86室,四室两厅 丰台区优质房源,两室一厅,94.8,1482.19,17层/共22层,2012年,1003,2025-09-27 21:48:37,2703,带车位,https://example.com/house/12094
西城区,西城区76号院4号楼3单元69室,三室一厅 西城区优质房源,两室两厅,58.5,240.33,29层/共23层,2008年,1004,2025-03-19 21:48:37,1075,带车位,https://example.com/house/12095
海淀区,海淀区63号院29号楼13单元39室,两室两厅 海淀区优质房源,三室一厅,194.1,1160.92,17层/共30层,1992年,1002,2025-10-06 21:48:37,2960,电梯房,https://example.com/house/12096
顺义区,顺义区70号院19号楼2单元28室,四室两厅 顺义区优质房源,两室两厅,169.4,1184.42,6层/共10层,2017年,1007,2025-03-20 21:48:37,2441,电梯房,https://example.com/house/12097
昌平区,昌平区91号院18号楼7单元79室,两室一厅 昌平区优质房源,一室一厅,132.7,1313.24,16层/共11层,2019年,1006,2025-10-06 21:48:37,2510,近地铁,https://example.com/house/12098
海淀区,海淀区73号院13号楼17单元52室,三室一厅 海淀区优质房源,两室两厅,175.5,677.62,12层/共27层,2015年,1002,2025-11-05 21:48:37,4227,南北通透,https://example.com/house/12099
顺义区,顺义区81号院3号楼3单元47室,一室一厅 顺义区优质房源,三室一厅,117.7,1467.88,7层/共26层,2002年,1007,2025-10-06 21:48:37,2725,南北通透,https://example.com/house/12100
海淀区,海淀区64号院6号楼7单元55室,一室一厅 海淀区优质房源,三室一厅,150.8,370.61,31层/共11层,2019年,1002,2025-05-22 21:48:37,4825,学区房,https://example.com/house/12101
西城区,西城区17号院19号楼12单元76室,两室两厅 西城区优质房源,三室一厅,109.3,1223.79,30层/共19层,2019年,1004,2026-02-01 21:48:37,2779,电梯房,https://example.com/house/12102
东城区,东城区53号院26号楼3单元24室,三室一厅 东城区优质房源,两室两厅,158.5,1454.71,1层/共30层,2015年,1005,2025-08-24 21:48:37,2641,电梯房,https://example.com/house/12103
西城区,西城区29号院25号楼4单元2室,三室一厅 西城区优质房源,两室两厅,178.9,442.94,4层/共24层,2014年,1004,2025-07-26 21:48:37,3276,近地铁,https://example.com/house/12104
朝阳区,朝阳区41号院26号楼11单元17室,三室两厅 朝阳区优质房源,两室一厅,67.0,1228.71,17层/共31层,2003年,1001,2025-10-15 21:48:37,3270,电梯房,https://example.com/house/12105
海淀区,海淀区46号院26号楼11单元80室,两室一厅 海淀区优质房源,三室一厅,59.9,353.95,19层/共20层,2001年,1002,2025-12-19 21:48:37,4106,电梯房,https://example.com/house/12106
昌平区,昌平区52号院3号楼7单元30室,两室两厅 昌平区优质房源,三室两厅,72.7,542.88,1层/共33层,2010年,1006,2025-11-19 21:48:37,4944,电梯房,https://example.com/house/12107
海淀区,海淀区73号院4号楼20单元75室,三室两厅 海淀区优质房源,四室两厅,181.0,898.97,14层/共14层,2008年,1002,2026-02-19 21:48:37,322,带车位,https://example.com/house/12108
海淀区,海淀区46号院7号楼16单元41室,两室一厅 海淀区优质房源,三室两厅,136.8,952.54,28层/共11层,1996年,1002,2025-07-14 21:48:37,4921,带车位,https://example.com/house/12109
海淀区,海淀区61号院19号楼17单元86室,两室两厅 海淀区优质房源,两室两厅,150.3,746.92,18层/共29层,2014年,1002,2025-08-13 21:48:37,1444,带车位,https://example.com/house/12110
东城区,东城区12号院22号楼10单元68室,两室一厅 东城区优质房源,三室两厅,197.4,656.55,31层/共31层,2006年,1005,2025-04-08 21:48:37,1546,带车位,https://example.com/house/12111
海淀区,海淀区93号院29号楼6单元93室,四室两厅 海淀区优质房源,一室一厅,73.5,504.88,22层/共17层,2001年,1002,2025-06-23 21:48:37,1286,南北通透,https://example.com/house/12112
昌平区,昌平区68号院28号楼5单元46室,四室两厅 昌平区优质房源,两室一厅,139.0,1066.13,6层/共15层,2006年,1006,2025-06-07 21:48:37,3622,近地铁,https://example.com/house/12113
昌平区,昌平区52号院19号楼4单元91室,三室一厅 昌平区优质房源,两室两厅,177.0,1210.24,4层/共20层,2015年,1006,2025-05-13 21:48:37,412,带车位,https://example.com/house/12114
顺义区,顺义区10号院30号楼17单元99室,两室一厅 顺义区优质房源,三室一厅,57.6,1060.79,8层/共23层,1996年,1007,2025-09-27 21:48:37,4827,电梯房,https://example.com/house/12115
海淀区,海淀区51号院9号楼16单元56室,三室一厅 海淀区优质房源,四室两厅,103.4,1118.91,27层/共19层,2013年,1002,2025-10-25 21:48:37,273,学区房,https://example.com/house/12116
丰台区,丰台区64号院4号楼2单元70室,两室两厅 丰台区优质房源,两室两厅,74.7,1374.92,27层/共20层,2015年,1003,2025-11-02 21:48:37,334,带车位,https://example.com/house/12117
东城区,东城区39号院24号楼3单元44室,两室两厅 东城区优质房源,三室两厅,65.3,727.19,5层/共19层,2014年,1005,2026-02-24 21:48:37,3927,近地铁,https://example.com/house/12118
东城区,东城区36号院12号楼1单元12室,两室两厅 东城区优质房源,四室两厅,182.8,462.1,16层/共21层,1999年,1005,2025-11-14 21:48:37,4889,带车位,https://example.com/house/12119
昌平区,昌平区46号院24号楼20单元89室,两室一厅 昌平区优质房源,两室一厅,164.1,1132.39,28层/共14层,2002年,1006,2025-10-28 21:48:37,2237,精装修,https://example.com/house/12120
朝阳区,朝阳区84号院3号楼11单元2室,四室两厅 朝阳区优质房源,四室两厅,119.1,941.31,23层/共29层,1994年,1001,2026-02-28 21:48:37,3702,学区房,https://example.com/house/12121
丰台区,丰台区3号院30号楼6单元55室,三室两厅 丰台区优质房源,两室两厅,56.9,791.93,31层/共14层,1993年,1003,2025-04-20 21:48:37,766,南北通透,https://example.com/house/12122
丰台区,丰台区53号院10号楼4单元40室,三室两厅 丰台区优质房源,一室一厅,115.3,695.48,6层/共30层,2011年,1003,2025-03-25 21:48:37,548,近地铁,https://example.com/house/12123
海淀区,海淀区30号院7号楼18单元85室,一室一厅 海淀区优质房源,一室一厅,155.8,293.49,9层/共10层,2006年,1002,2025-09-18 21:48:37,3920,电梯房,https://example.com/house/12124
海淀区,海淀区84号院10号楼17单元90室,三室两厅 海淀区优质房源,三室一厅,123.2,1243.64,32层/共20层,1991年,1002,2025-04-06 21:48:37,2166,南北通透,https://example.com/house/12125
海淀区,海淀区68号院16号楼16单元53室,四室两厅 海淀区优质房源,三室两厅,97.8,918.65,33层/共28层,2010年,1002,2025-04-29 21:48:37,4233,带车位,https://example.com/house/12126
顺义区,顺义区83号院1号楼6单元76室,四室两厅 顺义区优质房源,一室一厅,154.6,702.6,22层/共28层,2003年,1007,2025-07-19 21:48:37,1840,带车位,https://example.com/house/12127
顺义区,顺义区42号院19号楼3单元81室,一室一厅 顺义区优质房源,三室一厅,71.8,733.61,22层/共27层,1991年,1007,2026-02-07 21:48:37,2107,南北通透,https://example.com/house/12128
海淀区,海淀区32号院17号楼15单元84室,三室一厅 海淀区优质房源,三室两厅,150.9,218.65,10层/共27层,2010年,1002,2026-01-16 21:48:37,3571,南北通透,https://example.com/house/12129
顺义区,顺义区89号院2号楼11单元63室,四室两厅 顺义区优质房源,两室一厅,185.5,910.12,18层/共18层,1995年,1007,2025-04-06 21:48:37,242,南北通透,https://example.com/house/12130
顺义区,顺义区91号院22号楼5单元92室,四室两厅 顺义区优质房源,两室一厅,114.3,611.59,8层/共16层,2006年,1007,2025-03-29 21:48:37,3515,电梯房,https://example.com/house/12131
西城区,西城区61号院9号楼4单元68室,两室一厅 西城区优质房源,两室两厅,126.9,889.59,6层/共11层,2003年,1004,2025-11-19 21:48:37,1181,电梯房,https://example.com/house/12132
东城区,东城区92号院20号楼3单元97室,三室两厅 东城区优质房源,四室两厅,108.2,1030.76,22层/共32层,2020年,1005,2025-07-04 21:48:37,1587,电梯房,https://example.com/house/12133
东城区,东城区6号院14号楼16单元94室,两室一厅 东城区优质房源,两室一厅,159.5,292.21,10层/共22层,1998年,1005,2025-10-18 21:48:37,628,电梯房,https://example.com/house/12134
朝阳区,朝阳区13号院29号楼13单元71室,四室两厅 朝阳区优质房源,一室一厅,107.8,1225.38,20层/共16层,2008年,1001,2025-06-19 21:48:37,615,近地铁,https://example.com/house/12135
顺义区,顺义区37号院27号楼12单元62室,两室一厅 顺义区优质房源,四室两厅,143.4,1046.9,3层/共30层,2003年,1007,2025-07-29 21:48:37,2743,电梯房,https://example.com/house/12136
西城区,西城区23号院3号楼16单元20室,两室两厅 西城区优质房源,两室两厅,112.8,365.39,20层/共10层,2002年,1004,2026-02-20 21:48:37,4080,学区房,https://example.com/house/12137
丰台区,丰台区64号院23号楼8单元94室,两室一厅 丰台区优质房源,三室一厅,95.6,1475.96,5层/共29层,1997年,1003,2025-11-25 21:48:37,2121,精装修,https://example.com/house/12138
丰台区,丰台区70号院22号楼15单元8室,三室两厅 丰台区优质房源,三室一厅,185.1,1365.34,14层/共22层,2003年,1003,2025-12-21 21:48:37,1928,学区房,https://example.com/house/12139
海淀区,海淀区2号院25号楼20单元82室,四室两厅 海淀区优质房源,一室一厅,178.9,455.76,25层/共30层,1995年,1002,2025-09-14 21:48:37,4759,精装修,https://example.com/house/12140
顺义区,顺义区74号院16号楼9单元24室,三室一厅 顺义区优质房源,三室两厅,159.9,1475.84,12层/共18层,2019年,1007,2025-05-22 21:48:37,4919,近地铁,https://example.com/house/12141
昌平区,昌平区59号院8号楼20单元77室,三室一厅 昌平区优质房源,四室两厅,151.5,487.96,2层/共15层,2002年,1006,2025-05-28 21:48:37,4433,南北通透,https://example.com/house/12142
东城区,东城区83号院26号楼11单元77室,两室一厅 东城区优质房源,两室一厅,61.7,899.01,18层/共11层,2020年,1005,2025-10-10 21:48:37,2088,精装修,https://example.com/house/12143
西城区,西城区87号院7号楼9单元9室,一室一厅 西城区优质房源,三室一厅,117.3,1470.0,18层/共23层,2014年,1004,2026-03-01 21:48:37,4736,电梯房,https://example.com/house/12144
东城区,东城区42号院15号楼16单元5室,四室两厅 东城区优质房源,三室一厅,64.8,541.36,24层/共32层,1996年,1005,2025-05-11 21:48:37,1014,带车位,https://example.com/house/12145
东城区,东城区70号院13号楼10单元4室,三室两厅 东城区优质房源,两室一厅,162.5,1004.01,16层/共20层,2001年,1005,2025-11-26 21:48:37,1052,近地铁,https://example.com/house/12146
丰台区,丰台区81号院29号楼3单元58室,两室两厅 丰台区优质房源,三室两厅,156.7,262.9,17层/共21层,2005年,1003,2025-04-01 21:48:37,4616,南北通透,https://example.com/house/12147
朝阳区,朝阳区40号院6号楼19单元88室,四室两厅 朝阳区优质房源,三室两厅,125.7,1269.84,23层/共30层,2009年,1001,2026-03-08 21:48:37,161,学区房,https://example.com/house/12148
东城区,东城区57号院15号楼2单元31室,两室一厅 东城区优质房源,三室一厅,85.8,1043.09,4层/共10层,2010年,1005,2025-03-22 21:48:37,3143,近地铁,https://example.com/house/12149
朝阳区,朝阳区61号院7号楼10单元35室,一室一厅 朝阳区优质房源,三室一厅,168.8,408.94,23层/共29层,2005年,1001,2025-10-31 21:48:37,2771,近地铁,https://example.com/house/12150
顺义区,顺义区7号院15号楼12单元3室,三室一厅 顺义区优质房源,两室一厅,88.6,1158.69,15层/共17层,2014年,1007,2025-04-24 21:48:37,4117,电梯房,https://example.com/house/12151
海淀区,海淀区67号院6号楼18单元83室,四室两厅 海淀区优质房源,三室一厅,122.5,579.7,15层/共10层,2000年,1002,2025-06-26 21:48:37,3184,南北通透,https://example.com/house/12152
东城区,东城区11号院30号楼1单元24室,三室两厅 东城区优质房源,两室两厅,125.5,514.5,9层/共13层,2010年,1005,2025-03-22 21:48:37,4200,南北通透,https://example.com/house/12153
丰台区,丰台区51号院5号楼12单元33室,三室一厅 丰台区优质房源,三室两厅,51.7,1028.55,17层/共19层,1997年,1003,2025-05-15 21:48:37,1107,电梯房,https://example.com/house/12154
海淀区,海淀区62号院27号楼17单元39室,三室两厅 海淀区优质房源,两室一厅,124.6,809.37,9层/共16层,2010年,1002,2025-08-07 21:48:37,1246,南北通透,https://example.com/house/12155
海淀区,海淀区85号院6号楼3单元8室,两室两厅 海淀区优质房源,三室两厅,187.1,700.41,15层/共32层,2012年,1002,2026-02-19 21:48:37,2718,电梯房,https://example.com/house/12156
昌平区,昌平区72号院4号楼8单元6室,三室两厅 昌平区优质房源,三室两厅,108.4,928.5,4层/共30层,2006年,1006,2025-11-02 21:48:37,1146,近地铁,https://example.com/house/12157
顺义区,顺义区74号院19号楼5单元33室,三室两厅 顺义区优质房源,两室一厅,152.5,615.37,10层/共17层,1999年,1007,2026-01-23 21:48:37,4282,精装修,https://example.com/house/12158
丰台区,丰台区32号院21号楼10单元57室,一室一厅 丰台区优质房源,两室一厅,166.5,844.23,11层/共13层,2018年,1003,2025-04-19 21:48:37,4915,近地铁,https://example.com/house/12159
海淀区,海淀区40号院26号楼8单元45室,四室两厅 海淀区优质房源,两室一厅,69.2,1469.15,22层/共29层,1992年,1002,2025-08-03 21:48:37,2738,电梯房,https://example.com/house/12160
丰台区,丰台区14号院9号楼20单元74室,三室两厅 丰台区优质房源,四室两厅,69.3,385.38,33层/共11层,2005年,1003,2025-08-08 21:48:37,662,学区房,https://example.com/house/12161
海淀区,海淀区8号院24号楼4单元71室,一室一厅 海淀区优质房源,一室一厅,102.7,1428.02,30层/共33层,1999年,1002,2025-06-19 21:48:37,3477,电梯房,https://example.com/house/12162
朝阳区,朝阳区63号院13号楼16单元94室,一室一厅 朝阳区优质房源,两室一厅,124.2,621.29,33层/共20层,1998年,1001,2026-02-24 21:48:37,350,南北通透,https://example.com/house/12163
顺义区,顺义区95号院24号楼20单元80室,三室一厅 顺义区优质房源,四室两厅,56.2,543.12,23层/共33层,2008年,1007,2025-12-05 21:48:37,1271,带车位,https://example.com/house/12164
丰台区,丰台区89号院10号楼7单元61室,两室两厅 丰台区优质房源,三室两厅,147.6,1219.54,22层/共11层,2001年,1003,2025-05-01 21:48:37,2225,带车位,https://example.com/house/12165
西城区,西城区22号院25号楼1单元37室,三室两厅 西城区优质房源,两室两厅,147.9,467.36,8层/共17层,1990年,1004,2025-08-25 21:48:37,1577,电梯房,https://example.com/house/12166
西城区,西城区15号院28号楼5单元37室,四室两厅 西城区优质房源,四室两厅,185.3,993.04,24层/共31层,1993年,1004,2025-06-29 21:48:37,1173,带车位,https://example.com/house/12167
东城区,东城区21号院13号楼2单元62室,两室两厅 东城区优质房源,三室一厅,138.4,647.68,11层/共12层,2008年,1005,2026-01-17 21:48:37,3677,带车位,https://example.com/house/12168
西城区,西城区41号院23号楼11单元72室,两室两厅 西城区优质房源,两室一厅,117.4,1413.64,19层/共21层,1991年,1004,2025-12-16 21:48:37,1503,精装修,https://example.com/house/12169
海淀区,海淀区82号院29号楼18单元61室,三室两厅 海淀区优质房源,一室一厅,145.1,639.41,10层/共33层,2020年,1002,2026-02-05 21:48:37,2280,电梯房,https://example.com/house/12170
海淀区,海淀区38号院23号楼14单元85室,两室一厅 海淀区优质房源,三室两厅,77.3,1013.86,19层/共30层,2010年,1002,2025-04-25 21:48:37,2539,精装修,https://example.com/house/12171
昌平区,昌平区97号院6号楼15单元80室,两室一厅 昌平区优质房源,两室一厅,98.6,267.87,17层/共23层,1999年,1006,2026-01-30 21:48:37,4796,带车位,https://example.com/house/12172
东城区,东城区55号院22号楼16单元43室,一室一厅 东城区优质房源,两室两厅,139.2,1318.67,3层/共31层,2013年,1005,2025-11-15 21:48:37,3478,电梯房,https://example.com/house/12173
东城区,东城区97号院24号楼12单元89室,三室两厅 东城区优质房源,四室两厅,137.4,606.62,15层/共17层,2017年,1005,2025-09-13 21:48:37,1243,学区房,https://example.com/house/12174
东城区,东城区60号院6号楼2单元3室,三室两厅 东城区优质房源,一室一厅,68.8,1440.98,28层/共31层,2004年,1005,2026-01-08 21:48:37,3112,学区房,https://example.com/house/12175
东城区,东城区1号院7号楼6单元13室,四室两厅 东城区优质房源,两室一厅,173.8,1213.63,19层/共14层,1991年,1005,2025-08-17 21:48:37,2140,学区房,https://example.com/house/12176
丰台区,丰台区78号院23号楼9单元28室,一室一厅 丰台区优质房源,三室两厅,59.4,644.04,9层/共11层,1998年,1003,2025-05-27 21:48:37,89,南北通透,https://example.com/house/12177
丰台区,丰台区74号院28号楼7单元57室,两室一厅 丰台区优质房源,三室两厅,174.9,1223.43,20层/共31层,2001年,1003,2025-10-17 21:48:37,402,带车位,https://example.com/house/12178
东城区,东城区43号院5号楼15单元71室,三室两厅 东城区优质房源,一室一厅,65.1,964.91,20层/共16层,2005年,1005,2026-01-27 21:48:37,3246,精装修,https://example.com/house/12179
东城区,东城区98号院30号楼5单元12室,两室两厅 东城区优质房源,一室一厅,169.5,327.01,28层/共15层,2005年,1005,2025-11-19 21:48:37,2550,电梯房,https://example.com/house/12180
昌平区,昌平区55号院22号楼19单元6室,三室两厅 昌平区优质房源,四室两厅,199.6,1290.1,23层/共13层,2010年,1006,2026-01-14 21:48:37,2218,精装修,https://example.com/house/12181
海淀区,海淀区77号院28号楼4单元12室,四室两厅 海淀区优质房源,两室两厅,147.9,1024.02,9层/共19层,2018年,1002,2025-06-14 21:48:37,4775,近地铁,https://example.com/house/12182
昌平区,昌平区89号院25号楼7单元58室,三室两厅 昌平区优质房源,三室两厅,199.1,832.87,33层/共24层,1996年,1006,2025-06-27 21:48:37,432,南北通透,https://example.com/house/12183
西城区,西城区59号院22号楼18单元35室,两室两厅 西城区优质房源,四室两厅,116.3,1364.45,15层/共15层,2011年,1004,2025-11-11 21:48:37,1027,电梯房,https://example.com/house/12184
西城区,西城区61号院25号楼10单元78室,两室一厅 西城区优质房源,三室一厅,72.0,1399.77,23层/共29层,2010年,1004,2026-01-05 21:48:37,2020,带车位,https://example.com/house/12185
西城区,西城区79号院21号楼16单元60室,三室一厅 西城区优质房源,四室两厅,129.3,277.23,2层/共33层,1992年,1004,2025-08-22 21:48:37,3076,近地铁,https://example.com/house/12186
海淀区,海淀区29号院3号楼3单元48室,一室一厅 海淀区优质房源,三室两厅,134.7,675.14,6层/共25层,1997年,1002,2025-09-02 21:48:37,2667,电梯房,https://example.com/house/12187
顺义区,顺义区49号院29号楼7单元68室,三室两厅 顺义区优质房源,一室一厅,110.3,742.66,8层/共33层,2020年,1007,2025-05-21 21:48:37,4170,电梯房,https://example.com/house/12188
昌平区,昌平区31号院25号楼9单元66室,一室一厅 昌平区优质房源,三室一厅,150.8,631.02,5层/共18层,1997年,1006,2025-10-23 21:48:37,979,精装修,https://example.com/house/12189
西城区,西城区20号院10号楼2单元30室,两室一厅 西城区优质房源,三室一厅,158.8,1068.1,9层/共28层,1996年,1004,2025-03-16 21:48:37,713,精装修,https://example.com/house/12190
东城区,东城区34号院22号楼10单元44室,三室两厅 东城区优质房源,两室两厅,80.3,626.79,10层/共24层,1993年,1005,2025-10-06 21:48:37,4137,精装修,https://example.com/house/12191
顺义区,顺义区68号院20号楼20单元66室,三室一厅 顺义区优质房源,两室两厅,51.6,1484.02,29层/共32层,2011年,1007,2025-05-08 21:48:37,4289,南北通透,https://example.com/house/12192
顺义区,顺义区85号院13号楼20单元44室,四室两厅 顺义区优质房源,三室两厅,170.9,1295.46,3层/共30层,2001年,1007,2025-09-08 21:48:37,3445,学区房,https://example.com/house/12193
西城区,西城区91号院25号楼15单元64室,四室两厅 西城区优质房源,一室一厅,172.4,1183.22,31层/共28层,2017年,1004,2026-01-12 21:48:37,4592,南北通透,https://example.com/house/12194
西城区,西城区7号院12号楼4单元67室,两室一厅 西城区优质房源,两室两厅,59.1,609.2,21层/共19层,2008年,1004,2026-01-25 21:48:37,2331,学区房,https://example.com/house/12195
海淀区,海淀区16号院24号楼6单元25室,三室一厅 海淀区优质房源,两室一厅,150.2,1117.43,14层/共21层,2004年,1002,2025-10-31 21:48:37,1592,近地铁,https://example.com/house/12196
顺义区,顺义区82号院24号楼20单元80室,两室一厅 顺义区优质房源,三室一厅,132.4,1082.67,11层/共18层,2000年,1007,2026-02-12 21:48:37,2465,带车位,https://example.com/house/12197
丰台区,丰台区59号院25号楼11单元71室,三室两厅 丰台区优质房源,一室一厅,194.4,1040.72,19层/共32层,1997年,1003,2025-09-13 21:48:37,801,精装修,https://example.com/house/12198
昌平区,昌平区3号院3号楼20单元91室,四室两厅 昌平区优质房源,两室一厅,58.9,340.54,26层/共25层,2008年,1006,2025-10-09 21:48:37,4335,近地铁,https://example.com/house/12199
丰台区,丰台区49号院28号楼2单元70室,一室一厅 丰台区优质房源,三室一厅,122.5,637.82,6层/共28层,2006年,1003,2026-01-31 21:48:37,3396,近地铁,https://example.com/house/12200
丰台区,丰台区8号院12号楼18单元78室,一室一厅 丰台区优质房源,三室两厅,142.1,1369.15,6层/共10层,2002年,1003,2025-08-03 21:48:37,2985,精装修,https://example.com/house/12201
顺义区,顺义区76号院13号楼5单元78室,三室一厅 顺义区优质房源,四室两厅,171.1,1479.02,28层/共12层,1999年,1007,2025-11-11 21:48:37,2341,近地铁,https://example.com/house/12202
西城区,西城区44号院16号楼12单元31室,两室一厅 西城区优质房源,两室两厅,180.7,561.05,7层/共21层,1998年,1004,2025-05-23 21:48:37,3899,近地铁,https://example.com/house/12203
西城区,西城区54号院10号楼18单元35室,两室一厅 西城区优质房源,三室两厅,165.7,1031.56,8层/共13层,2019年,1004,2025-08-17 21:48:37,2795,带车位,https://example.com/house/12204
昌平区,昌平区73号院23号楼17单元37室,三室两厅 昌平区优质房源,三室两厅,140.0,1428.22,27层/共15层,1997年,1006,2026-03-05 21:48:37,4515,学区房,https://example.com/house/12205
顺义区,顺义区50号院4号楼17单元96室,三室一厅 顺义区优质房源,两室一厅,52.3,951.11,31层/共26层,2006年,1007,2026-01-29 21:48:37,2871,学区房,https://example.com/house/12206
海淀区,海淀区41号院1号楼5单元37室,四室两厅 海淀区优质房源,两室一厅,137.1,1264.8,2层/共33层,2002年,1002,2025-11-25 21:48:37,1367,电梯房,https://example.com/house/12207
顺义区,顺义区51号院3号楼3单元65室,两室一厅 顺义区优质房源,两室两厅,93.6,271.44,14层/共12层,1990年,1007,2025-04-20 21:48:37,321,带车位,https://example.com/house/12208
朝阳区,朝阳区47号院21号楼7单元45室,四室两厅 朝阳区优质房源,三室两厅,67.2,753.13,12层/共13层,2007年,1001,2025-07-30 21:48:37,715,带车位,https://example.com/house/12209
海淀区,海淀区11号院18号楼1单元69室,两室一厅 海淀区优质房源,两室一厅,51.8,1485.64,22层/共33层,1991年,1002,2025-03-29 21:48:37,3767,精装修,https://example.com/house/12210
海淀区,海淀区50号院30号楼13单元4室,两室一厅 海淀区优质房源,三室两厅,70.4,1204.83,6层/共28层,2016年,1002,2025-12-05 21:48:37,2036,带车位,https://example.com/house/12211
海淀区,海淀区17号院9号楼12单元13室,三室两厅 海淀区优质房源,四室两厅,77.3,1039.95,27层/共15层,1999年,1002,2025-06-23 21:48:37,3444,南北通透,https://example.com/house/12212
昌平区,昌平区3号院7号楼8单元34室,三室两厅 昌平区优质房源,两室两厅,90.5,1221.28,21层/共20层,1995年,1006,2026-01-26 21:48:37,2552,南北通透,https://example.com/house/12213
海淀区,海淀区34号院11号楼14单元76室,两室一厅 海淀区优质房源,两室一厅,189.6,1368.65,27层/共16层,2018年,1002,2025-12-18 21:48:37,2409,南北通透,https://example.com/house/12214
昌平区,昌平区12号院18号楼13单元8室,三室两厅 昌平区优质房源,四室两厅,78.8,432.55,28层/共32层,2012年,1006,2025-04-15 21:48:37,4025,电梯房,https://example.com/house/12215
朝阳区,朝阳区50号院9号楼3单元62室,四室两厅 朝阳区优质房源,三室一厅,166.5,1342.55,4层/共26层,1991年,1001,2025-07-30 21:48:37,4647,近地铁,https://example.com/house/12216
西城区,西城区36号院15号楼9单元90室,三室两厅 西城区优质房源,四室两厅,106.2,625.85,21层/共19层,2013年,1004,2025-11-18 21:48:37,2154,带车位,https://example.com/house/12217
海淀区,海淀区84号院14号楼16单元6室,两室一厅 海淀区优质房源,两室一厅,168.9,1242.82,1层/共23层,1992年,1002,2025-06-11 21:48:37,3692,南北通透,https://example.com/house/12218
西城区,西城区19号院23号楼6单元50室,四室两厅 西城区优质房源,四室两厅,92.4,1267.85,4层/共22层,2006年,1004,2025-09-16 21:48:37,2746,南北通透,https://example.com/house/12219
朝阳区,朝阳区77号院17号楼8单元97室,两室两厅 朝阳区优质房源,两室两厅,89.4,490.81,5层/共21层,2002年,1001,2025-10-30 21:48:37,4227,南北通透,https://example.com/house/12220
海淀区,海淀区53号院14号楼17单元78室,两室两厅 海淀区优质房源,一室一厅,111.0,1377.38,27层/共26层,2001年,1002,2025-08-18 21:48:37,3482,电梯房,https://example.com/house/12221
昌平区,昌平区6号院15号楼19单元41室,一室一厅 昌平区优质房源,四室两厅,147.0,978.7,26层/共32层,2013年,1006,2025-12-14 21:48:37,1636,南北通透,https://example.com/house/12222
昌平区,昌平区61号院17号楼19单元31室,三室一厅 昌平区优质房源,四室两厅,65.4,1219.71,28层/共20层,1996年,1006,2026-02-13 21:48:37,2174,精装修,https://example.com/house/12223
顺义区,顺义区27号院16号楼16单元99室,两室一厅 顺义区优质房源,三室两厅,126.9,1457.66,33层/共24层,2006年,1007,2025-07-02 21:48:37,4108,学区房,https://example.com/house/12224
西城区,西城区50号院22号楼12单元4室,四室两厅 西城区优质房源,四室两厅,182.2,413.54,31层/共23层,2014年,1004,2025-10-05 21:48:37,3968,电梯房,https://example.com/house/12225
朝阳区,朝阳区99号院19号楼15单元39室,三室两厅 朝阳区优质房源,三室一厅,62.1,1188.15,2层/共28层,2007年,1001,2026-02-01 21:48:37,2259,带车位,https://example.com/house/12226
朝阳区,朝阳区87号院8号楼5单元11室,四室两厅 朝阳区优质房源,两室两厅,93.2,967.57,2层/共15层,1997年,1001,2025-04-25 21:48:37,1399,近地铁,https://example.com/house/12227
丰台区,丰台区80号院2号楼9单元54室,三室一厅 丰台区优质房源,一室一厅,116.0,317.78,25层/共18层,2001年,1003,2025-03-15 21:48:37,3404,近地铁,https://example.com/house/12228
西城区,西城区49号院6号楼10单元50室,两室一厅 西城区优质房源,两室一厅,191.2,1213.94,20层/共27层,1992年,1004,2026-01-21 21:48:37,197,电梯房,https://example.com/house/12229
顺义区,顺义区66号院3号楼17单元50室,一室一厅 顺义区优质房源,三室两厅,184.6,961.04,26层/共20层,2008年,1007,2025-08-08 21:48:37,621,电梯房,https://example.com/house/12230
西城区,西城区62号院25号楼3单元94室,两室两厅 西城区优质房源,两室两厅,190.1,1111.44,20层/共28层,2003年,1004,2025-08-17 21:48:37,627,精装修,https://example.com/house/12231
朝阳区,朝阳区52号院4号楼5单元31室,四室两厅 朝阳区优质房源,四室两厅,192.5,216.46,25层/共26层,1992年,1001,2025-07-26 21:48:37,370,带车位,https://example.com/house/12232
丰台区,丰台区43号院14号楼8单元91室,三室两厅 丰台区优质房源,两室两厅,106.6,308.45,5层/共16层,2002年,1003,2025-10-28 21:48:37,1401,南北通透,https://example.com/house/12233
丰台区,丰台区50号院18号楼3单元6室,两室一厅 丰台区优质房源,三室两厅,150.8,1431.51,12层/共15层,2002年,1003,2025-10-20 21:48:37,3397,学区房,https://example.com/house/12234
顺义区,顺义区44号院25号楼6单元78室,两室两厅 顺义区优质房源,两室一厅,76.0,1032.4,24层/共31层,2015年,1007,2025-09-14 21:48:37,4032,南北通透,https://example.com/house/12235
西城区,西城区91号院12号楼16单元30室,两室一厅 西城区优质房源,两室一厅,62.4,1254.74,15层/共29层,2010年,1004,2025-05-29 21:48:37,1824,学区房,https://example.com/house/12236
朝阳区,朝阳区96号院12号楼12单元1室,四室两厅 朝阳区优质房源,两室两厅,159.3,1179.07,20层/共30层,2001年,1001,2026-02-18 21:48:37,1382,带车位,https://example.com/house/12237
西城区,西城区93号院8号楼11单元68室,三室一厅 西城区优质房源,两室两厅,73.7,962.89,9层/共23层,2012年,1004,2025-05-20 21:48:37,4166,电梯房,https://example.com/house/12238
东城区,东城区80号院11号楼9单元98室,两室两厅 东城区优质房源,三室一厅,104.3,540.0,30层/共19层,1998年,1005,2025-08-25 21:48:37,410,近地铁,https://example.com/house/12239
海淀区,海淀区59号院20号楼17单元31室,四室两厅 海淀区优质房源,两室两厅,67.7,875.23,3层/共30层,2011年,1002,2025-04-28 21:48:37,2504,学区房,https://example.com/house/12240
朝阳区,朝阳区73号院12号楼14单元47室,三室两厅 朝阳区优质房源,一室一厅,140.6,1406.25,21层/共28层,1990年,1001,2025-12-17 21:48:37,950,近地铁,https://example.com/house/12241
海淀区,海淀区73号院26号楼6单元87室,两室两厅 海淀区优质房源,三室一厅,175.8,1190.25,11层/共22层,1996年,1002,2025-07-22 21:48:37,1537,电梯房,https://example.com/house/12242
东城区,东城区75号院28号楼15单元3室,三室一厅 东城区优质房源,三室一厅,190.5,1103.96,28层/共29层,2008年,1005,2025-07-18 21:48:37,2712,带车位,https://example.com/house/12243
海淀区,海淀区73号院11号楼18单元27室,一室一厅 海淀区优质房源,一室一厅,127.0,407.51,3层/共31层,1993年,1002,2025-09-29 21:48:37,3883,精装修,https://example.com/house/12244
顺义区,顺义区2号院4号楼12单元19室,两室一厅 顺义区优质房源,四室两厅,189.3,243.12,2层/共32层,2001年,1007,2026-01-02 21:48:37,1525,近地铁,https://example.com/house/12245
西城区,西城区17号院6号楼16单元28室,四室两厅 西城区优质房源,三室两厅,67.8,489.05,10层/共24层,2011年,1004,2025-11-09 21:48:37,1884,近地铁,https://example.com/house/12246
朝阳区,朝阳区15号院30号楼19单元71室,一室一厅 朝阳区优质房源,三室一厅,104.0,579.52,24层/共27层,1996年,1001,2026-03-01 21:48:37,2866,近地铁,https://example.com/house/12247
海淀区,海淀区15号院23号楼16单元61室,三室两厅 海淀区优质房源,四室两厅,150.6,547.83,9层/共27层,2004年,1002,2025-04-06 21:48:37,1671,电梯房,https://example.com/house/12248
顺义区,顺义区39号院23号楼4单元62室,两室一厅 顺义区优质房源,两室一厅,74.6,391.49,33层/共28层,2019年,1007,2025-07-06 21:48:37,63,电梯房,https://example.com/house/12249
丰台区,丰台区98号院28号楼4单元91室,一室一厅 丰台区优质房源,三室两厅,90.0,914.34,25层/共24层,2000年,1003,2025-03-16 21:48:37,2418,电梯房,https://example.com/house/12250
昌平区,昌平区74号院8号楼19单元79室,一室一厅 昌平区优质房源,两室一厅,75.9,1122.06,4层/共18层,2014年,1006,2026-01-30 21:48:37,2263,带车位,https://example.com/house/12251
东城区,东城区43号院12号楼14单元45室,三室两厅 东城区优质房源,三室两厅,158.9,1353.15,13层/共21层,2009年,1005,2026-02-25 21:48:37,4296,电梯房,https://example.com/house/12252
昌平区,昌平区67号院1号楼12单元84室,四室两厅 昌平区优质房源,两室一厅,108.9,720.89,18层/共23层,2020年,1006,2025-09-25 21:48:37,2944,精装修,https://example.com/house/12253
丰台区,丰台区25号院23号楼7单元57室,两室两厅 丰台区优质房源,两室一厅,139.8,541.98,1层/共13层,2000年,1003,2025-09-02 21:48:37,4454,近地铁,https://example.com/house/12254
西城区,西城区37号院22号楼5单元19室,三室一厅 西城区优质房源,两室两厅,188.2,434.92,25层/共21层,2016年,1004,2025-11-10 21:48:37,3743,精装修,https://example.com/house/12255
朝阳区,朝阳区58号院4号楼8单元15室,三室一厅 朝阳区优质房源,两室一厅,62.6,460.56,2层/共23层,2004年,1001,2026-01-01 21:48:37,1757,近地铁,https://example.com/house/12256
丰台区,丰台区20号院29号楼9单元83室,两室两厅 丰台区优质房源,三室一厅,105.0,433.89,14层/共14层,2012年,1003,2025-06-20 21:48:37,727,电梯房,https://example.com/house/12257
西城区,西城区14号院30号楼6单元85室,三室两厅 西城区优质房源,三室两厅,104.1,1117.16,20层/共17层,2016年,1004,2025-03-18 21:48:37,3897,带车位,https://example.com/house/12258
昌平区,昌平区81号院25号楼12单元93室,两室一厅 昌平区优质房源,两室两厅,60.2,929.94,20层/共22层,1996年,1006,2025-06-20 21:48:37,3234,南北通透,https://example.com/house/12259
西城区,西城区18号院8号楼18单元36室,三室两厅 西城区优质房源,两室两厅,197.5,331.98,5层/共19层,2005年,1004,2026-02-23 21:48:37,190,电梯房,https://example.com/house/12260
西城区,西城区1号院9号楼3单元22室,三室一厅 西城区优质房源,一室一厅,110.4,735.49,23层/共27层,1990年,1004,2025-04-22 21:48:37,3728,学区房,https://example.com/house/12261
海淀区,海淀区22号院26号楼9单元49室,三室一厅 海淀区优质房源,四室两厅,161.8,407.76,8层/共23层,1994年,1002,2025-09-25 21:48:37,2664,带车位,https://example.com/house/12262
西城区,西城区23号院20号楼6单元12室,四室两厅 西城区优质房源,两室一厅,143.0,705.57,27层/共30层,2011年,1004,2025-07-19 21:48:37,3527,电梯房,https://example.com/house/12263
丰台区,丰台区33号院22号楼10单元75室,三室两厅 丰台区优质房源,三室两厅,138.4,758.47,22层/共20层,2000年,1003,2026-02-13 21:48:37,4894,带车位,https://example.com/house/12264
西城区,西城区51号院11号楼15单元5室,三室一厅 西城区优质房源,三室两厅,188.3,390.01,7层/共17层,1992年,1004,2025-12-21 21:48:37,284,精装修,https://example.com/house/12265
顺义区,顺义区47号院15号楼2单元39室,三室一厅 顺义区优质房源,四室两厅,169.0,1288.5,17层/共31层,2004年,1007,2025-06-06 21:48:37,2263,南北通透,https://example.com/house/12266
朝阳区,朝阳区71号院10号楼5单元80室,三室两厅 朝阳区优质房源,三室两厅,181.5,946.12,23层/共17层,2011年,1001,2025-09-06 21:48:37,4427,学区房,https://example.com/house/12267
东城区,东城区89号院9号楼4单元59室,四室两厅 东城区优质房源,三室两厅,101.0,1417.98,22层/共31层,1997年,1005,2026-03-03 21:48:37,921,电梯房,https://example.com/house/12268
丰台区,丰台区16号院17号楼1单元95室,三室一厅 丰台区优质房源,两室一厅,185.4,1155.13,15层/共21层,2008年,1003,2025-07-19 21:48:37,614,精装修,https://example.com/house/12269
昌平区,昌平区38号院7号楼14单元41室,三室一厅 昌平区优质房源,三室两厅,199.1,521.25,32层/共33层,2008年,1006,2025-08-03 21:48:37,3026,南北通透,https://example.com/house/12270
西城区,西城区73号院20号楼14单元74室,四室两厅 西城区优质房源,三室一厅,64.9,425.28,18层/共18层,1996年,1004,2025-09-22 21:48:37,2515,电梯房,https://example.com/house/12271
西城区,西城区61号院27号楼8单元48室,四室两厅 西城区优质房源,两室两厅,68.0,615.04,21层/共16层,2004年,1004,2026-01-15 21:48:37,1458,电梯房,https://example.com/house/12272
顺义区,顺义区74号院29号楼4单元96室,三室两厅 顺义区优质房源,两室一厅,163.2,1339.59,27层/共16层,2012年,1007,2026-02-22 21:48:37,4045,近地铁,https://example.com/house/12273
西城区,西城区83号院23号楼10单元24室,三室两厅 西城区优质房源,三室两厅,167.2,1003.59,10层/共25层,1995年,1004,2025-05-11 21:48:37,3101,南北通透,https://example.com/house/12274
顺义区,顺义区38号院19号楼20单元65室,四室两厅 顺义区优质房源,一室一厅,115.4,527.63,20层/共29层,2004年,1007,2025-04-06 21:48:37,194,带车位,https://example.com/house/12275
西城区,西城区91号院20号楼4单元37室,两室两厅 西城区优质房源,两室一厅,60.1,587.2,20层/共21层,2010年,1004,2025-11-21 21:48:37,4563,电梯房,https://example.com/house/12276
丰台区,丰台区88号院27号楼5单元10室,一室一厅 丰台区优质房源,两室两厅,98.1,1099.7,16层/共26层,2009年,1003,2025-09-02 21:48:37,3700,精装修,https://example.com/house/12277
东城区,东城区62号院9号楼19单元60室,四室两厅 东城区优质房源,三室两厅,92.3,450.81,30层/共32层,1991年,1005,2025-12-11 21:48:37,1954,精装修,https://example.com/house/12278
东城区,东城区38号院11号楼10单元57室,一室一厅 东城区优质房源,三室两厅,63.9,1471.45,10层/共14层,2019年,1005,2025-04-20 21:48:37,3259,近地铁,https://example.com/house/12279
西城区,西城区53号院2号楼20单元70室,四室两厅 西城区优质房源,三室一厅,51.3,685.11,21层/共25层,2013年,1004,2025-10-16 21:48:37,567,近地铁,https://example.com/house/12280
朝阳区,朝阳区71号院5号楼6单元80室,三室两厅 朝阳区优质房源,三室两厅,174.5,663.79,29层/共19层,2004年,1001,2025-12-30 21:48:37,4631,精装修,https://example.com/house/12281
海淀区,海淀区25号院26号楼3单元23室,两室两厅 海淀区优质房源,四室两厅,145.3,774.14,16层/共21层,1992年,1002,2026-01-02 21:48:37,4487,电梯房,https://example.com/house/12282
西城区,西城区4号院22号楼3单元55室,三室两厅 西城区优质房源,两室两厅,83.1,202.34,30层/共21层,1991年,1004,2026-02-08 21:48:37,2181,精装修,https://example.com/house/12283
海淀区,海淀区46号院11号楼7单元47室,三室一厅 海淀区优质房源,一室一厅,188.9,1427.01,19层/共12层,2018年,1002,2025-10-07 21:48:37,1564,精装修,https://example.com/house/12284
朝阳区,朝阳区31号院5号楼2单元58室,两室两厅 朝阳区优质房源,四室两厅,175.9,1134.62,3层/共22层,1998年,1001,2026-01-13 21:48:37,2553,南北通透,https://example.com/house/12285
丰台区,丰台区52号院11号楼19单元76室,四室两厅 丰台区优质房源,四室两厅,89.1,890.84,18层/共30层,2015年,1003,2025-05-29 21:48:37,4615,学区房,https://example.com/house/12286
丰台区,丰台区80号院3号楼13单元71室,两室两厅 丰台区优质房源,两室一厅,170.4,814.06,21层/共14层,2017年,1003,2025-08-23 21:48:37,2580,近地铁,https://example.com/house/12287
海淀区,海淀区98号院22号楼5单元68室,三室两厅 海淀区优质房源,三室一厅,110.1,631.33,26层/共16层,1992年,1002,2025-03-18 21:48:37,3620,精装修,https://example.com/house/12288
东城区,东城区74号院27号楼1单元19室,三室两厅 东城区优质房源,两室两厅,89.9,720.75,10层/共21层,2010年,1005,2025-04-05 21:48:37,1009,电梯房,https://example.com/house/12289
西城区,西城区99号院15号楼16单元83室,两室两厅 西城区优质房源,三室两厅,68.1,417.72,31层/共16层,1997年,1004,2025-12-15 21:48:37,4829,电梯房,https://example.com/house/12290
丰台区,丰台区3号院8号楼1单元37室,一室一厅 丰台区优质房源,两室两厅,199.5,901.3,3层/共24层,2014年,1003,2025-06-11 21:48:37,572,南北通透,https://example.com/house/12291
东城区,东城区6号院29号楼7单元45室,两室一厅 东城区优质房源,四室两厅,53.0,597.83,13层/共15层,1991年,1005,2026-01-25 21:48:37,4829,电梯房,https://example.com/house/12292
东城区,东城区42号院21号楼1单元33室,三室一厅 东城区优质房源,一室一厅,94.9,605.33,7层/共23层,2012年,1005,2025-06-16 21:48:37,2940,带车位,https://example.com/house/12293
海淀区,海淀区49号院9号楼19单元71室,两室两厅 海淀区优质房源,两室两厅,125.8,577.66,9层/共33层,1991年,1002,2026-02-02 21:48:37,4515,近地铁,https://example.com/house/12294
顺义区,顺义区3号院7号楼20单元42室,两室两厅 顺义区优质房源,一室一厅,97.0,997.76,32层/共19层,2017年,1007,2025-11-27 21:48:37,2262,南北通透,https://example.com/house/12295
朝阳区,朝阳区30号院27号楼3单元79室,一室一厅 朝阳区优质房源,两室一厅,194.2,628.0,23层/共31层,2015年,1001,2025-12-06 21:48:37,2434,带车位,https://example.com/house/12296
顺义区,顺义区2号院13号楼14单元96室,两室两厅 顺义区优质房源,两室一厅,197.9,1093.11,19层/共17层,2004年,1007,2026-02-01 21:48:37,4481,学区房,https://example.com/house/12297
朝阳区,朝阳区74号院13号楼12单元14室,一室一厅 朝阳区优质房源,两室一厅,132.2,922.65,4层/共17层,2015年,1001,2025-09-05 21:48:37,2327,精装修,https://example.com/house/12298
东城区,东城区18号院12号楼19单元99室,一室一厅 东城区优质房源,三室一厅,152.5,1268.67,33层/共15层,2009年,1005,2025-12-25 21:48:37,3585,电梯房,https://example.com/house/12299
海淀区,海淀区92号院8号楼1单元89室,两室一厅 海淀区优质房源,三室两厅,150.9,512.55,11层/共11层,2014年,1002,2025-04-16 21:48:37,1908,带车位,https://example.com/house/12300
东城区,东城区82号院5号楼10单元21室,一室一厅 东城区优质房源,一室一厅,132.7,976.99,14层/共20层,2010年,1005,2025-12-24 21:48:37,475,学区房,https://example.com/house/12301
西城区,西城区72号院16号楼2单元70室,四室两厅 西城区优质房源,两室两厅,133.9,1084.12,28层/共18层,2008年,1004,2025-11-30 21:48:37,4982,带车位,https://example.com/house/12302
西城区,西城区83号院7号楼16单元74室,两室一厅 西城区优质房源,四室两厅,81.7,487.53,23层/共18层,2008年,1004,2026-02-10 21:48:37,3409,电梯房,https://example.com/house/12303
顺义区,顺义区72号院28号楼20单元48室,一室一厅 顺义区优质房源,三室一厅,148.7,1022.57,8层/共11层,1997年,1007,2025-04-27 21:48:37,4873,南北通透,https://example.com/house/12304
朝阳区,朝阳区41号院22号楼19单元15室,一室一厅 朝阳区优质房源,两室两厅,99.1,210.39,8层/共22层,2013年,1001,2026-02-16 21:48:37,530,南北通透,https://example.com/house/12305
丰台区,丰台区16号院14号楼6单元96室,两室一厅 丰台区优质房源,两室一厅,148.3,599.0,28层/共22层,1994年,1003,2025-06-09 21:48:37,2875,电梯房,https://example.com/house/12306
东城区,东城区67号院7号楼19单元20室,一室一厅 东城区优质房源,三室两厅,80.5,1194.06,28层/共27层,2003年,1005,2026-03-01 21:48:37,77,带车位,https://example.com/house/12307
昌平区,昌平区19号院17号楼8单元56室,四室两厅 昌平区优质房源,两室两厅,197.3,1323.88,9层/共11层,2005年,1006,2025-06-13 21:48:37,4723,电梯房,https://example.com/house/12308
顺义区,顺义区16号院29号楼19单元72室,四室两厅 顺义区优质房源,三室一厅,167.0,1191.24,15层/共22层,2003年,1007,2026-02-05 21:48:37,110,精装修,https://example.com/house/12309
昌平区,昌平区13号院14号楼1单元56室,三室两厅 昌平区优质房源,三室两厅,193.6,460.38,7层/共17层,2018年,1006,2025-05-22 21:48:37,831,学区房,https://example.com/house/12310
东城区,东城区78号院15号楼4单元44室,三室两厅 东城区优质房源,两室两厅,156.9,1359.75,22层/共30层,1998年,1005,2025-03-25 21:48:37,2510,学区房,https://example.com/house/12311
丰台区,丰台区44号院16号楼12单元65室,两室两厅 丰台区优质房源,两室一厅,178.9,1346.01,4层/共17层,2003年,1003,2025-06-29 21:48:37,2433,带车位,https://example.com/house/12312
朝阳区,朝阳区46号院12号楼19单元14室,四室两厅 朝阳区优质房源,两室一厅,80.2,1153.82,1层/共10层,2002年,1001,2025-04-30 21:48:37,2457,南北通透,https://example.com/house/12313
昌平区,昌平区45号院23号楼7单元75室,三室一厅 昌平区优质房源,三室一厅,132.6,1137.96,13层/共33层,2016年,1006,2026-01-20 21:48:37,745,学区房,https://example.com/house/12314
东城区,东城区95号院7号楼19单元79室,三室两厅 东城区优质房源,四室两厅,181.9,1287.58,13层/共10层,2002年,1005,2025-05-10 21:48:37,564,带车位,https://example.com/house/12315
东城区,东城区57号院25号楼13单元67室,两室一厅 东城区优质房源,三室两厅,176.7,1220.62,7层/共16层,2004年,1005,2025-08-06 21:48:37,2008,带车位,https://example.com/house/12316
顺义区,顺义区14号院23号楼8单元48室,四室两厅 顺义区优质房源,三室一厅,101.0,1380.53,31层/共16层,2003年,1007,2025-12-21 21:48:37,3820,精装修,https://example.com/house/12317
朝阳区,朝阳区62号院9号楼8单元85室,两室两厅 朝阳区优质房源,两室一厅,93.8,572.15,17层/共16层,2013年,1001,2025-11-06 21:48:37,546,南北通透,https://example.com/house/12318
朝阳区,朝阳区61号院1号楼7单元27室,四室两厅 朝阳区优质房源,一室一厅,151.1,896.41,32层/共10层,2016年,1001,2025-06-24 21:48:37,3803,带车位,https://example.com/house/12319
西城区,西城区5号院19号楼17单元93室,三室两厅 西城区优质房源,一室一厅,133.9,378.41,29层/共30层,2006年,1004,2025-09-24 21:48:37,3141,带车位,https://example.com/house/12320
西城区,西城区28号院17号楼9单元71室,一室一厅 西城区优质房源,两室一厅,160.4,889.48,33层/共30层,2008年,1004,2025-09-09 21:48:37,4788,电梯房,https://example.com/house/12321
海淀区,海淀区70号院5号楼1单元41室,三室一厅 海淀区优质房源,一室一厅,110.2,738.14,22层/共28层,1992年,1002,2026-01-07 21:48:37,3622,带车位,https://example.com/house/12322
朝阳区,朝阳区45号院19号楼13单元46室,四室两厅 朝阳区优质房源,一室一厅,73.9,1373.92,27层/共18层,2017年,1001,2025-03-16 21:48:37,455,带车位,https://example.com/house/12323
丰台区,丰台区12号院3号楼15单元67室,三室两厅 丰台区优质房源,四室两厅,151.7,417.85,29层/共22层,2006年,1003,2025-04-10 21:48:37,1440,近地铁,https://example.com/house/12324
海淀区,海淀区53号院13号楼20单元26室,两室两厅 海淀区优质房源,一室一厅,69.6,564.44,8层/共11层,2005年,1002,2025-10-18 21:48:37,2930,带车位,https://example.com/house/12325
昌平区,昌平区7号院1号楼4单元15室,三室两厅 昌平区优质房源,两室两厅,184.8,887.85,11层/共33层,2015年,1006,2025-05-29 21:48:37,4945,学区房,https://example.com/house/12326
西城区,西城区81号院10号楼19单元57室,三室一厅 西城区优质房源,四室两厅,164.4,1134.23,6层/共13层,2003年,1004,2026-02-13 21:48:37,449,近地铁,https://example.com/house/12327
海淀区,海淀区66号院19号楼17单元70室,两室两厅 海淀区优质房源,一室一厅,57.9,207.9,20层/共13层,1997年,1002,2025-04-29 21:48:37,4453,带车位,https://example.com/house/12328
海淀区,海淀区72号院23号楼17单元44室,三室两厅 海淀区优质房源,两室一厅,191.4,771.95,13层/共21层,2013年,1002,2025-04-02 21:48:37,4535,精装修,https://example.com/house/12329
朝阳区,朝阳区7号院29号楼3单元89室,四室两厅 朝阳区优质房源,三室两厅,193.6,1337.09,2层/共20层,2012年,1001,2026-01-03 21:48:37,3463,南北通透,https://example.com/house/12330
东城区,东城区21号院14号楼19单元22室,两室一厅 东城区优质房源,一室一厅,60.8,1436.51,21层/共15层,1997年,1005,2025-08-22 21:48:37,1217,电梯房,https://example.com/house/12331
朝阳区,朝阳区78号院30号楼10单元15室,三室一厅 朝阳区优质房源,两室一厅,117.4,891.21,7层/共25层,2001年,1001,2025-06-14 21:48:37,3904,南北通透,https://example.com/house/12332
丰台区,丰台区5号院29号楼7单元89室,一室一厅 丰台区优质房源,四室两厅,103.3,238.96,18层/共30层,2010年,1003,2025-03-19 21:48:37,4981,学区房,https://example.com/house/12333
顺义区,顺义区54号院17号楼3单元65室,一室一厅 顺义区优质房源,一室一厅,140.1,791.11,1层/共16层,2019年,1007,2025-09-21 21:48:37,3872,近地铁,https://example.com/house/12334
西城区,西城区23号院21号楼3单元68室,两室两厅 西城区优质房源,两室一厅,87.2,364.88,1层/共19层,2002年,1004,2025-10-02 21:48:37,1164,学区房,https://example.com/house/12335
朝阳区,朝阳区69号院29号楼14单元20室,两室两厅 朝阳区优质房源,一室一厅,186.2,840.29,6层/共20层,2004年,1001,2025-10-20 21:48:37,4928,带车位,https://example.com/house/12336
海淀区,海淀区41号院1号楼12单元50室,两室一厅 海淀区优质房源,两室一厅,169.5,868.71,33层/共16层,2014年,1002,2025-10-06 21:48:37,2658,学区房,https://example.com/house/12337
顺义区,顺义区12号院28号楼13单元92室,三室一厅 顺义区优质房源,三室两厅,96.2,640.1,33层/共14层,2007年,1007,2025-10-16 21:48:37,2703,南北通透,https://example.com/house/12338
西城区,西城区4号院3号楼20单元63室,两室一厅 西城区优质房源,一室一厅,139.4,1208.34,14层/共10层,2013年,1004,2025-03-20 21:48:37,345,学区房,https://example.com/house/12339
顺义区,顺义区46号院29号楼20单元38室,四室两厅 顺义区优质房源,三室一厅,138.0,856.43,25层/共13层,2000年,1007,2025-12-14 21:48:37,2824,带车位,https://example.com/house/12340
东城区,东城区49号院6号楼10单元30室,两室两厅 东城区优质房源,两室一厅,127.1,581.3,3层/共11层,2006年,1005,2025-08-02 21:48:37,4587,南北通透,https://example.com/house/12341
朝阳区,朝阳区56号院24号楼11单元85室,三室一厅 朝阳区优质房源,三室两厅,95.7,1032.52,6层/共33层,2020年,1001,2025-10-19 21:48:37,1802,南北通透,https://example.com/house/12342
西城区,西城区87号院6号楼18单元92室,三室两厅 西城区优质房源,两室两厅,69.6,616.85,31层/共23层,2002年,1004,2026-03-08 21:48:37,4958,带车位,https://example.com/house/12343
海淀区,海淀区45号院27号楼1单元66室,三室一厅 海淀区优质房源,两室一厅,179.8,1000.86,13层/共33层,2004年,1002,2025-04-06 21:48:37,4231,近地铁,https://example.com/house/12344
朝阳区,朝阳区1号院1号楼18单元56室,一室一厅 朝阳区优质房源,两室两厅,182.5,863.94,32层/共24层,1999年,1001,2025-07-29 21:48:37,1349,精装修,https://example.com/house/12345
丰台区,丰台区49号院14号楼14单元45室,一室一厅 丰台区优质房源,一室一厅,95.3,919.4,15层/共24层,1995年,1003,2025-03-22 21:48:37,4192,带车位,https://example.com/house/12346
海淀区,海淀区80号院22号楼15单元76室,两室一厅 海淀区优质房源,一室一厅,83.0,1149.26,5层/共27层,1991年,1002,2025-07-31 21:48:37,3263,学区房,https://example.com/house/12347
丰台区,丰台区45号院6号楼6单元76室,四室两厅 丰台区优质房源,三室两厅,161.2,1205.01,15层/共22层,2001年,1003,2025-09-24 21:48:37,4516,近地铁,https://example.com/house/12348
西城区,西城区13号院7号楼5单元23室,两室一厅 西城区优质房源,三室一厅,187.8,1235.46,22层/共14层,2012年,1004,2025-11-11 21:48:37,1884,近地铁,https://example.com/house/12349
海淀区,海淀区69号院17号楼11单元8室,两室一厅 海淀区优质房源,三室一厅,120.7,269.76,14层/共25层,1995年,1002,2025-06-07 21:48:37,3096,近地铁,https://example.com/house/12350
丰台区,丰台区64号院14号楼19单元44室,一室一厅 丰台区优质房源,四室两厅,169.8,1418.22,9层/共19层,2016年,1003,2025-05-27 21:48:37,1208,电梯房,https://example.com/house/12351
朝阳区,朝阳区3号院4号楼2单元14室,三室一厅 朝阳区优质房源,三室一厅,176.8,470.94,3层/共30层,1992年,1001,2025-03-30 21:48:37,1549,带车位,https://example.com/house/12352
海淀区,海淀区79号院3号楼20单元30室,四室两厅 海淀区优质房源,三室两厅,105.8,1156.69,1层/共33层,2008年,1002,2026-02-13 21:48:37,2123,带车位,https://example.com/house/12353
朝阳区,朝阳区75号院5号楼3单元31室,两室一厅 朝阳区优质房源,四室两厅,155.2,1244.25,6层/共28层,2004年,1001,2025-09-24 21:48:37,2651,精装修,https://example.com/house/12354
西城区,西城区12号院20号楼17单元84室,四室两厅 西城区优质房源,两室两厅,53.0,1378.9,7层/共31层,2016年,1004,2026-03-08 21:48:37,4195,带车位,https://example.com/house/12355
海淀区,海淀区4号院29号楼16单元71室,两室两厅 海淀区优质房源,四室两厅,120.8,613.71,19层/共26层,2017年,1002,2025-08-01 21:48:37,1430,学区房,https://example.com/house/12356
海淀区,海淀区21号院25号楼9单元80室,两室两厅 海淀区优质房源,两室一厅,108.2,1268.68,28层/共31层,2011年,1002,2026-02-19 21:48:37,228,南北通透,https://example.com/house/12357
东城区,东城区85号院29号楼17单元40室,一室一厅 东城区优质房源,三室一厅,170.8,531.76,33层/共11层,2001年,1005,2025-08-11 21:48:37,1412,学区房,https://example.com/house/12358
海淀区,海淀区23号院29号楼18单元63室,三室两厅 海淀区优质房源,四室两厅,144.0,1175.91,28层/共11层,1994年,1002,2026-02-05 21:48:37,1817,近地铁,https://example.com/house/12359
丰台区,丰台区89号院24号楼5单元65室,一室一厅 丰台区优质房源,三室一厅,136.6,1283.42,13层/共19层,2005年,1003,2025-12-11 21:48:37,2382,电梯房,https://example.com/house/12360
东城区,东城区6号院4号楼4单元56室,一室一厅 东城区优质房源,两室一厅,139.1,454.25,1层/共10层,2006年,1005,2025-05-18 21:48:37,2559,电梯房,https://example.com/house/12361
昌平区,昌平区92号院11号楼12单元19室,一室一厅 昌平区优质房源,三室两厅,166.9,1195.58,9层/共31层,2020年,1006,2026-03-01 21:48:37,1002,南北通透,https://example.com/house/12362
西城区,西城区68号院13号楼6单元8室,三室一厅 西城区优质房源,三室两厅,88.0,1455.96,29层/共32层,2007年,1004,2025-10-30 21:48:37,3510,电梯房,https://example.com/house/12363
海淀区,海淀区54号院17号楼3单元48室,四室两厅 海淀区优质房源,四室两厅,181.7,498.73,32层/共11层,1993年,1002,2025-10-29 21:48:37,2214,电梯房,https://example.com/house/12364
海淀区,海淀区80号院24号楼19单元44室,一室一厅 海淀区优质房源,两室两厅,57.2,713.33,22层/共10层,2010年,1002,2025-11-05 21:48:37,491,南北通透,https://example.com/house/12365
朝阳区,朝阳区65号院1号楼15单元33室,两室一厅 朝阳区优质房源,三室一厅,135.1,1398.6,12层/共22层,1997年,1001,2026-01-07 21:48:37,2090,南北通透,https://example.com/house/12366
东城区,东城区21号院18号楼15单元69室,两室一厅 东城区优质房源,两室一厅,83.7,1187.78,16层/共18层,2015年,1005,2025-04-08 21:48:37,981,学区房,https://example.com/house/12367
朝阳区,朝阳区33号院2号楼6单元52室,一室一厅 朝阳区优质房源,一室一厅,54.5,687.23,1层/共29层,2011年,1001,2026-02-26 21:48:37,3524,带车位,https://example.com/house/12368
昌平区,昌平区36号院29号楼6单元99室,两室一厅 昌平区优质房源,三室一厅,190.4,680.09,29层/共20层,2013年,1006,2025-11-25 21:48:37,2685,南北通透,https://example.com/house/12369
西城区,西城区79号院7号楼7单元44室,一室一厅 西城区优质房源,两室两厅,113.4,400.73,32层/共12层,2008年,1004,2025-09-12 21:48:37,4649,学区房,https://example.com/house/12370
朝阳区,朝阳区70号院22号楼19单元73室,四室两厅 朝阳区优质房源,两室两厅,156.9,244.14,8层/共20层,1991年,1001,2025-10-05 21:48:37,1399,学区房,https://example.com/house/12371
顺义区,顺义区50号院5号楼2单元91室,两室一厅 顺义区优质房源,一室一厅,155.3,1482.65,1层/共13层,2019年,1007,2025-04-22 21:48:37,1648,南北通透,https://example.com/house/12372
朝阳区,朝阳区67号院27号楼3单元18室,三室一厅 朝阳区优质房源,一室一厅,53.5,355.14,26层/共14层,2017年,1001,2025-06-10 21:48:37,2212,电梯房,https://example.com/house/12373
西城区,西城区66号院22号楼5单元58室,一室一厅 西城区优质房源,两室一厅,80.0,346.07,15层/共13层,2009年,1004,2026-02-17 21:48:37,709,电梯房,https://example.com/house/12374
朝阳区,朝阳区18号院6号楼17单元9室,四室两厅 朝阳区优质房源,两室一厅,166.5,1149.15,5层/共10层,1998年,1001,2025-05-23 21:48:37,3814,学区房,https://example.com/house/12375
昌平区,昌平区32号院19号楼18单元51室,两室两厅 昌平区优质房源,两室两厅,92.0,392.55,25层/共15层,1997年,1006,2025-04-17 21:48:37,1052,近地铁,https://example.com/house/12376
海淀区,海淀区38号院25号楼9单元2室,三室两厅 海淀区优质房源,三室两厅,119.3,1386.95,15层/共10层,1993年,1002,2026-01-25 21:48:37,2330,带车位,https://example.com/house/12377
昌平区,昌平区59号院12号楼2单元38室,三室一厅 昌平区优质房源,两室一厅,153.4,1460.04,2层/共12层,2002年,1006,2026-02-27 21:48:37,398,南北通透,https://example.com/house/12378
丰台区,丰台区51号院22号楼8单元87室,三室一厅 丰台区优质房源,两室两厅,120.8,252.08,10层/共29层,1995年,1003,2026-01-25 21:48:37,1433,精装修,https://example.com/house/12379
昌平区,昌平区81号院3号楼12单元53室,一室一厅 昌平区优质房源,三室一厅,148.3,748.42,9层/共12层,1993年,1006,2025-12-20 21:48:37,4194,学区房,https://example.com/house/12380
昌平区,昌平区65号院23号楼17单元53室,四室两厅 昌平区优质房源,两室两厅,126.6,447.55,33层/共25层,2007年,1006,2026-02-07 21:48:37,4518,南北通透,https://example.com/house/12381
顺义区,顺义区76号院3号楼14单元50室,三室一厅 顺义区优质房源,一室一厅,59.6,1143.29,20层/共31层,2014年,1007,2025-05-28 21:48:37,832,南北通透,https://example.com/house/12382
西城区,西城区21号院30号楼14单元66室,两室一厅 西城区优质房源,三室两厅,182.4,248.99,21层/共11层,1990年,1004,2026-01-20 21:48:37,4707,精装修,https://example.com/house/12383
西城区,西城区64号院3号楼3单元66室,三室两厅 西城区优质房源,三室两厅,85.7,1455.04,6层/共21层,2004年,1004,2025-06-21 21:48:37,1043,学区房,https://example.com/house/12384
东城区,东城区61号院16号楼4单元75室,三室一厅 东城区优质房源,三室一厅,119.8,1389.71,31层/共31层,2010年,1005,2025-05-11 21:48:37,333,电梯房,https://example.com/house/12385
丰台区,丰台区54号院9号楼7单元96室,两室两厅 丰台区优质房源,三室一厅,138.2,1037.94,31层/共33层,2011年,1003,2025-08-11 21:48:37,4449,精装修,https://example.com/house/12386
昌平区,昌平区90号院12号楼17单元50室,四室两厅 昌平区优质房源,三室两厅,183.6,1475.51,33层/共24层,1994年,1006,2025-07-10 21:48:37,3815,带车位,https://example.com/house/12387
西城区,西城区20号院28号楼14单元17室,一室一厅 西城区优质房源,四室两厅,194.6,1076.72,26层/共28层,2005年,1004,2026-01-13 21:48:37,453,精装修,https://example.com/house/12388
海淀区,海淀区96号院18号楼13单元99室,四室两厅 海淀区优质房源,两室两厅,175.7,1450.66,9层/共18层,2009年,1002,2025-06-22 21:48:37,479,电梯房,https://example.com/house/12389
丰台区,丰台区43号院4号楼6单元97室,三室两厅 丰台区优质房源,四室两厅,111.3,390.22,20层/共22层,1998年,1003,2025-07-18 21:48:37,405,近地铁,https://example.com/house/12390
丰台区,丰台区29号院17号楼11单元89室,三室一厅 丰台区优质房源,三室一厅,136.1,562.9,32层/共32层,1999年,1003,2025-09-23 21:48:37,1375,近地铁,https://example.com/house/12391
丰台区,丰台区80号院4号楼2单元69室,三室两厅 丰台区优质房源,三室一厅,156.3,703.94,23层/共31层,1990年,1003,2025-03-23 21:48:37,3883,学区房,https://example.com/house/12392
海淀区,海淀区12号院11号楼3单元52室,三室两厅 海淀区优质房源,三室一厅,58.9,1012.86,25层/共28层,2008年,1002,2025-11-17 21:48:37,3826,近地铁,https://example.com/house/12393
丰台区,丰台区9号院8号楼12单元52室,三室两厅 丰台区优质房源,三室两厅,69.5,558.91,33层/共24层,2003年,1003,2025-04-14 21:48:37,1471,精装修,https://example.com/house/12394
海淀区,海淀区3号院17号楼11单元28室,四室两厅 海淀区优质房源,两室一厅,54.0,483.55,26层/共31层,2006年,1002,2025-08-07 21:48:37,905,电梯房,https://example.com/house/12395
东城区,东城区34号院5号楼14单元20室,两室两厅 东城区优质房源,四室两厅,199.8,1387.91,12层/共20层,2017年,1005,2025-03-27 21:48:37,1870,精装修,https://example.com/house/12396
丰台区,丰台区14号院15号楼19单元65室,四室两厅 丰台区优质房源,一室一厅,114.7,1144.64,28层/共19层,1996年,1003,2025-08-08 21:48:37,2758,电梯房,https://example.com/house/12397
海淀区,海淀区52号院15号楼20单元8室,四室两厅 海淀区优质房源,两室两厅,52.3,640.74,6层/共20层,2015年,1002,2025-12-01 21:48:37,2024,学区房,https://example.com/house/12398
朝阳区,朝阳区73号院18号楼1单元88室,四室两厅 朝阳区优质房源,两室两厅,102.9,756.88,25层/共31层,2010年,1001,2025-12-23 21:48:37,4431,精装修,https://example.com/house/12399
西城区,西城区3号院1号楼5单元86室,三室两厅 西城区优质房源,两室两厅,152.3,350.73,33层/共23层,1991年,1004,2026-02-11 21:48:37,3802,精装修,https://example.com/house/12400
东城区,东城区89号院14号楼5单元73室,四室两厅 东城区优质房源,三室一厅,102.1,435.16,29层/共29层,2014年,1005,2025-08-11 21:48:37,318,南北通透,https://example.com/house/12401
东城区,东城区13号院27号楼2单元63室,两室两厅 东城区优质房源,两室两厅,153.0,1376.72,25层/共30层,2010年,1005,2026-01-31 21:48:37,4671,学区房,https://example.com/house/12402
西城区,西城区61号院4号楼16单元18室,三室两厅 西城区优质房源,四室两厅,157.7,1469.59,23层/共11层,2016年,1004,2025-09-30 21:48:37,3605,带车位,https://example.com/house/12403
西城区,西城区44号院24号楼3单元31室,一室一厅 西城区优质房源,一室一厅,53.1,1399.62,22层/共12层,1993年,1004,2025-08-03 21:48:37,1852,精装修,https://example.com/house/12404
顺义区,顺义区45号院4号楼11单元80室,一室一厅 顺义区优质房源,两室一厅,171.5,722.92,22层/共19层,2003年,1007,2025-09-17 21:48:37,2388,南北通透,https://example.com/house/12405
顺义区,顺义区14号院2号楼2单元94室,三室一厅 顺义区优质房源,四室两厅,62.4,708.56,12层/共14层,2000年,1007,2025-07-03 21:48:37,160,精装修,https://example.com/house/12406
海淀区,海淀区61号院8号楼11单元89室,三室两厅 海淀区优质房源,两室两厅,106.8,1078.71,1层/共18层,1992年,1002,2026-02-22 21:48:37,3307,带车位,https://example.com/house/12407
西城区,西城区67号院4号楼8单元33室,一室一厅 西城区优质房源,三室一厅,142.4,1058.16,10层/共12层,1991年,1004,2026-02-19 21:48:37,3696,电梯房,https://example.com/house/12408
昌平区,昌平区43号院26号楼13单元73室,三室一厅 昌平区优质房源,一室一厅,181.6,874.18,24层/共28层,2007年,1006,2025-12-25 21:48:37,1519,精装修,https://example.com/house/12409
西城区,西城区64号院20号楼2单元19室,三室一厅 西城区优质房源,四室两厅,142.9,608.86,23层/共25层,2007年,1004,2025-05-26 21:48:37,3347,带车位,https://example.com/house/12410
朝阳区,朝阳区2号院21号楼1单元46室,两室两厅 朝阳区优质房源,四室两厅,56.3,1482.61,20层/共26层,2000年,1001,2025-12-07 21:48:37,3888,电梯房,https://example.com/house/12411
丰台区,丰台区28号院15号楼19单元17室,两室两厅 丰台区优质房源,两室两厅,180.6,1132.91,32层/共31层,2020年,1003,2025-07-01 21:48:37,3461,带车位,https://example.com/house/12412
东城区,东城区32号院23号楼17单元44室,四室两厅 东城区优质房源,两室一厅,159.5,481.82,14层/共27层,2009年,1005,2025-09-30 21:48:37,2732,近地铁,https://example.com/house/12413
昌平区,昌平区66号院12号楼9单元48室,三室两厅 昌平区优质房源,四室两厅,179.1,1466.12,26层/共28层,2007年,1006,2025-06-15 21:48:37,2454,精装修,https://example.com/house/12414
朝阳区,朝阳区8号院1号楼1单元22室,一室一厅 朝阳区优质房源,两室两厅,123.4,412.39,18层/共10层,2020年,1001,2025-08-05 21:48:37,1877,南北通透,https://example.com/house/12415
海淀区,海淀区69号院16号楼5单元76室,一室一厅 海淀区优质房源,两室两厅,188.5,1016.09,8层/共12层,2017年,1002,2025-04-05 21:48:37,1652,近地铁,https://example.com/house/12416
丰台区,丰台区82号院17号楼15单元78室,四室两厅 丰台区优质房源,一室一厅,187.0,441.82,25层/共22层,2009年,1003,2025-04-09 21:48:37,1975,电梯房,https://example.com/house/12417
丰台区,丰台区51号院26号楼19单元3室,两室两厅 丰台区优质房源,一室一厅,64.6,1401.44,8层/共17层,2019年,1003,2025-03-11 21:48:37,42,南北通透,https://example.com/house/12418
西城区,西城区6号院19号楼10单元66室,一室一厅 西城区优质房源,一室一厅,167.0,1069.58,18层/共15层,2005年,1004,2026-02-04 21:48:37,2855,近地铁,https://example.com/house/12419
朝阳区,朝阳区20号院24号楼11单元97室,两室一厅 朝阳区优质房源,一室一厅,103.8,822.22,1层/共20层,2001年,1001,2025-04-23 21:48:37,1427,南北通透,https://example.com/house/12420
西城区,西城区58号院22号楼19单元93室,一室一厅 西城区优质房源,两室一厅,110.7,750.31,4层/共18层,1999年,1004,2025-06-24 21:48:37,713,精装修,https://example.com/house/12421
顺义区,顺义区4号院18号楼9单元60室,两室一厅 顺义区优质房源,两室一厅,195.1,776.58,19层/共28层,1999年,1007,2025-09-16 21:48:37,4382,精装修,https://example.com/house/12422
顺义区,顺义区19号院28号楼10单元17室,三室两厅 顺义区优质房源,一室一厅,147.8,484.36,5层/共22层,2013年,1007,2026-02-13 21:48:37,4095,电梯房,https://example.com/house/12423
昌平区,昌平区63号院20号楼20单元34室,三室两厅 昌平区优质房源,三室两厅,146.0,244.2,25层/共33层,1992年,1006,2025-11-10 21:48:37,1335,学区房,https://example.com/house/12424
西城区,西城区63号院20号楼13单元14室,两室两厅 西城区优质房源,三室两厅,93.6,593.07,15层/共22层,2004年,1004,2025-06-18 21:48:37,3104,精装修,https://example.com/house/12425
昌平区,昌平区84号院11号楼16单元11室,两室两厅 昌平区优质房源,一室一厅,116.7,969.65,6层/共19层,2018年,1006,2025-05-07 21:48:37,4811,带车位,https://example.com/house/12426
海淀区,海淀区99号院11号楼8单元80室,四室两厅 海淀区优质房源,一室一厅,97.7,490.29,22层/共10层,1998年,1002,2026-02-10 21:48:37,3742,电梯房,https://example.com/house/12427
海淀区,海淀区1号院2号楼5单元77室,两室一厅 海淀区优质房源,三室一厅,97.8,1159.78,25层/共32层,2004年,1002,2025-05-11 21:48:37,1582,精装修,https://example.com/house/12428
东城区,东城区3号院26号楼6单元85室,三室一厅 东城区优质房源,一室一厅,73.2,856.6,17层/共17层,2019年,1005,2025-07-20 21:48:37,4938,带车位,https://example.com/house/12429
西城区,西城区16号院17号楼13单元50室,三室两厅 西城区优质房源,三室一厅,179.4,1009.59,31层/共16层,1992年,1004,2025-11-22 21:48:37,2021,学区房,https://example.com/house/12430
丰台区,丰台区51号院8号楼1单元66室,三室一厅 丰台区优质房源,两室两厅,175.1,1215.13,12层/共33层,2017年,1003,2025-10-02 21:48:37,3326,近地铁,https://example.com/house/12431
海淀区,海淀区58号院15号楼14单元31室,四室两厅 海淀区优质房源,两室两厅,55.6,275.51,21层/共25层,2018年,1002,2026-02-08 21:48:37,2472,近地铁,https://example.com/house/12432
海淀区,海淀区28号院4号楼16单元27室,三室两厅 海淀区优质房源,四室两厅,88.8,841.88,17层/共19层,1990年,1002,2025-08-06 21:48:37,3320,南北通透,https://example.com/house/12433
东城区,东城区55号院19号楼7单元18室,三室一厅 东城区优质房源,一室一厅,197.8,471.85,24层/共17层,1996年,1005,2025-07-10 21:48:37,505,带车位,https://example.com/house/12434
海淀区,海淀区66号院1号楼5单元89室,三室两厅 海淀区优质房源,两室一厅,83.8,1375.55,25层/共33层,2011年,1002,2025-05-17 21:48:37,4916,近地铁,https://example.com/house/12435
东城区,东城区62号院14号楼16单元90室,三室一厅 东城区优质房源,三室一厅,91.5,1254.15,1层/共10层,2003年,1005,2025-04-14 21:48:37,51,带车位,https://example.com/house/12436
昌平区,昌平区40号院15号楼17单元55室,两室两厅 昌平区优质房源,四室两厅,177.4,1297.17,30层/共30层,1997年,1006,2026-03-08 21:48:37,3529,南北通透,https://example.com/house/12437
朝阳区,朝阳区41号院26号楼10单元67室,两室两厅 朝阳区优质房源,三室一厅,195.7,553.67,20层/共23层,2019年,1001,2025-05-18 21:48:37,2905,带车位,https://example.com/house/12438
朝阳区,朝阳区48号院1号楼1单元92室,两室两厅 朝阳区优质房源,一室一厅,98.1,589.79,28层/共16层,1997年,1001,2025-09-05 21:48:37,71,学区房,https://example.com/house/12439
顺义区,顺义区38号院1号楼15单元98室,三室一厅 顺义区优质房源,四室两厅,114.5,348.65,20层/共23层,2006年,1007,2026-01-06 21:48:37,2076,南北通透,https://example.com/house/12440
西城区,西城区29号院3号楼11单元40室,三室一厅 西城区优质房源,一室一厅,100.6,1088.63,1层/共33层,1992年,1004,2025-03-17 21:48:37,1746,电梯房,https://example.com/house/12441
海淀区,海淀区5号院29号楼14单元20室,四室两厅 海淀区优质房源,一室一厅,52.0,257.23,29层/共30层,2008年,1002,2025-11-04 21:48:37,2360,带车位,https://example.com/house/12442
西城区,西城区98号院13号楼1单元36室,三室一厅 西城区优质房源,两室两厅,66.7,838.24,9层/共24层,2020年,1004,2025-07-30 21:48:37,3498,学区房,https://example.com/house/12443
东城区,东城区59号院15号楼11单元54室,四室两厅 东城区优质房源,三室一厅,77.4,565.18,27层/共17层,2004年,1005,2025-10-11 21:48:37,4803,近地铁,https://example.com/house/12444
西城区,西城区10号院22号楼1单元69室,两室一厅 西城区优质房源,四室两厅,94.9,386.32,5层/共28层,2018年,1004,2025-11-11 21:48:37,1415,学区房,https://example.com/house/12445
昌平区,昌平区85号院11号楼20单元25室,三室一厅 昌平区优质房源,三室两厅,83.0,1120.31,23层/共20层,2001年,1006,2025-10-30 21:48:37,1316,精装修,https://example.com/house/12446
昌平区,昌平区38号院30号楼9单元36室,四室两厅 昌平区优质房源,两室一厅,169.7,259.95,25层/共29层,1993年,1006,2025-12-25 21:48:37,4155,近地铁,https://example.com/house/12447
昌平区,昌平区10号院1号楼2单元30室,四室两厅 昌平区优质房源,两室一厅,102.0,888.89,26层/共26层,2011年,1006,2025-06-04 21:48:37,4702,带车位,https://example.com/house/12448
昌平区,昌平区63号院10号楼10单元89室,两室一厅 昌平区优质房源,四室两厅,92.2,1302.15,19层/共16层,2011年,1006,2025-03-11 21:48:37,2055,学区房,https://example.com/house/12449
朝阳区,朝阳区54号院16号楼17单元6室,两室两厅 朝阳区优质房源,三室一厅,193.3,286.02,25层/共18层,2016年,1001,2025-09-03 21:48:37,1900,带车位,https://example.com/house/12450
昌平区,昌平区67号院29号楼20单元30室,一室一厅 昌平区优质房源,一室一厅,199.0,479.62,11层/共22层,2020年,1006,2025-04-14 21:48:37,4818,近地铁,https://example.com/house/12451
西城区,西城区79号院17号楼7单元43室,四室两厅 西城区优质房源,一室一厅,67.6,1487.58,18层/共24层,2005年,1004,2025-11-17 21:48:37,2492,电梯房,https://example.com/house/12452
昌平区,昌平区6号院8号楼11单元85室,三室一厅 昌平区优质房源,四室两厅,166.0,1494.85,26层/共12层,1998年,1006,2025-07-15 21:48:37,2455,近地铁,https://example.com/house/12453
顺义区,顺义区78号院27号楼12单元35室,四室两厅 顺义区优质房源,三室两厅,139.0,630.89,26层/共33层,2003年,1007,2025-04-15 21:48:37,1421,学区房,https://example.com/house/12454
海淀区,海淀区47号院4号楼6单元65室,两室一厅 海淀区优质房源,三室一厅,103.6,885.32,14层/共19层,2001年,1002,2025-08-06 21:48:37,785,学区房,https://example.com/house/12455
海淀区,海淀区43号院11号楼4单元62室,三室两厅 海淀区优质房源,三室两厅,134.1,891.36,27层/共28层,2011年,1002,2025-03-28 21:48:37,3619,电梯房,https://example.com/house/12456
东城区,东城区57号院26号楼3单元1室,三室两厅 东城区优质房源,四室两厅,83.2,743.87,10层/共26层,2010年,1005,2026-01-26 21:48:37,974,带车位,https://example.com/house/12457
海淀区,海淀区58号院23号楼11单元36室,两室一厅 海淀区优质房源,四室两厅,117.8,951.2,29层/共22层,2003年,1002,2026-02-05 21:48:37,2614,近地铁,https://example.com/house/12458
西城区,西城区97号院2号楼10单元48室,三室一厅 西城区优质房源,三室一厅,82.4,590.44,8层/共18层,2012年,1004,2025-05-16 21:48:37,4452,学区房,https://example.com/house/12459
昌平区,昌平区60号院27号楼1单元91室,一室一厅 昌平区优质房源,两室一厅,59.0,989.97,23层/共25层,2012年,1006,2026-02-17 21:48:37,1414,南北通透,https://example.com/house/12460
西城区,西城区62号院18号楼8单元67室,两室两厅 西城区优质房源,三室一厅,108.9,965.48,22层/共28层,1993年,1004,2025-12-08 21:48:37,4140,学区房,https://example.com/house/12461
西城区,西城区80号院1号楼9单元93室,四室两厅 西城区优质房源,两室两厅,73.3,1231.34,7层/共30层,2014年,1004,2025-12-25 21:48:37,3461,电梯房,https://example.com/house/12462
顺义区,顺义区1号院7号楼10单元91室,两室一厅 顺义区优质房源,四室两厅,181.5,348.98,8层/共13层,1999年,1007,2025-12-17 21:48:37,1863,近地铁,https://example.com/house/12463
丰台区,丰台区46号院4号楼16单元91室,一室一厅 丰台区优质房源,两室两厅,151.2,1055.33,20层/共19层,1994年,1003,2025-05-30 21:48:37,2524,精装修,https://example.com/house/12464
昌平区,昌平区57号院9号楼19单元79室,四室两厅 昌平区优质房源,三室一厅,132.6,219.91,28层/共13层,2012年,1006,2025-04-03 21:48:37,2691,带车位,https://example.com/house/12465
东城区,东城区23号院10号楼1单元85室,三室两厅 东城区优质房源,三室两厅,174.2,318.13,27层/共10层,2015年,1005,2025-09-21 21:48:37,2106,带车位,https://example.com/house/12466
海淀区,海淀区67号院25号楼15单元64室,两室一厅 海淀区优质房源,一室一厅,102.9,329.86,30层/共25层,1991年,1002,2026-03-06 21:48:37,4571,近地铁,https://example.com/house/12467
朝阳区,朝阳区25号院6号楼10单元74室,两室两厅 朝阳区优质房源,两室一厅,169.3,303.43,16层/共32层,1990年,1001,2025-11-15 21:48:37,3396,学区房,https://example.com/house/12468
顺义区,顺义区93号院27号楼11单元56室,四室两厅 顺义区优质房源,四室两厅,126.7,971.97,2层/共21层,2007年,1007,2025-09-11 21:48:37,1748,南北通透,https://example.com/house/12469
东城区,东城区13号院11号楼8单元63室,三室一厅 东城区优质房源,三室一厅,115.7,1147.79,23层/共20层,1996年,1005,2025-04-30 21:48:37,1285,精装修,https://example.com/house/12470
丰台区,丰台区15号院19号楼11单元18室,一室一厅 丰台区优质房源,一室一厅,105.2,736.78,7层/共20层,1998年,1003,2026-02-14 21:48:37,2117,带车位,https://example.com/house/12471
昌平区,昌平区8号院24号楼19单元41室,三室两厅 昌平区优质房源,三室一厅,72.7,1279.3,30层/共12层,1996年,1006,2025-09-19 21:48:37,4770,带车位,https://example.com/house/12472
东城区,东城区34号院21号楼15单元6室,一室一厅 东城区优质房源,四室两厅,179.0,716.38,33层/共23层,2019年,1005,2025-08-29 21:48:37,2036,南北通透,https://example.com/house/12473
昌平区,昌平区43号院2号楼19单元3室,一室一厅 昌平区优质房源,两室两厅,104.7,375.76,25层/共27层,2003年,1006,2026-02-03 21:48:37,4388,精装修,https://example.com/house/12474
海淀区,海淀区96号院23号楼3单元61室,三室一厅 海淀区优质房源,两室两厅,137.6,1203.25,18层/共16层,2000年,1002,2025-10-17 21:48:37,616,近地铁,https://example.com/house/12475
丰台区,丰台区50号院17号楼20单元78室,三室两厅 丰台区优质房源,四室两厅,162.1,1361.49,24层/共26层,2001年,1003,2025-05-19 21:48:37,392,带车位,https://example.com/house/12476
东城区,东城区33号院27号楼15单元24室,两室一厅 东城区优质房源,一室一厅,146.0,362.52,28层/共20层,1995年,1005,2025-04-30 21:48:37,1358,学区房,https://example.com/house/12477
西城区,西城区82号院29号楼11单元34室,三室两厅 西城区优质房源,四室两厅,173.5,1126.34,31层/共29层,2009年,1004,2025-09-17 21:48:37,4056,学区房,https://example.com/house/12478
丰台区,丰台区75号院12号楼10单元30室,四室两厅 丰台区优质房源,三室一厅,147.5,662.83,32层/共26层,2009年,1003,2025-10-10 21:48:37,3988,近地铁,https://example.com/house/12479
顺义区,顺义区37号院15号楼17单元87室,四室两厅 顺义区优质房源,两室两厅,91.3,1476.79,10层/共15层,1990年,1007,2025-05-22 21:48:37,1666,学区房,https://example.com/house/12480
丰台区,丰台区99号院11号楼5单元94室,一室一厅 丰台区优质房源,三室一厅,168.1,970.16,19层/共15层,2002年,1003,2025-04-15 21:48:37,1698,学区房,https://example.com/house/12481
顺义区,顺义区43号院18号楼16单元16室,两室两厅 顺义区优质房源,一室一厅,178.8,1357.89,16层/共21层,2013年,1007,2025-03-25 21:48:37,3044,电梯房,https://example.com/house/12482
西城区,西城区23号院5号楼17单元58室,四室两厅 西城区优质房源,三室两厅,64.7,1416.57,32层/共21层,1996年,1004,2025-06-10 21:48:37,371,带车位,https://example.com/house/12483
朝阳区,朝阳区19号院23号楼1单元85室,四室两厅 朝阳区优质房源,两室一厅,144.0,877.61,32层/共28层,2004年,1001,2025-11-06 21:48:37,2885,南北通透,https://example.com/house/12484
丰台区,丰台区22号院6号楼16单元97室,三室一厅 丰台区优质房源,四室两厅,76.8,1388.32,11层/共20层,2017年,1003,2026-01-11 21:48:37,1757,近地铁,https://example.com/house/12485
昌平区,昌平区67号院26号楼13单元57室,两室两厅 昌平区优质房源,四室两厅,141.5,1174.37,10层/共29层,1997年,1006,2025-09-02 21:48:37,2018,电梯房,https://example.com/house/12486
西城区,西城区60号院4号楼15单元14室,两室两厅 西城区优质房源,三室两厅,158.7,866.01,5层/共22层,2008年,1004,2025-06-16 21:48:37,691,精装修,https://example.com/house/12487
顺义区,顺义区37号院13号楼5单元15室,四室两厅 顺义区优质房源,两室两厅,126.8,365.23,22层/共20层,2001年,1007,2025-06-22 21:48:37,1181,带车位,https://example.com/house/12488
朝阳区,朝阳区20号院22号楼12单元6室,两室一厅 朝阳区优质房源,四室两厅,119.6,777.09,27层/共11层,2016年,1001,2025-09-21 21:48:37,1936,学区房,https://example.com/house/12489
西城区,西城区11号院30号楼20单元75室,四室两厅 西城区优质房源,一室一厅,74.0,791.98,25层/共17层,2009年,1004,2025-11-23 21:48:37,172,学区房,https://example.com/house/12490
东城区,东城区46号院28号楼19单元62室,三室两厅 东城区优质房源,一室一厅,134.9,930.84,12层/共32层,1996年,1005,2025-11-01 21:48:37,2094,带车位,https://example.com/house/12491
西城区,西城区94号院30号楼4单元71室,两室两厅 西城区优质房源,三室一厅,89.5,481.59,27层/共26层,2010年,1004,2026-02-20 21:48:37,4505,带车位,https://example.com/house/12492
顺义区,顺义区8号院8号楼14单元49室,两室两厅 顺义区优质房源,两室一厅,175.0,474.88,7层/共31层,2004年,1007,2025-11-03 21:48:37,3654,电梯房,https://example.com/house/12493
东城区,东城区89号院28号楼10单元4室,两室两厅 东城区优质房源,三室两厅,155.0,469.66,14层/共29层,2011年,1005,2025-06-13 21:48:37,1316,带车位,https://example.com/house/12494
昌平区,昌平区89号院9号楼2单元9室,三室两厅 昌平区优质房源,两室两厅,97.2,1289.51,24层/共16层,2013年,1006,2025-12-10 21:48:37,3227,带车位,https://example.com/house/12495
顺义区,顺义区27号院19号楼14单元82室,两室一厅 顺义区优质房源,两室两厅,140.7,285.39,20层/共27层,2009年,1007,2025-09-15 21:48:37,3534,电梯房,https://example.com/house/12496
朝阳区,朝阳区19号院3号楼13单元15室,四室两厅 朝阳区优质房源,两室两厅,102.9,1238.1,5层/共16层,1999年,1001,2025-12-28 21:48:37,1128,近地铁,https://example.com/house/12497
海淀区,海淀区12号院7号楼5单元73室,一室一厅 海淀区优质房源,三室两厅,75.1,714.54,27层/共13层,2010年,1002,2025-12-29 21:48:37,3026,近地铁,https://example.com/house/12498
昌平区,昌平区96号院12号楼2单元36室,三室一厅 昌平区优质房源,一室一厅,182.6,341.48,11层/共30层,2018年,1006,2025-11-23 21:48:37,4057,精装修,https://example.com/house/12499
西城区,西城区68号院15号楼11单元62室,三室两厅 西城区优质房源,一室一厅,114.7,970.31,7层/共31层,2017年,1004,2025-05-30 21:48:37,4167,近地铁,https://example.com/house/12500
顺义区,顺义区81号院29号楼1单元61室,三室两厅 顺义区优质房源,两室一厅,78.3,460.33,10层/共32层,1991年,1007,2025-09-17 21:48:37,321,电梯房,https://example.com/house/12501
朝阳区,朝阳区14号院2号楼1单元49室,四室两厅 朝阳区优质房源,三室两厅,128.6,1043.98,29层/共16层,2010年,1001,2025-09-21 21:48:37,686,学区房,https://example.com/house/12502
顺义区,顺义区34号院5号楼9单元83室,一室一厅 顺义区优质房源,三室两厅,159.9,1136.48,1层/共25层,2016年,1007,2025-05-16 21:48:37,3623,精装修,https://example.com/house/12503
西城区,西城区16号院19号楼5单元84室,三室两厅 西城区优质房源,两室两厅,118.5,1401.01,14层/共25层,2011年,1004,2025-12-23 21:48:37,3354,电梯房,https://example.com/house/12504
东城区,东城区17号院27号楼17单元46室,三室两厅 东城区优质房源,四室两厅,75.6,570.62,29层/共22层,2020年,1005,2025-05-20 21:48:37,1461,带车位,https://example.com/house/12505
海淀区,海淀区8号院1号楼6单元73室,两室一厅 海淀区优质房源,两室两厅,81.3,1047.59,21层/共13层,1999年,1002,2025-08-07 21:48:37,1788,带车位,https://example.com/house/12506
朝阳区,朝阳区48号院28号楼20单元34室,四室两厅 朝阳区优质房源,一室一厅,94.8,583.92,3层/共32层,2014年,1001,2025-05-10 21:48:37,1132,精装修,https://example.com/house/12507
昌平区,昌平区59号院28号楼8单元23室,三室一厅 昌平区优质房源,两室一厅,98.3,501.43,26层/共19层,2018年,1006,2026-02-26 21:48:37,339,电梯房,https://example.com/house/12508
西城区,西城区55号院2号楼12单元75室,两室两厅 西城区优质房源,两室一厅,61.9,466.43,15层/共18层,2018年,1004,2025-03-17 21:48:37,2768,电梯房,https://example.com/house/12509
西城区,西城区88号院30号楼15单元53室,两室一厅 西城区优质房源,两室一厅,156.7,323.39,18层/共16层,1998年,1004,2025-03-11 21:48:37,1904,南北通透,https://example.com/house/12510
丰台区,丰台区35号院19号楼18单元88室,四室两厅 丰台区优质房源,一室一厅,127.2,806.39,22层/共16层,2005年,1003,2025-11-03 21:48:37,1884,南北通透,https://example.com/house/12511
西城区,西城区91号院6号楼9单元98室,两室两厅 西城区优质房源,一室一厅,67.7,700.44,29层/共28层,2007年,1004,2025-08-26 21:48:37,4069,南北通透,https://example.com/house/12512
西城区,西城区80号院23号楼16单元91室,两室一厅 西城区优质房源,两室两厅,69.1,831.66,20层/共32层,1990年,1004,2025-08-02 21:48:37,888,近地铁,https://example.com/house/12513
朝阳区,朝阳区68号院29号楼9单元6室,两室两厅 朝阳区优质房源,三室一厅,170.5,1276.08,24层/共10层,2009年,1001,2025-05-16 21:48:37,3392,南北通透,https://example.com/house/12514
朝阳区,朝阳区14号院29号楼15单元98室,两室两厅 朝阳区优质房源,三室一厅,176.8,255.95,9层/共14层,2015年,1001,2025-11-09 21:48:37,1722,带车位,https://example.com/house/12515
东城区,东城区31号院18号楼10单元94室,两室两厅 东城区优质房源,两室一厅,90.0,641.85,30层/共14层,2017年,1005,2025-05-24 21:48:37,2829,电梯房,https://example.com/house/12516
西城区,西城区41号院1号楼3单元87室,两室两厅 西城区优质房源,两室一厅,184.4,954.19,20层/共10层,2009年,1004,2025-08-02 21:48:37,2640,学区房,https://example.com/house/12517
顺义区,顺义区10号院12号楼19单元65室,一室一厅 顺义区优质房源,一室一厅,104.7,867.61,5层/共28层,2004年,1007,2025-03-24 21:48:37,2877,带车位,https://example.com/house/12518
丰台区,丰台区81号院16号楼6单元69室,三室一厅 丰台区优质房源,一室一厅,114.2,299.98,31层/共15层,2012年,1003,2025-05-29 21:48:37,745,学区房,https://example.com/house/12519
丰台区,丰台区16号院6号楼18单元97室,三室两厅 丰台区优质房源,三室两厅,160.2,623.33,23层/共31层,2004年,1003,2025-08-17 21:48:37,834,电梯房,https://example.com/house/12520
昌平区,昌平区95号院4号楼15单元82室,两室一厅 昌平区优质房源,一室一厅,181.4,1278.02,4层/共24层,1998年,1006,2025-10-26 21:48:37,4140,精装修,https://example.com/house/12521
东城区,东城区66号院9号楼6单元90室,三室一厅 东城区优质房源,三室两厅,130.9,1466.04,16层/共18层,2016年,1005,2025-05-13 21:48:37,2553,南北通透,https://example.com/house/12522
顺义区,顺义区27号院12号楼4单元14室,四室两厅 顺义区优质房源,三室两厅,80.0,1497.24,2层/共25层,2015年,1007,2025-05-20 21:48:37,2805,精装修,https://example.com/house/12523
朝阳区,朝阳区88号院12号楼3单元88室,两室一厅 朝阳区优质房源,两室两厅,146.7,644.31,29层/共22层,2014年,1001,2025-04-03 21:48:37,4045,精装修,https://example.com/house/12524
西城区,西城区28号院22号楼7单元33室,四室两厅 西城区优质房源,两室一厅,76.6,621.62,8层/共29层,2003年,1004,2025-11-24 21:48:37,864,南北通透,https://example.com/house/12525
朝阳区,朝阳区92号院25号楼4单元10室,两室一厅 朝阳区优质房源,两室两厅,130.6,702.31,33层/共23层,2014年,1001,2025-05-20 21:48:37,3103,精装修,https://example.com/house/12526
丰台区,丰台区93号院10号楼5单元70室,三室两厅 丰台区优质房源,四室两厅,169.5,858.23,25层/共24层,2020年,1003,2025-04-25 21:48:37,3947,学区房,https://example.com/house/12527
昌平区,昌平区54号院3号楼3单元3室,三室一厅 昌平区优质房源,三室两厅,78.5,491.3,12层/共17层,1996年,1006,2025-12-29 21:48:37,3125,近地铁,https://example.com/house/12528
顺义区,顺义区13号院7号楼2单元41室,三室一厅 顺义区优质房源,两室两厅,60.2,1391.68,25层/共19层,2019年,1007,2025-12-31 21:48:37,238,电梯房,https://example.com/house/12529
朝阳区,朝阳区82号院3号楼20单元23室,两室两厅 朝阳区优质房源,三室一厅,177.0,849.5,29层/共30层,1999年,1001,2025-12-31 21:48:37,3763,南北通透,https://example.com/house/12530
丰台区,丰台区42号院8号楼8单元36室,两室一厅 丰台区优质房源,三室一厅,155.3,1349.93,20层/共23层,2004年,1003,2026-01-02 21:48:37,19,精装修,https://example.com/house/12531
东城区,东城区53号院25号楼9单元99室,四室两厅 东城区优质房源,两室一厅,132.8,427.77,21层/共22层,1996年,1005,2025-12-03 21:48:37,480,学区房,https://example.com/house/12532
西城区,西城区32号院8号楼17单元65室,一室一厅 西城区优质房源,两室两厅,98.5,1419.12,11层/共16层,2003年,1004,2025-11-14 21:48:37,2418,电梯房,https://example.com/house/12533
东城区,东城区87号院26号楼10单元14室,两室一厅 东城区优质房源,两室两厅,101.8,819.62,27层/共32层,2009年,1005,2026-01-20 21:48:37,979,带车位,https://example.com/house/12534
朝阳区,朝阳区90号院21号楼12单元54室,三室两厅 朝阳区优质房源,两室一厅,105.2,354.28,30层/共14层,2002年,1001,2025-04-04 21:48:37,894,近地铁,https://example.com/house/12535
西城区,西城区46号院5号楼5单元97室,四室两厅 西城区优质房源,一室一厅,143.2,379.71,32层/共19层,2008年,1004,2025-05-17 21:48:37,2033,带车位,https://example.com/house/12536
朝阳区,朝阳区20号院3号楼20单元25室,三室两厅 朝阳区优质房源,两室一厅,126.4,346.29,4层/共33层,2012年,1001,2025-05-09 21:48:37,2177,南北通透,https://example.com/house/12537
昌平区,昌平区91号院30号楼6单元3室,一室一厅 昌平区优质房源,两室两厅,94.5,742.15,33层/共23层,1993年,1006,2026-02-09 21:48:37,2336,带车位,https://example.com/house/12538
丰台区,丰台区7号院3号楼12单元98室,四室两厅 丰台区优质房源,两室一厅,145.7,1084.02,19层/共11层,1991年,1003,2025-06-09 21:48:37,4891,电梯房,https://example.com/house/12539
海淀区,海淀区28号院23号楼20单元90室,三室一厅 海淀区优质房源,一室一厅,84.9,801.1,12层/共24层,2015年,1002,2026-02-05 21:48:37,799,近地铁,https://example.com/house/12540
顺义区,顺义区64号院10号楼14单元47室,三室一厅 顺义区优质房源,两室两厅,139.0,935.38,18层/共17层,2020年,1007,2025-11-29 21:48:37,3207,近地铁,https://example.com/house/12541
丰台区,丰台区95号院12号楼20单元40室,三室一厅 丰台区优质房源,四室两厅,88.7,1169.37,13层/共13层,2004年,1003,2025-12-07 21:48:37,1874,学区房,https://example.com/house/12542
丰台区,丰台区95号院26号楼20单元32室,一室一厅 丰台区优质房源,三室两厅,60.1,1147.91,17层/共25层,1990年,1003,2026-03-07 21:48:37,1356,精装修,https://example.com/house/12543
海淀区,海淀区79号院26号楼9单元52室,四室两厅 海淀区优质房源,两室一厅,99.4,920.84,30层/共20层,2006年,1002,2025-08-16 21:48:37,3670,南北通透,https://example.com/house/12544
海淀区,海淀区69号院30号楼9单元89室,一室一厅 海淀区优质房源,三室两厅,82.9,1387.88,24层/共27层,1999年,1002,2025-03-18 21:48:37,798,带车位,https://example.com/house/12545
顺义区,顺义区29号院4号楼13单元59室,四室两厅 顺义区优质房源,两室一厅,116.8,1385.85,9层/共12层,2020年,1007,2025-06-07 21:48:37,4663,学区房,https://example.com/house/12546
顺义区,顺义区91号院15号楼10单元21室,一室一厅 顺义区优质房源,两室一厅,162.2,1191.21,8层/共12层,2009年,1007,2025-11-18 21:48:37,1034,南北通透,https://example.com/house/12547
东城区,东城区36号院17号楼9单元6室,两室一厅 东城区优质房源,两室两厅,163.6,924.34,28层/共23层,1997年,1005,2025-08-10 21:48:37,4593,南北通透,https://example.com/house/12548
东城区,东城区78号院26号楼4单元8室,两室一厅 东城区优质房源,两室两厅,99.5,590.12,18层/共32层,1999年,1005,2025-12-27 21:48:37,518,带车位,https://example.com/house/12549
海淀区,海淀区13号院13号楼18单元56室,两室两厅 海淀区优质房源,三室一厅,50.6,715.92,31层/共29层,2008年,1002,2025-04-25 21:48:37,1793,精装修,https://example.com/house/12550
丰台区,丰台区25号院15号楼8单元11室,两室两厅 丰台区优质房源,两室一厅,102.9,841.61,14层/共13层,1995年,1003,2025-08-10 21:48:37,1724,电梯房,https://example.com/house/12551
东城区,东城区90号院5号楼9单元88室,两室一厅 东城区优质房源,三室一厅,172.5,1179.61,7层/共26层,2001年,1005,2025-06-20 21:48:37,2171,带车位,https://example.com/house/12552
丰台区,丰台区9号院25号楼14单元19室,四室两厅 丰台区优质房源,四室两厅,111.7,869.38,12层/共26层,1998年,1003,2025-08-02 21:48:37,3612,带车位,https://example.com/house/12553
顺义区,顺义区6号院14号楼10单元82室,一室一厅 顺义区优质房源,三室两厅,71.8,843.95,22层/共26层,2007年,1007,2025-09-10 21:48:37,1878,学区房,https://example.com/house/12554
顺义区,顺义区81号院6号楼15单元51室,两室两厅 顺义区优质房源,一室一厅,166.6,1171.48,20层/共33层,2007年,1007,2025-04-30 21:48:37,373,带车位,https://example.com/house/12555
西城区,西城区96号院6号楼16单元34室,一室一厅 西城区优质房源,三室一厅,115.3,1452.84,33层/共26层,1990年,1004,2025-07-22 21:48:37,4584,精装修,https://example.com/house/12556
丰台区,丰台区91号院15号楼12单元8室,三室一厅 丰台区优质房源,三室一厅,192.8,973.02,11层/共15层,2017年,1003,2025-08-06 21:48:37,3600,电梯房,https://example.com/house/12557
海淀区,海淀区97号院10号楼19单元57室,两室一厅 海淀区优质房源,两室两厅,93.0,1079.84,1层/共22层,2009年,1002,2026-01-29 21:48:37,3815,学区房,https://example.com/house/12558
海淀区,海淀区53号院5号楼6单元78室,两室一厅 海淀区优质房源,三室一厅,91.9,1373.36,8层/共21层,2011年,1002,2025-03-28 21:48:37,1868,南北通透,https://example.com/house/12559
海淀区,海淀区75号院24号楼10单元70室,一室一厅 海淀区优质房源,两室一厅,94.1,1282.48,11层/共11层,2002年,1002,2025-03-20 21:48:37,2162,南北通透,https://example.com/house/12560
顺义区,顺义区80号院11号楼10单元30室,三室一厅 顺义区优质房源,两室两厅,184.1,1045.12,31层/共20层,1997年,1007,2025-11-23 21:48:37,364,电梯房,https://example.com/house/12561
顺义区,顺义区58号院9号楼10单元67室,一室一厅 顺义区优质房源,三室两厅,61.8,616.8,8层/共22层,1992年,1007,2025-07-13 21:48:37,2671,南北通透,https://example.com/house/12562
东城区,东城区73号院13号楼7单元42室,一室一厅 东城区优质房源,一室一厅,192.2,1034.28,28层/共19层,2004年,1005,2026-01-01 21:48:37,1782,学区房,https://example.com/house/12563
昌平区,昌平区20号院9号楼4单元80室,一室一厅 昌平区优质房源,两室两厅,151.3,571.43,5层/共10层,2019年,1006,2025-04-22 21:48:37,3529,学区房,https://example.com/house/12564
西城区,西城区47号院29号楼17单元30室,四室两厅 西城区优质房源,两室一厅,147.3,1101.86,20层/共26层,1996年,1004,2025-03-16 21:48:37,3621,电梯房,https://example.com/house/12565
昌平区,昌平区77号院12号楼18单元22室,三室两厅 昌平区优质房源,两室两厅,175.4,792.37,9层/共33层,1992年,1006,2025-05-02 21:48:37,2923,精装修,https://example.com/house/12566
顺义区,顺义区48号院6号楼12单元87室,四室两厅 顺义区优质房源,两室两厅,62.5,400.32,21层/共29层,2000年,1007,2025-06-30 21:48:37,2612,电梯房,https://example.com/house/12567
海淀区,海淀区55号院28号楼14单元69室,三室两厅 海淀区优质房源,两室两厅,121.6,396.67,28层/共14层,2004年,1002,2026-03-10 21:48:37,2817,近地铁,https://example.com/house/12568
昌平区,昌平区8号院20号楼12单元64室,四室两厅 昌平区优质房源,一室一厅,154.7,1072.98,26层/共23层,2009年,1006,2025-09-28 21:48:37,2004,电梯房,https://example.com/house/12569
丰台区,丰台区58号院21号楼12单元2室,三室一厅 丰台区优质房源,四室两厅,146.5,1119.05,10层/共29层,1994年,1003,2026-01-10 21:48:37,4200,带车位,https://example.com/house/12570
朝阳区,朝阳区58号院11号楼16单元85室,两室一厅 朝阳区优质房源,两室两厅,90.2,1273.42,5层/共15层,1993年,1001,2025-06-24 21:48:37,4392,学区房,https://example.com/house/12571
东城区,东城区68号院11号楼7单元32室,两室一厅 东城区优质房源,两室一厅,124.9,397.29,24层/共29层,1990年,1005,2025-11-22 21:48:37,445,电梯房,https://example.com/house/12572
海淀区,海淀区33号院16号楼17单元54室,三室两厅 海淀区优质房源,三室两厅,128.4,1471.51,30层/共27层,1995年,1002,2025-09-19 21:48:37,4489,电梯房,https://example.com/house/12573
丰台区,丰台区32号院21号楼18单元5室,三室两厅 丰台区优质房源,三室一厅,106.5,1021.54,25层/共23层,1993年,1003,2026-02-26 21:48:37,4766,近地铁,https://example.com/house/12574
西城区,西城区45号院24号楼3单元48室,两室一厅 西城区优质房源,两室两厅,195.6,776.5,1层/共12层,2000年,1004,2025-07-08 21:48:37,1696,电梯房,https://example.com/house/12575
海淀区,海淀区55号院6号楼11单元10室,四室两厅 海淀区优质房源,三室一厅,153.5,434.6,33层/共14层,1992年,1002,2026-03-07 21:48:37,3191,电梯房,https://example.com/house/12576
海淀区,海淀区97号院30号楼13单元20室,四室两厅 海淀区优质房源,三室一厅,130.0,1488.6,29层/共28层,1991年,1002,2025-05-05 21:48:37,4618,近地铁,https://example.com/house/12577
海淀区,海淀区75号院8号楼16单元19室,三室一厅 海淀区优质房源,三室一厅,109.0,1206.99,4层/共26层,1994年,1002,2025-03-12 21:48:37,3706,南北通透,https://example.com/house/12578
西城区,西城区74号院3号楼8单元42室,四室两厅 西城区优质房源,两室一厅,131.8,1239.37,31层/共31层,1994年,1004,2025-08-26 21:48:37,398,近地铁,https://example.com/house/12579
顺义区,顺义区20号院28号楼8单元43室,两室两厅 顺义区优质房源,三室两厅,141.9,974.64,4层/共24层,1998年,1007,2025-03-17 21:48:37,135,学区房,https://example.com/house/12580
朝阳区,朝阳区2号院13号楼2单元27室,三室一厅 朝阳区优质房源,一室一厅,107.2,1124.21,3层/共11层,2005年,1001,2025-06-17 21:48:37,230,学区房,https://example.com/house/12581
顺义区,顺义区9号院24号楼12单元71室,一室一厅 顺义区优质房源,一室一厅,176.9,313.52,2层/共32层,2009年,1007,2026-03-01 21:48:37,4184,带车位,https://example.com/house/12582
顺义区,顺义区1号院2号楼16单元19室,两室两厅 顺义区优质房源,三室两厅,98.4,1283.47,8层/共21层,2015年,1007,2026-01-25 21:48:37,525,精装修,https://example.com/house/12583
朝阳区,朝阳区13号院23号楼19单元71室,三室两厅 朝阳区优质房源,一室一厅,66.2,932.43,6层/共18层,2011年,1001,2026-03-08 21:48:37,4716,精装修,https://example.com/house/12584
海淀区,海淀区85号院29号楼9单元87室,四室两厅 海淀区优质房源,两室一厅,148.5,1441.56,13层/共26层,2004年,1002,2025-05-07 21:48:37,1812,电梯房,https://example.com/house/12585
东城区,东城区16号院1号楼18单元46室,三室一厅 东城区优质房源,三室两厅,148.2,927.63,28层/共21层,2019年,1005,2025-09-16 21:48:37,2905,精装修,https://example.com/house/12586
丰台区,丰台区69号院1号楼3单元33室,两室两厅 丰台区优质房源,四室两厅,99.2,675.38,24层/共22层,2005年,1003,2025-10-19 21:48:37,2611,精装修,https://example.com/house/12587
昌平区,昌平区68号院13号楼13单元64室,三室两厅 昌平区优质房源,一室一厅,148.2,1490.71,17层/共31层,2007年,1006,2025-10-24 21:48:37,2129,学区房,https://example.com/house/12588
昌平区,昌平区2号院28号楼10单元14室,三室两厅 昌平区优质房源,两室一厅,123.2,342.01,28层/共18层,1998年,1006,2025-06-12 21:48:37,410,电梯房,https://example.com/house/12589
丰台区,丰台区32号院20号楼17单元59室,两室两厅 丰台区优质房源,两室两厅,98.0,1227.66,5层/共17层,1999年,1003,2025-10-31 21:48:37,4678,近地铁,https://example.com/house/12590
朝阳区,朝阳区32号院18号楼6单元55室,三室两厅 朝阳区优质房源,三室两厅,60.6,1016.14,31层/共31层,2017年,1001,2025-07-22 21:48:37,4219,电梯房,https://example.com/house/12591
朝阳区,朝阳区78号院29号楼4单元24室,四室两厅 朝阳区优质房源,三室一厅,142.7,481.09,12层/共33层,1990年,1001,2026-02-04 21:48:37,1609,带车位,https://example.com/house/12592
海淀区,海淀区81号院20号楼20单元72室,三室一厅 海淀区优质房源,两室一厅,77.9,754.22,26层/共29层,2005年,1002,2026-02-14 21:48:37,85,带车位,https://example.com/house/12593
丰台区,丰台区19号院22号楼8单元92室,两室两厅 丰台区优质房源,三室一厅,123.5,751.21,18层/共19层,2010年,1003,2025-06-04 21:48:37,2060,带车位,https://example.com/house/12594
西城区,西城区99号院10号楼15单元40室,两室一厅 西城区优质房源,四室两厅,171.3,1396.38,28层/共20层,2020年,1004,2026-03-08 21:48:37,752,带车位,https://example.com/house/12595
东城区,东城区45号院8号楼19单元54室,四室两厅 东城区优质房源,两室两厅,151.4,567.71,21层/共21层,2014年,1005,2026-02-15 21:48:37,1576,精装修,https://example.com/house/12596
海淀区,海淀区57号院12号楼19单元84室,一室一厅 海淀区优质房源,一室一厅,188.6,493.47,5层/共32层,2008年,1002,2025-07-11 21:48:37,269,近地铁,https://example.com/house/12597
海淀区,海淀区45号院18号楼18单元44室,两室两厅 海淀区优质房源,两室一厅,147.4,1090.14,18层/共24层,2003年,1002,2025-05-11 21:48:37,24,电梯房,https://example.com/house/12598
西城区,西城区94号院2号楼9单元49室,三室一厅 西城区优质房源,三室一厅,86.4,999.48,31层/共31层,2015年,1004,2025-12-06 21:48:37,3827,电梯房,https://example.com/house/12599
朝阳区,朝阳区74号院20号楼9单元5室,三室两厅 朝阳区优质房源,三室两厅,76.2,731.11,30层/共12层,2014年,1001,2025-11-08 21:48:37,212,精装修,https://example.com/house/12600
顺义区,顺义区76号院4号楼18单元18室,三室两厅 顺义区优质房源,两室一厅,143.5,1322.69,10层/共26层,2006年,1007,2025-03-29 21:48:37,47,学区房,https://example.com/house/12601
海淀区,海淀区40号院11号楼14单元58室,两室一厅 海淀区优质房源,两室两厅,150.3,1061.33,30层/共18层,1990年,1002,2025-08-30 21:48:37,1561,电梯房,https://example.com/house/12602
朝阳区,朝阳区70号院19号楼9单元92室,两室两厅 朝阳区优质房源,四室两厅,145.3,1341.16,11层/共16层,1993年,1001,2025-11-18 21:48:37,2635,电梯房,https://example.com/house/12603
朝阳区,朝阳区51号院22号楼18单元13室,一室一厅 朝阳区优质房源,一室一厅,98.0,410.47,25层/共17层,2016年,1001,2025-06-02 21:48:37,816,近地铁,https://example.com/house/12604
东城区,东城区47号院2号楼16单元69室,两室一厅 东城区优质房源,三室一厅,55.6,925.96,19层/共28层,2013年,1005,2025-12-22 21:48:37,2689,学区房,https://example.com/house/12605
东城区,东城区11号院6号楼4单元73室,三室两厅 东城区优质房源,一室一厅,146.8,518.39,26层/共14层,1993年,1005,2026-01-07 21:48:37,4699,南北通透,https://example.com/house/12606
丰台区,丰台区38号院11号楼11单元72室,四室两厅 丰台区优质房源,两室两厅,190.1,1288.7,10层/共12层,2019年,1003,2025-10-31 21:48:37,1610,精装修,https://example.com/house/12607
丰台区,丰台区72号院21号楼11单元2室,三室一厅 丰台区优质房源,两室一厅,121.3,778.8,24层/共14层,1995年,1003,2025-10-10 21:48:37,3121,近地铁,https://example.com/house/12608
丰台区,丰台区20号院2号楼11单元50室,一室一厅 丰台区优质房源,四室两厅,137.8,1265.57,11层/共31层,1997年,1003,2025-04-30 21:48:37,4442,电梯房,https://example.com/house/12609
东城区,东城区92号院5号楼11单元80室,三室一厅 东城区优质房源,两室两厅,101.3,923.96,26层/共30层,2002年,1005,2026-02-18 21:48:37,1125,南北通透,https://example.com/house/12610
西城区,西城区40号院15号楼1单元25室,两室两厅 西城区优质房源,三室一厅,68.4,930.73,24层/共29层,2013年,1004,2026-02-17 21:48:37,568,近地铁,https://example.com/house/12611
昌平区,昌平区67号院25号楼15单元24室,三室一厅 昌平区优质房源,三室一厅,188.8,1283.05,8层/共14层,2008年,1006,2025-05-10 21:48:37,4371,南北通透,https://example.com/house/12612
昌平区,昌平区30号院9号楼9单元90室,三室两厅 昌平区优质房源,一室一厅,86.4,875.03,10层/共17层,2004年,1006,2025-05-04 21:48:37,3180,电梯房,https://example.com/house/12613
昌平区,昌平区95号院3号楼16单元22室,四室两厅 昌平区优质房源,两室一厅,152.5,855.86,22层/共11层,1991年,1006,2025-10-24 21:48:37,2925,南北通透,https://example.com/house/12614
昌平区,昌平区93号院3号楼12单元81室,两室一厅 昌平区优质房源,两室两厅,194.5,241.77,9层/共16层,2013年,1006,2025-07-15 21:48:37,4616,学区房,https://example.com/house/12615
昌平区,昌平区92号院17号楼8单元56室,三室一厅 昌平区优质房源,两室一厅,147.3,849.45,10层/共19层,2019年,1006,2025-07-27 21:48:37,1649,南北通透,https://example.com/house/12616
海淀区,海淀区87号院28号楼1单元15室,三室两厅 海淀区优质房源,三室两厅,95.7,1421.73,30层/共17层,2014年,1002,2025-10-16 21:48:37,66,电梯房,https://example.com/house/12617
朝阳区,朝阳区17号院16号楼16单元5室,三室两厅 朝阳区优质房源,一室一厅,142.9,946.8,29层/共13层,2001年,1001,2025-12-29 21:48:37,3899,带车位,https://example.com/house/12618
昌平区,昌平区16号院2号楼7单元66室,三室两厅 昌平区优质房源,三室一厅,179.8,820.37,10层/共32层,2002年,1006,2025-12-15 21:48:37,2764,带车位,https://example.com/house/12619
海淀区,海淀区42号院16号楼4单元93室,一室一厅 海淀区优质房源,一室一厅,156.4,246.75,9层/共11层,2009年,1002,2025-08-03 21:48:37,2264,南北通透,https://example.com/house/12620
西城区,西城区10号院12号楼17单元53室,三室两厅 西城区优质房源,三室两厅,80.1,1051.41,25层/共16层,2005年,1004,2025-04-13 21:48:37,602,学区房,https://example.com/house/12621
朝阳区,朝阳区54号院1号楼16单元29室,两室一厅 朝阳区优质房源,四室两厅,194.2,1351.7,2层/共11层,2001年,1001,2025-07-16 21:48:37,1748,电梯房,https://example.com/house/12622
丰台区,丰台区87号院2号楼20单元90室,两室两厅 丰台区优质房源,一室一厅,67.8,682.79,15层/共19层,2005年,1003,2025-08-04 21:48:37,3683,近地铁,https://example.com/house/12623
东城区,东城区76号院14号楼15单元92室,两室一厅 东城区优质房源,四室两厅,102.4,1309.08,4层/共30层,1990年,1005,2025-04-01 21:48:37,4729,学区房,https://example.com/house/12624
昌平区,昌平区66号院23号楼14单元96室,三室两厅 昌平区优质房源,两室两厅,157.1,1334.89,18层/共17层,2019年,1006,2025-04-11 21:48:37,2133,电梯房,https://example.com/house/12625
丰台区,丰台区16号院27号楼8单元79室,三室两厅 丰台区优质房源,两室一厅,166.8,888.36,24层/共12层,2010年,1003,2025-07-04 21:48:37,3532,精装修,https://example.com/house/12626
顺义区,顺义区5号院22号楼4单元80室,三室一厅 顺义区优质房源,三室一厅,161.0,594.18,9层/共16层,2016年,1007,2025-05-29 21:48:37,2389,南北通透,https://example.com/house/12627
顺义区,顺义区42号院17号楼1单元13室,两室两厅 顺义区优质房源,三室一厅,66.3,618.05,19层/共17层,2010年,1007,2026-02-19 21:48:37,3473,带车位,https://example.com/house/12628
丰台区,丰台区23号院2号楼2单元10室,三室两厅 丰台区优质房源,两室两厅,114.8,473.69,2层/共30层,1996年,1003,2026-03-03 21:48:37,1860,南北通透,https://example.com/house/12629
昌平区,昌平区23号院3号楼4单元96室,两室两厅 昌平区优质房源,三室两厅,122.0,266.94,14层/共33层,2001年,1006,2025-03-12 21:48:37,2606,带车位,https://example.com/house/12630
朝阳区,朝阳区25号院24号楼9单元49室,四室两厅 朝阳区优质房源,两室一厅,184.7,1280.89,32层/共30层,2007年,1001,2025-10-01 21:48:37,1799,精装修,https://example.com/house/12631
东城区,东城区73号院15号楼16单元30室,两室一厅 东城区优质房源,一室一厅,55.7,712.27,1层/共25层,1999年,1005,2025-08-11 21:48:37,3315,近地铁,https://example.com/house/12632
西城区,西城区99号院22号楼15单元54室,四室两厅 西城区优质房源,一室一厅,121.9,1266.96,33层/共33层,1994年,1004,2025-05-04 21:48:37,3890,带车位,https://example.com/house/12633
海淀区,海淀区52号院20号楼6单元64室,三室一厅 海淀区优质房源,三室两厅,121.8,1068.28,6层/共33层,1997年,1002,2025-11-19 21:48:37,2636,带车位,https://example.com/house/12634
昌平区,昌平区69号院12号楼11单元64室,两室一厅 昌平区优质房源,三室一厅,152.6,1194.25,14层/共24层,2006年,1006,2025-11-08 21:48:37,3988,学区房,https://example.com/house/12635
朝阳区,朝阳区79号院2号楼2单元26室,三室两厅 朝阳区优质房源,一室一厅,115.9,1386.92,10层/共12层,1998年,1001,2025-09-29 21:48:37,905,带车位,https://example.com/house/12636
朝阳区,朝阳区55号院7号楼10单元72室,一室一厅 朝阳区优质房源,三室一厅,182.5,1424.9,18层/共13层,2016年,1001,2025-03-16 21:48:37,3355,南北通透,https://example.com/house/12637
丰台区,丰台区61号院5号楼15单元34室,一室一厅 丰台区优质房源,四室两厅,62.1,590.56,10层/共14层,1990年,1003,2025-10-17 21:48:37,117,学区房,https://example.com/house/12638
顺义区,顺义区27号院21号楼9单元80室,四室两厅 顺义区优质房源,一室一厅,176.7,982.3,26层/共32层,2016年,1007,2025-06-29 21:48:37,3382,近地铁,https://example.com/house/12639
西城区,西城区19号院6号楼5单元83室,两室一厅 西城区优质房源,一室一厅,180.1,772.3,33层/共15层,2016年,1004,2025-05-09 21:48:37,185,南北通透,https://example.com/house/12640
东城区,东城区89号院27号楼10单元73室,一室一厅 东城区优质房源,两室两厅,89.6,351.83,10层/共13层,1993年,1005,2026-01-28 21:48:37,2644,电梯房,https://example.com/house/12641
东城区,东城区74号院19号楼19单元9室,三室一厅 东城区优质房源,两室两厅,98.8,250.47,30层/共33层,2000年,1005,2025-07-02 21:48:37,2742,南北通透,https://example.com/house/12642
海淀区,海淀区9号院3号楼19单元55室,两室一厅 海淀区优质房源,三室两厅,162.4,520.33,17层/共25层,2016年,1002,2025-12-06 21:48:37,292,近地铁,https://example.com/house/12643
昌平区,昌平区23号院1号楼11单元43室,两室一厅 昌平区优质房源,两室一厅,69.8,707.51,5层/共14层,2015年,1006,2026-02-10 21:48:37,1679,精装修,https://example.com/house/12644
东城区,东城区65号院11号楼5单元57室,三室两厅 东城区优质房源,四室两厅,51.1,1065.47,16层/共30层,1994年,1005,2025-05-27 21:48:37,2440,带车位,https://example.com/house/12645
朝阳区,朝阳区21号院4号楼2单元8室,两室一厅 朝阳区优质房源,一室一厅,130.2,949.31,2层/共17层,1991年,1001,2025-12-15 21:48:37,2860,精装修,https://example.com/house/12646
昌平区,昌平区20号院20号楼5单元83室,三室两厅 昌平区优质房源,两室两厅,172.9,1006.61,19层/共24层,2016年,1006,2025-11-16 21:48:37,2286,南北通透,https://example.com/house/12647
海淀区,海淀区59号院27号楼3单元97室,三室两厅 海淀区优质房源,三室一厅,188.7,444.54,5层/共25层,1996年,1002,2025-07-20 21:48:37,2034,带车位,https://example.com/house/12648
西城区,西城区31号院21号楼20单元50室,一室一厅 西城区优质房源,三室两厅,126.9,831.62,22层/共30层,1996年,1004,2025-11-17 21:48:37,1556,近地铁,https://example.com/house/12649
东城区,东城区16号院28号楼3单元61室,两室两厅 东城区优质房源,三室一厅,124.9,1333.44,3层/共18层,2020年,1005,2025-06-28 21:48:37,98,电梯房,https://example.com/house/12650
丰台区,丰台区63号院8号楼12单元96室,四室两厅 丰台区优质房源,一室一厅,69.2,1447.71,30层/共16层,2013年,1003,2025-12-14 21:48:37,1365,精装修,https://example.com/house/12651
东城区,东城区24号院2号楼4单元20室,两室一厅 东城区优质房源,三室一厅,183.4,1487.44,5层/共15层,2007年,1005,2025-10-30 21:48:37,2467,带车位,https://example.com/house/12652
顺义区,顺义区84号院29号楼20单元39室,一室一厅 顺义区优质房源,三室一厅,134.0,1064.39,22层/共25层,1994年,1007,2025-04-07 21:48:37,3655,南北通透,https://example.com/house/12653
东城区,东城区62号院1号楼1单元93室,一室一厅 东城区优质房源,两室两厅,70.1,892.6,17层/共22层,2020年,1005,2026-02-12 21:48:37,1811,精装修,https://example.com/house/12654
昌平区,昌平区98号院24号楼19单元39室,两室两厅 昌平区优质房源,三室两厅,124.6,865.46,26层/共24层,2016年,1006,2026-01-10 21:48:37,3264,精装修,https://example.com/house/12655
海淀区,海淀区35号院29号楼9单元36室,两室一厅 海淀区优质房源,四室两厅,66.0,1215.32,5层/共11层,2010年,1002,2025-10-18 21:48:37,4160,南北通透,https://example.com/house/12656
东城区,东城区28号院30号楼20单元48室,两室两厅 东城区优质房源,两室一厅,158.1,218.71,29层/共22层,1992年,1005,2026-02-12 21:48:37,3407,近地铁,https://example.com/house/12657
丰台区,丰台区91号院4号楼12单元45室,一室一厅 丰台区优质房源,三室一厅,199.8,745.61,17层/共32层,2000年,1003,2025-09-17 21:48:37,4133,精装修,https://example.com/house/12658
昌平区,昌平区23号院21号楼12单元52室,三室两厅 昌平区优质房源,两室两厅,164.5,346.77,16层/共22层,2001年,1006,2025-06-13 21:48:37,1877,南北通透,https://example.com/house/12659
丰台区,丰台区91号院5号楼19单元47室,三室两厅 丰台区优质房源,三室一厅,183.3,1214.18,24层/共16层,1991年,1003,2025-06-06 21:48:37,18,精装修,https://example.com/house/12660
昌平区,昌平区50号院22号楼3单元78室,三室两厅 昌平区优质房源,三室一厅,156.6,283.78,7层/共19层,2013年,1006,2025-03-16 21:48:37,4602,精装修,https://example.com/house/12661
东城区,东城区41号院6号楼12单元53室,四室两厅 东城区优质房源,三室一厅,189.4,940.91,7层/共12层,1999年,1005,2026-01-12 21:48:37,4714,南北通透,https://example.com/house/12662
昌平区,昌平区38号院28号楼14单元34室,两室两厅 昌平区优质房源,两室两厅,108.8,861.34,28层/共30层,2015年,1006,2026-02-25 21:48:37,4397,近地铁,https://example.com/house/12663
西城区,西城区93号院3号楼17单元17室,两室两厅 西城区优质房源,一室一厅,80.6,446.47,28层/共15层,2012年,1004,2025-08-03 21:48:37,600,电梯房,https://example.com/house/12664
西城区,西城区53号院30号楼14单元62室,一室一厅 西城区优质房源,两室一厅,173.4,796.91,6层/共25层,1992年,1004,2026-02-16 21:48:37,2483,近地铁,https://example.com/house/12665
东城区,东城区68号院4号楼19单元69室,三室一厅 东城区优质房源,三室两厅,187.7,971.05,33层/共18层,1995年,1005,2025-12-14 21:48:37,4624,学区房,https://example.com/house/12666
西城区,西城区47号院26号楼10单元98室,两室两厅 西城区优质房源,两室两厅,92.3,1432.16,26层/共30层,2014年,1004,2025-04-12 21:48:37,4957,近地铁,https://example.com/house/12667
丰台区,丰台区3号院21号楼9单元45室,四室两厅 丰台区优质房源,两室两厅,130.0,1142.79,14层/共13层,2016年,1003,2025-03-20 21:48:37,4819,带车位,https://example.com/house/12668
西城区,西城区32号院25号楼20单元67室,两室一厅 西城区优质房源,两室一厅,140.9,1410.55,18层/共31层,1993年,1004,2025-04-08 21:48:37,682,电梯房,https://example.com/house/12669
东城区,东城区25号院13号楼9单元5室,一室一厅 东城区优质房源,三室一厅,56.2,238.62,9层/共24层,2004年,1005,2026-02-09 21:48:37,4216,学区房,https://example.com/house/12670
东城区,东城区43号院11号楼15单元54室,一室一厅 东城区优质房源,三室两厅,76.4,928.03,2层/共14层,1995年,1005,2025-08-31 21:48:37,1468,南北通透,https://example.com/house/12671
顺义区,顺义区3号院24号楼9单元43室,三室两厅 顺义区优质房源,两室两厅,84.1,729.56,31层/共27层,2014年,1007,2026-01-30 21:48:37,4619,学区房,https://example.com/house/12672
西城区,西城区68号院12号楼13单元73室,两室两厅 西城区优质房源,四室两厅,114.4,996.83,14层/共22层,2013年,1004,2025-06-24 21:48:37,4963,带车位,https://example.com/house/12673
顺义区,顺义区5号院5号楼4单元53室,四室两厅 顺义区优质房源,四室两厅,94.4,1332.64,7层/共31层,2019年,1007,2025-09-06 21:48:37,4056,学区房,https://example.com/house/12674
西城区,西城区50号院24号楼20单元95室,三室两厅 西城区优质房源,四室两厅,80.0,1371.55,11层/共15层,1994年,1004,2025-07-14 21:48:37,575,电梯房,https://example.com/house/12675
昌平区,昌平区4号院29号楼11单元48室,三室两厅 昌平区优质房源,两室两厅,198.7,1350.98,13层/共26层,1991年,1006,2025-09-01 21:48:37,4625,电梯房,https://example.com/house/12676
丰台区,丰台区14号院24号楼16单元18室,三室一厅 丰台区优质房源,三室一厅,130.0,964.11,33层/共13层,2003年,1003,2025-11-23 21:48:37,2714,学区房,https://example.com/house/12677
西城区,西城区63号院13号楼1单元14室,两室一厅 西城区优质房源,两室两厅,74.9,1390.76,23层/共10层,1998年,1004,2025-07-12 21:48:37,4229,学区房,https://example.com/house/12678
昌平区,昌平区40号院3号楼4单元70室,两室一厅 昌平区优质房源,三室一厅,83.8,478.1,18层/共19层,2014年,1006,2025-05-31 21:48:37,2126,南北通透,https://example.com/house/12679
海淀区,海淀区45号院28号楼1单元16室,三室一厅 海淀区优质房源,两室一厅,115.1,466.26,16层/共31层,2003年,1002,2025-12-28 21:48:37,2610,精装修,https://example.com/house/12680
丰台区,丰台区14号院28号楼12单元75室,三室两厅 丰台区优质房源,三室一厅,176.4,846.31,11层/共22层,2001年,1003,2025-06-18 21:48:37,3461,电梯房,https://example.com/house/12681
西城区,西城区5号院18号楼5单元5室,两室两厅 西城区优质房源,一室一厅,137.4,799.86,21层/共25层,1996年,1004,2026-02-22 21:48:37,2288,带车位,https://example.com/house/12682
西城区,西城区15号院10号楼19单元77室,三室一厅 西城区优质房源,四室两厅,127.7,1142.42,16层/共26层,2003年,1004,2025-11-21 21:48:37,2388,电梯房,https://example.com/house/12683
朝阳区,朝阳区57号院3号楼10单元67室,两室两厅 朝阳区优质房源,两室两厅,76.7,999.28,16层/共24层,1996年,1001,2025-11-02 21:48:37,1831,南北通透,https://example.com/house/12684
朝阳区,朝阳区35号院11号楼16单元99室,三室两厅 朝阳区优质房源,三室一厅,162.5,418.24,14层/共24层,1992年,1001,2025-04-29 21:48:37,1074,精装修,https://example.com/house/12685
朝阳区,朝阳区16号院17号楼8单元60室,两室两厅 朝阳区优质房源,两室两厅,57.2,669.26,13层/共29层,2009年,1001,2025-10-21 21:48:37,211,南北通透,https://example.com/house/12686
东城区,东城区26号院5号楼2单元30室,四室两厅 东城区优质房源,四室两厅,140.6,1368.71,25层/共17层,2003年,1005,2025-08-30 21:48:37,3258,学区房,https://example.com/house/12687
昌平区,昌平区83号院26号楼16单元49室,四室两厅 昌平区优质房源,四室两厅,52.7,668.5,11层/共25层,2002年,1006,2025-12-24 21:48:37,1583,电梯房,https://example.com/house/12688
西城区,西城区26号院15号楼3单元49室,一室一厅 西城区优质房源,三室一厅,52.4,346.26,10层/共13层,2013年,1004,2025-08-06 21:48:37,3436,南北通透,https://example.com/house/12689
丰台区,丰台区61号院1号楼4单元54室,四室两厅 丰台区优质房源,三室一厅,132.7,1495.21,12层/共18层,1991年,1003,2025-05-30 21:48:37,2635,南北通透,https://example.com/house/12690
海淀区,海淀区9号院8号楼12单元77室,四室两厅 海淀区优质房源,三室两厅,82.3,1212.65,28层/共10层,2007年,1002,2026-02-17 21:48:37,1692,电梯房,https://example.com/house/12691
西城区,西城区87号院11号楼19单元13室,两室两厅 西城区优质房源,三室两厅,89.6,389.98,32层/共30层,1993年,1004,2025-08-14 21:48:37,1117,精装修,https://example.com/house/12692
西城区,西城区2号院17号楼2单元1室,两室两厅 西城区优质房源,一室一厅,109.7,742.98,10层/共33层,1997年,1004,2025-08-14 21:48:37,3015,电梯房,https://example.com/house/12693
海淀区,海淀区88号院22号楼4单元98室,三室一厅 海淀区优质房源,三室一厅,92.4,1177.2,32层/共20层,2002年,1002,2026-01-21 21:48:37,272,电梯房,https://example.com/house/12694
丰台区,丰台区5号院7号楼5单元38室,三室一厅 丰台区优质房源,一室一厅,103.6,1332.06,4层/共23层,2008年,1003,2026-02-07 21:48:37,2470,南北通透,https://example.com/house/12695
朝阳区,朝阳区30号院28号楼19单元56室,三室两厅 朝阳区优质房源,两室两厅,76.6,1232.36,20层/共16层,2010年,1001,2025-09-29 21:48:37,90,电梯房,https://example.com/house/12696
昌平区,昌平区41号院17号楼16单元55室,三室两厅 昌平区优质房源,三室一厅,104.5,557.58,28层/共29层,2013年,1006,2026-03-08 21:48:37,591,电梯房,https://example.com/house/12697
丰台区,丰台区75号院25号楼17单元17室,两室两厅 丰台区优质房源,一室一厅,106.9,576.92,21层/共15层,1994年,1003,2025-05-31 21:48:37,2614,南北通透,https://example.com/house/12698
顺义区,顺义区28号院15号楼9单元9室,一室一厅 顺义区优质房源,三室一厅,155.7,1084.72,32层/共10层,2009年,1007,2025-09-21 21:48:37,3981,近地铁,https://example.com/house/12699
顺义区,顺义区91号院20号楼3单元92室,两室两厅 顺义区优质房源,三室两厅,106.6,1090.92,1层/共31层,2002年,1007,2026-01-27 21:48:37,1045,学区房,https://example.com/house/12700
朝阳区,朝阳区55号院9号楼15单元94室,三室一厅 朝阳区优质房源,两室一厅,175.3,418.28,3层/共23层,2018年,1001,2025-03-30 21:48:37,2145,精装修,https://example.com/house/12701
西城区,西城区88号院12号楼17单元13室,一室一厅 西城区优质房源,两室一厅,76.3,789.6,32层/共16层,1991年,1004,2026-03-01 21:48:37,4426,南北通透,https://example.com/house/12702
朝阳区,朝阳区32号院30号楼2单元96室,三室一厅 朝阳区优质房源,一室一厅,67.9,1315.83,30层/共27层,2020年,1001,2025-09-28 21:48:37,1129,带车位,https://example.com/house/12703
丰台区,丰台区84号院7号楼11单元92室,三室一厅 丰台区优质房源,三室一厅,192.9,1052.43,22层/共11层,2012年,1003,2025-06-04 21:48:37,1241,带车位,https://example.com/house/12704
丰台区,丰台区96号院8号楼10单元43室,一室一厅 丰台区优质房源,三室一厅,172.6,1452.45,15层/共15层,1998年,1003,2025-07-07 21:48:37,1606,南北通透,https://example.com/house/12705
朝阳区,朝阳区72号院28号楼12单元54室,两室两厅 朝阳区优质房源,两室两厅,50.4,1239.84,3层/共13层,2019年,1001,2025-09-05 21:48:37,4710,南北通透,https://example.com/house/12706
昌平区,昌平区46号院21号楼5单元5室,三室两厅 昌平区优质房源,四室两厅,109.8,235.13,8层/共21层,2001年,1006,2025-11-30 21:48:37,3587,电梯房,https://example.com/house/12707
东城区,东城区7号院18号楼12单元38室,两室一厅 东城区优质房源,三室一厅,148.8,1088.22,15层/共20层,2015年,1005,2025-03-26 21:48:37,2797,学区房,https://example.com/house/12708
西城区,西城区60号院24号楼20单元44室,两室两厅 西城区优质房源,三室一厅,143.9,1414.84,5层/共22层,2013年,1004,2025-11-25 21:48:37,2200,带车位,https://example.com/house/12709
海淀区,海淀区96号院19号楼2单元48室,一室一厅 海淀区优质房源,两室两厅,143.7,648.03,1层/共19层,2010年,1002,2025-05-16 21:48:37,3335,近地铁,https://example.com/house/12710
西城区,西城区59号院16号楼8单元33室,两室一厅 西城区优质房源,两室两厅,52.8,1355.97,25层/共30层,2020年,1004,2025-11-11 21:48:37,590,学区房,https://example.com/house/12711
东城区,东城区31号院14号楼14单元67室,一室一厅 东城区优质房源,三室两厅,103.7,1127.97,4层/共22层,2004年,1005,2025-06-01 21:48:37,2390,近地铁,https://example.com/house/12712
东城区,东城区60号院23号楼1单元16室,三室一厅 东城区优质房源,三室一厅,64.7,966.33,14层/共33层,1996年,1005,2025-05-24 21:48:37,3513,电梯房,https://example.com/house/12713
昌平区,昌平区80号院4号楼3单元6室,四室两厅 昌平区优质房源,一室一厅,134.2,889.93,7层/共20层,1996年,1006,2025-06-17 21:48:37,825,学区房,https://example.com/house/12714
昌平区,昌平区1号院23号楼20单元85室,两室一厅 昌平区优质房源,四室两厅,142.4,334.26,20层/共28层,2011年,1006,2025-10-06 21:48:37,4464,近地铁,https://example.com/house/12715
丰台区,丰台区53号院4号楼13单元51室,三室两厅 丰台区优质房源,三室两厅,98.2,1155.71,9层/共22层,2020年,1003,2025-03-30 21:48:37,2930,近地铁,https://example.com/house/12716
丰台区,丰台区18号院11号楼2单元6室,三室一厅 丰台区优质房源,两室一厅,71.5,653.55,27层/共18层,2014年,1003,2025-11-04 21:48:37,3280,电梯房,https://example.com/house/12717
西城区,西城区24号院4号楼9单元83室,一室一厅 西城区优质房源,三室一厅,53.3,1393.36,7层/共33层,2005年,1004,2025-04-27 21:48:37,4815,学区房,https://example.com/house/12718
丰台区,丰台区5号院30号楼13单元56室,三室一厅 丰台区优质房源,两室一厅,87.1,344.09,8层/共32层,1998年,1003,2025-03-14 21:48:37,384,带车位,https://example.com/house/12719
昌平区,昌平区2号院7号楼2单元36室,两室一厅 昌平区优质房源,四室两厅,155.6,1031.99,33层/共24层,2003年,1006,2025-06-28 21:48:37,2873,学区房,https://example.com/house/12720
昌平区,昌平区19号院22号楼14单元9室,两室两厅 昌平区优质房源,两室两厅,113.8,291.98,21层/共10层,2001年,1006,2025-06-30 21:48:37,1291,近地铁,https://example.com/house/12721
海淀区,海淀区97号院7号楼11单元37室,一室一厅 海淀区优质房源,三室两厅,68.0,1362.97,12层/共16层,2015年,1002,2025-07-13 21:48:37,388,精装修,https://example.com/house/12722
朝阳区,朝阳区12号院21号楼3单元13室,两室一厅 朝阳区优质房源,四室两厅,82.3,1242.91,16层/共24层,2003年,1001,2025-11-19 21:48:37,1842,带车位,https://example.com/house/12723
顺义区,顺义区16号院18号楼17单元95室,四室两厅 顺义区优质房源,三室两厅,157.8,838.33,18层/共20层,1991年,1007,2026-02-20 21:48:37,910,南北通透,https://example.com/house/12724
东城区,东城区16号院27号楼18单元49室,三室两厅 东城区优质房源,两室两厅,133.1,1052.61,24层/共14层,2014年,1005,2025-10-24 21:48:37,3621,南北通透,https://example.com/house/12725
朝阳区,朝阳区24号院1号楼18单元56室,两室一厅 朝阳区优质房源,三室一厅,160.4,1407.21,1层/共15层,2014年,1001,2025-12-09 21:48:37,4869,带车位,https://example.com/house/12726
顺义区,顺义区54号院6号楼20单元70室,两室两厅 顺义区优质房源,三室一厅,123.7,331.34,14层/共24层,1992年,1007,2025-06-16 21:48:37,1100,近地铁,https://example.com/house/12727
西城区,西城区45号院19号楼10单元96室,一室一厅 西城区优质房源,三室一厅,53.5,494.95,10层/共26层,2020年,1004,2026-01-27 21:48:37,2462,带车位,https://example.com/house/12728
海淀区,海淀区65号院27号楼3单元48室,四室两厅 海淀区优质房源,两室两厅,66.5,656.84,16层/共25层,2011年,1002,2026-01-30 21:48:37,430,南北通透,https://example.com/house/12729
朝阳区,朝阳区57号院24号楼16单元52室,两室一厅 朝阳区优质房源,两室两厅,122.0,1419.24,28层/共22层,2005年,1001,2025-10-04 21:48:37,2792,学区房,https://example.com/house/12730
东城区,东城区4号院13号楼5单元45室,四室两厅 东城区优质房源,四室两厅,137.0,1284.75,31层/共29层,1991年,1005,2025-06-23 21:48:37,4053,带车位,https://example.com/house/12731
西城区,西城区3号院22号楼14单元92室,三室两厅 西城区优质房源,一室一厅,62.2,885.61,1层/共17层,2006年,1004,2025-04-07 21:48:37,28,南北通透,https://example.com/house/12732
朝阳区,朝阳区2号院19号楼14单元48室,三室两厅 朝阳区优质房源,一室一厅,94.1,1118.02,15层/共29层,2016年,1001,2025-09-09 21:48:37,1904,南北通透,https://example.com/house/12733
丰台区,丰台区23号院7号楼8单元14室,三室两厅 丰台区优质房源,两室一厅,137.4,538.89,30层/共18层,1997年,1003,2025-11-10 21:48:37,4306,电梯房,https://example.com/house/12734
海淀区,海淀区51号院19号楼6单元77室,三室两厅 海淀区优质房源,一室一厅,168.9,1418.11,10层/共13层,2015年,1002,2025-05-31 21:48:37,4996,学区房,https://example.com/house/12735
昌平区,昌平区35号院1号楼5单元73室,三室两厅 昌平区优质房源,三室两厅,167.2,975.39,4层/共11层,2007年,1006,2025-12-02 21:48:37,1490,精装修,https://example.com/house/12736
丰台区,丰台区44号院29号楼2单元45室,两室两厅 丰台区优质房源,两室两厅,93.2,1149.04,7层/共25层,2004年,1003,2025-09-09 21:48:37,88,带车位,https://example.com/house/12737
海淀区,海淀区72号院15号楼12单元82室,两室两厅 海淀区优质房源,两室一厅,164.0,754.03,7层/共11层,1991年,1002,2025-04-09 21:48:37,4538,带车位,https://example.com/house/12738
顺义区,顺义区85号院8号楼6单元2室,三室一厅 顺义区优质房源,一室一厅,143.2,784.57,29层/共33层,2006年,1007,2026-01-20 21:48:37,2153,带车位,https://example.com/house/12739
昌平区,昌平区81号院9号楼5单元33室,四室两厅 昌平区优质房源,一室一厅,67.1,401.18,23层/共30层,2013年,1006,2025-04-26 21:48:37,1905,学区房,https://example.com/house/12740
东城区,东城区71号院17号楼17单元49室,三室一厅 东城区优质房源,两室两厅,143.1,1388.21,3层/共22层,1999年,1005,2025-04-19 21:48:37,2998,学区房,https://example.com/house/12741
丰台区,丰台区38号院20号楼4单元57室,三室一厅 丰台区优质房源,两室一厅,111.5,1466.93,6层/共23层,2009年,1003,2025-05-11 21:48:37,305,学区房,https://example.com/house/12742
昌平区,昌平区67号院23号楼3单元85室,三室一厅 昌平区优质房源,三室一厅,86.3,248.86,21层/共25层,2002年,1006,2025-11-20 21:48:37,471,带车位,https://example.com/house/12743
东城区,东城区49号院14号楼3单元40室,两室一厅 东城区优质房源,四室两厅,88.8,811.8,14层/共19层,2017年,1005,2025-12-05 21:48:37,4911,电梯房,https://example.com/house/12744
昌平区,昌平区38号院2号楼18单元9室,三室两厅 昌平区优质房源,三室一厅,156.8,861.42,1层/共15层,1992年,1006,2025-08-28 21:48:37,612,带车位,https://example.com/house/12745
东城区,东城区64号院8号楼13单元44室,一室一厅 东城区优质房源,四室两厅,116.1,1496.09,29层/共27层,1994年,1005,2025-04-17 21:48:37,4060,带车位,https://example.com/house/12746
昌平区,昌平区98号院3号楼8单元98室,两室两厅 昌平区优质房源,四室两厅,175.8,932.65,6层/共24层,2011年,1006,2025-09-10 21:48:37,1183,电梯房,https://example.com/house/12747
顺义区,顺义区62号院2号楼2单元38室,两室两厅 顺义区优质房源,四室两厅,91.6,287.54,18层/共31层,2013年,1007,2025-08-18 21:48:37,1738,电梯房,https://example.com/house/12748
丰台区,丰台区10号院9号楼8单元94室,两室两厅 丰台区优质房源,三室两厅,165.2,709.8,21层/共31层,2019年,1003,2025-09-14 21:48:37,3743,带车位,https://example.com/house/12749
丰台区,丰台区65号院19号楼1单元94室,两室两厅 丰台区优质房源,四室两厅,195.1,1050.39,4层/共17层,2008年,1003,2025-09-30 21:48:37,1355,南北通透,https://example.com/house/12750
西城区,西城区15号院17号楼12单元78室,四室两厅 西城区优质房源,一室一厅,82.1,637.63,30层/共22层,1997年,1004,2025-07-13 21:48:37,3717,带车位,https://example.com/house/12751
丰台区,丰台区61号院25号楼8单元41室,三室两厅 丰台区优质房源,三室两厅,189.9,1063.46,22层/共13层,1993年,1003,2025-07-23 21:48:37,2082,学区房,https://example.com/house/12752
东城区,东城区46号院5号楼18单元74室,三室两厅 东城区优质房源,两室一厅,64.0,1061.1,2层/共33层,1994年,1005,2025-11-27 21:48:37,3812,电梯房,https://example.com/house/12753
西城区,西城区40号院22号楼1单元68室,两室一厅 西城区优质房源,两室两厅,72.7,341.12,12层/共19层,2017年,1004,2025-03-21 21:48:37,4346,近地铁,https://example.com/house/12754
昌平区,昌平区19号院18号楼6单元60室,一室一厅 昌平区优质房源,两室一厅,136.6,728.4,21层/共31层,2014年,1006,2025-12-19 21:48:37,159,电梯房,https://example.com/house/12755
西城区,西城区81号院13号楼18单元7室,一室一厅 西城区优质房源,一室一厅,139.7,1293.36,24层/共10层,2005年,1004,2025-08-28 21:48:37,4541,带车位,https://example.com/house/12756
丰台区,丰台区45号院22号楼5单元16室,四室两厅 丰台区优质房源,两室两厅,153.5,471.2,15层/共20层,2007年,1003,2025-06-30 21:48:37,2309,电梯房,https://example.com/house/12757
东城区,东城区13号院26号楼2单元31室,三室一厅 东城区优质房源,三室两厅,159.4,972.41,1层/共14层,2017年,1005,2025-10-03 21:48:37,816,精装修,https://example.com/house/12758
顺义区,顺义区51号院22号楼16单元69室,两室一厅 顺义区优质房源,三室两厅,139.8,303.55,27层/共13层,1999年,1007,2025-04-29 21:48:37,4016,电梯房,https://example.com/house/12759
