Rank,Title,Genre,Description,Director,Actors,Year,Runtime (Minutes),Rating,Votes,Revenue (Millions),Metascore
1,Proactive 5thgeneration infrastructure,Action,Gas modern statement production position class though every. Reach enter certain ten contain but painting administration.,Ethan Oliver,"Kayla Graham, Austin Flores",2006,114,,41007.0,696.77,42.9
2,Networked asymmetric middleware,Romance,Base describe voice especially fast lay art black. School mind give space forward democratic center low. Report science long region.,Cristina Garcia,"Kaitlyn Nelson, Kevin Shaw",1988,123,5.2,172732.0,,64.1
3,Decentralized composite conglomeration,Comedy,"Human born the. Field clear option artist government project box onto.
Drive increase address. Type receive doctor mean answer either ago. Nearly probably million true.",Kevin Adams,"Daniel Guerra, Zachary Clark, Mark Lee",1984,80,8.0,950379.0,,53.8
4,Secured global budgetary management,Drama,"Present scene itself pass. Officer mission trade only none experience half hospital.
Support available ago crime everybody. Yet item seat economic.
Remain star give. At travel visit.",Deborah Hernandez,"Crystal Gonzalez, Nicole Vargas, Brandon Glass",2007,153,9.4,39528.0,685.14,58.5
5,Progressive 24hour migration,Adventure,"Price authority nice quality. Help magazine generation.
Deep painting position summer hear sea. Evidence no add them for though.",Bryan Shaw,"Brandi Smith, Jeffrey Turner, Andrew Wilson, Andrew Wilson",2020,147,6.2,14157.0,343.83,78.3
6,Fully-configurable global hub,Animation,Place article thousand social. Baby free here dream.,Amanda Fox,"Dana Ray, John Schmidt, John Estrada, Monique Mora",2014,161,6.4,874999.0,60.62,51.8
7,Reactive local knowledgebase,Romance,Million later week loss ground although. City charge understand agency doctor. Better lay word five debate these military ten. Dog three soon certain weight show.,Jasmine Thomas,"Danielle Solis, Holly Fisher",2021,103,8.1,,183.31,34.0
8,Networked systemic encoding,Romance,"Back ten somebody whole into oil.
South behavior rise. Watch reduce since usually present idea. Manage peace forward realize technology.",Joshua Glover,"Amanda Martin, Alicia Marshall, Justin Morris, Teresa Williams",2005,89,6.9,817566.0,532.3,70.8
9,Managed clear-thinking orchestration,Comedy,Anyone create attack. Fill financial deep reality hard catch food yard. Present gas worker southern fast religious individual.,Alisha Green,"Mrs. Sarah Harvey MD, Morgan Parks, Adam Love",1980,125,8.7,526344.0,724.73,68.9
10,Digitized 24hour neural-net,Sci-Fi,"Experience boy head argue I these past. Side condition hear south why evidence.
West area ball process west social. Tough but grow see rule while. Think character much pass central.",Benjamin Gonzalez,"Joseph Thompson, Gregory Holt, Stacy Hunt, Joseph Barrera",1994,149,8.0,563435.0,323.64,48.9
11,Cross-platform secondary infrastructure,Action,"Soldier trade style benefit. Your land need into specific add good another. Now paper run experience.
Nature blue catch take understand yet. Tough game show analysis.",Hannah Miller,"Colleen Smith, Sheila Hansen",2009,104,,719239.0,229.03,43.5
12,Team-oriented multi-tasking installation,Thriller,Be five above into build sort without. Tree between source usually. Family remember happy whole what class history return.,Hannah Miller,"David Petersen, Rhonda Rich",2019,88,7.5,87932.0,93.01,
13,Innovative asymmetric interface,Animation,"Think clearly spend second although wide. Age when among fly. Gun use space join dark.
Country civil baby practice piece their kid develop. Real doctor well raise lot contain.",Donna Hood,"Danielle Bailey, Traci Ali",2014,168,6.4,,431.43,59.5
14,Persistent scalable ability,Action,"Shoulder five sign who plan less maintain.
May enough its former usually sell movie. Herself trade vote law could.",Bruce Myers,"Jose Moss, Matthew Ramirez, Ann Mccullough, Rebecca Martinez",2001,133,6.3,172818.0,312.95,54.1
15,Reverse-engineered dedicated process improvement,Drama,Million without card if believe for level candidate. Approach strategy free room however to particularly letter. Various policy even lot born anything population wonder.,Rebecca Gonzalez,"Jasmine Richardson, Rebecca Hall, James Mcbride, Jonathan Miller",1995,175,,60935.0,893.5,95.5
16,Proactive hybrid Internet solution,Sci-Fi,Road your team company experience pressure attention. Office everybody try knowledge age six.,Joseph Horton,"Juan Martin, Brian Taylor, Jenny Mccullough, Olivia Miller DDS",1998,179,6.8,561904.0,624.33,29.2
17,Configurable grid-enabled info-mediaries,Drama,These skill hot hope and fund. Fire easy prevent summer. Every bar effort decision remember.,Donald Diaz,"Daniel Buckley, Cassidy Fowler, Sherry Mendoza",2007,87,5.7,22613.0,415.41,89.3
18,Synergized hybrid moderator,Adventure,"Line where fast carry will on. Action herself skin dog side baby. Them almost according artist now.
Among recent rate voice over method. Spend indicate service unit garden red.",Barbara Parker,"Stephanie Fox, James Cunningham MD, Clarence Allen",1981,100,5.4,540722.0,483.55,98.8
19,Cross-group explicit alliance,Comedy,"Just nation bag. Trouble pick we believe high power record. Indicate we report executive rule performance.
Affect state resource after. Truth partner nothing foreign face growth.",Robert Ramos,"Christina Smith, Kelsey Vance, Casey Elliott, Jennifer Matthews",2003,108,6.9,285951.0,613.28,29.7
20,Team-oriented national migration,Romance,Claim success ever thus part. Factor certain add here wide make song organization. Support over herself bag list goal.,Jade Walker,"Samantha Sanchez, Donna Graham, Kim Thompson",1982,144,,210190.0,826.51,68.2
21,Fully-configurable actuating structure,Action,"Discussion of attorney take nice finish. Try necessary fall easy standard agreement half eight. Deep past deep suggest.
Will fall although fly daughter sing field. Maybe onto him finally.",Mercedes Munoz,"Michelle Francis, Jennifer Vaughan, Bryan Nichols",2016,109,,358715.0,545.52,
22,Multi-tiered next generation function,Animation,Instead gas star subject. Action although town college spring. Could nature public hope film response protect.,Bryan Wise,"William Wheeler, Christopher Chang, James Espinoza",2011,173,5.9,,304.82,53.4
23,Optional directional frame,Adventure,Right gun by mouth result throw. Knowledge without blue town born field family couple. Fire top day production great thus focus.,Joshua Glover,"William Benton, Christopher Roy, Jesse Miles",1994,144,7.7,7250.0,875.58,60.8
24,Profit-focused impactful budgetary management,Adventure,"For local sea chair least. People control attack sell tonight.
Last family hear conference pay peace. Just true improve one role draw. Sea campaign five message different.",Joshua Glover,"John Hamilton, Beth Gilbert, Johnny Potter, Sabrina Olson",2017,95,7.7,484143.0,586.35,70.0
25,Open-architected zero tolerance framework,Thriller,Street part money feeling born never. Effect price result serve leader. End challenge eight discussion American why our human.,Katie Krueger,"Travis Ramirez, Lauren Camacho, Brenda Williams",1993,178,7.7,202819.0,842.5,26.7
26,Horizontal upward-trending frame,Action,"Upon campaign a open audience peace wear. Off father those tax check rock. Line this toward speak partner.
Without party give democratic. Finally race year better.",Virginia Escobar,"James Hunter, Dr. Cory Joseph III, Logan Moore",2012,113,8.2,587185.0,244.42,
27,Universal modular infrastructure,Sci-Fi,"Action program table. Most simply old. Age help against something stay guess course.
Laugh road painting trade although. Mother call health raise.",Amy Holt,"John Chen, Melissa Harrell DDS, Nathaniel Rodriguez",2012,157,5.1,55110.0,572.88,27.7
28,Robust context-sensitive encryption,Adventure,Voice investment choose develop. A finish management suggest professional. Girl middle language until value project.,Mary Taylor,"Nicholas Spencer, Nicholas Richard, Justin Tucker, Andrew Johnson",2000,111,8.9,461557.0,627.62,77.9
29,Progressive zero tolerance superstructure,Adventure,"Political understand college often girl spring peace eye. Position color name save between.
Box feeling dark name seek particular. I couple that industry build.",Jasmine Thomas,"Zachary Schmidt, Anne Gilbert, Martin Davis, Mary Farmer",1997,123,4.1,21879.0,594.84,64.5
30,Realigned analyzing software,Drama,"Situation later officer analysis garden remain there.
Discuss traditional down discuss. Recent phone soon simple leader seven season.",Donald Brown,"Sarah Holder, Jason Miles, David Collins, Bradley Saunders",1982,140,4.9,913751.0,153.92,75.6
31,Realigned 5thgeneration moratorium,Action,"Card prove son mean adult market shoulder. Threat experience administration building space.
Skin tell only indicate none public.",Amanda Dougherty,"Steven Richards, Angela Johnson, Erik Harris, Dana Martinez",2018,179,5.8,945678.0,692.28,64.4
32,Exclusive multimedia adapter,Thriller,"Where sure perform down high. Necessary house enjoy cost including experience gun.
Various form actually cause one. From take process address.
Write your play far everything almost. How way same.",Christine Garcia,"Angel Smith, Sonya Fisher, Dennis Carney, Katherine Hood",1984,112,6.1,375997.0,925.21,87.3
33,Profit-focused local structure,Adventure,"Consumer kind paper more. Provide floor along hand after.
Onto goal subject unit note. Positive miss amount although above follow.
Key knowledge cover trip deep. Wish him within nearly remember.",Cameron Mullins,"Richard Burke, Margaret Morgan",1992,85,6.0,773405.0,44.55,44.4
34,Persistent logistical access,Sci-Fi,Time modern physical team resource second. Show agreement it against ago just compare. Bring television support million think hour win.,Benjamin Gonzalez,"Michael Roman, Stephanie Carlson, Christian Perkins",1994,116,6.2,643631.0,705.25,99.6
35,Open-architected grid-enabled infrastructure,Horror,Reality culture authority listen subject life. Vote responsibility recently. Box international in above common.,Terry King,"Erin Calhoun, Erica Riley",2020,130,6.0,117337.0,,81.0
36,Configurable regional website,Thriller,"Attention bill energy easy return.
Value history into type bag. Receive nothing could former. Power play data investment door.
Item exactly whatever news coach born close. Red one whose product.",Terry King,"Darin Ward, Antonio Maldonado, Danielle Hernandez",1989,143,,254033.0,593.58,75.3
37,Customer-focused secondary contingency,Horror,Conference turn animal she so society couple. Relate social join.,Gina Finley,"James Wilson, Thomas Wong, Gabriel Strong",1981,81,4.8,32404.0,,51.9
38,Stand-alone 4thgeneration success,Thriller,"Card environment information body. Simply employee need serious phone. Challenge idea because thus reveal.
Image daughter rock. Ever might service push article ahead. Method energy lawyer what.",Kathryn Thompson,"Jackie Munoz, Joseph Mccarty, Jason Cantrell",1991,118,,862716.0,241.62,47.5
39,Customer-focused executive alliance,Romance,"Their air television determine and pay say. Air pull movement group check.
Study policy explain grow gun only. Hour read month I treatment way. Claim building quite organization room tonight such.",Joseph Horton,"Laura Shaw, Jeremiah Clark, Fred Mason",1994,133,6.8,456714.0,666.96,28.5
40,Self-enabling heuristic encoding,Comedy,"She majority ago us study. Create friend size piece poor.
Discover son book interesting half system this rich. Yes individual situation per mention.",Benjamin Gonzalez,"Patrick Hurley, Mitchell Keith",1998,97,4.7,113029.0,,45.8
41,Object-based content-based collaboration,Romance,"Travel television factor then.
Positive government choice either sort while. Next shoulder look figure detail red suddenly. According remember him everyone sure.",Mary Delgado,"Sherry Cannon, Tyler Long, Regina Hart, Michael Hernandez",1981,136,7.6,224738.0,846.66,
42,Centralized solution-oriented frame,Animation,"Woman though turn there say.
Authority nor news environmental step treat poor. Serve live include lay. Ever maybe with conference while.
Take grow your middle. Piece food major itself late.",Bruce Myers,"Michael Taylor, Jennifer Davis",2017,165,7.0,,854.6,50.8
43,Organic disintermediate projection,Drama,Skin yes apply. Person determine series.,Virginia Escobar,"Richard Barber, Matthew Jones",2010,97,5.7,,354.91,
44,Multi-tiered mobile structure,Action,"Clearly two day business. Whole finish environmental whose feel method data.
Production money at west our experience bag. Garden imagine race.",Robert Perkins,"Jeremy Brady, Dr. Johnny Petersen MD",1994,138,4.9,425322.0,,
45,Enhanced intermediate standardization,Adventure,"Space early important significant best care. Tax budget present. Nature matter ball.
Create watch which southern. None brother PM your. His be deep hold most.",Kathryn Thompson,"Marcus King, Keith Santiago",1988,165,,852463.0,829.28,47.1
46,Synchronized composite budgetary management,Horror,Play use hospital scientist state. Commercial to represent for word strong television. Area particular week record. Huge wish nearly take meeting thousand PM.,Amanda Fox,"Tiffany Phillips, Eric Davis, Johnny Robinson",2022,98,,,552.82,66.3
47,Centralized multimedia architecture,Horror,"Office travel she whom use. Recent popular production whether others.
Before dog high firm fund say enjoy.
Court happen leg although ball. Program spring green.
Say attack analysis loss include save.",Cristina Garcia,"Jessica Best, Tanya Knox",2015,88,,246862.0,,61.7
48,Progressive tertiary policy,Animation,"International every hope. Perhaps face but modern simple action great. General wide well strategy stuff light.
Modern sign pass field. Hour have plant claim. Past deep quality knowledge.",Jade Walker,"Katherine Park, Jacob Clarke, Jacqueline Graham",2015,127,4.0,438115.0,988.36,92.4
49,Up-sized attitude-oriented firmware,Romance,"Job budget example talk western. Before indeed old.
West world north later. Through more task beyond call five each. Take note effort experience this real.",Katie Krueger,"Cheryl Harris, Kristina Brown, Bradley Hurley, Melody Lester",1980,124,5.1,,293.2,61.6
50,Re-engineered encompassing definition,Drama,"Anything market see form car. Management most difference themselves.
Specific hit clearly find. More live morning indicate. Matter fight military benefit.",Riley Camacho,"Diane Mccann, Denise Bishop, William Aguilar",2008,93,9.0,560989.0,,98.7
51,Pre-emptive full-range adapter,Comedy,"Mention pick wife blue turn including region. Situation any edge lead land wrong only.
Third yet say performance through begin two billion.",Mercedes Munoz,"Sharon Hester, Jennifer Chambers",2002,134,5.4,934564.0,564.79,84.6
52,Polarized uniform matrix,Thriller,"Market I light speak machine. Town realize role father its oil stage member.
On whose vote second. Run seek risk.",Deborah Hernandez,"John Calhoun, Amy Martinez, Eric Miranda",1981,177,6.2,170193.0,731.34,32.9
53,Right-sized maximized attitude,Comedy,Decision off cold probably. Hear enjoy letter car. Key perform method kid. Into day bag physical near will.,Bryan Wise,"Rachel Young, Taylor Wiggins DVM, Bryan Cobb, Deanna Morrison",2018,92,7.3,78166.0,866.0,98.7
54,Inverse empowering structure,Romance,"Born daughter fill another news south. Behind maybe factor.
Nation hundred bring list agree available true. Skin necessary simply today wife single old.",Bryan Wise,"Joseph Fitzpatrick, Cassandra Lee, Alejandro Chang",2006,91,4.4,581613.0,428.92,36.4
55,Universal fault-tolerant orchestration,Comedy,"Somebody receive film by morning. Employee store economy type tonight adult. Help spend respond safe over.
Education type executive then. Item up somebody office research spend.",Joshua Glover,"Michaela Phillips, John Cole, Gary Foster",2020,177,6.5,247391.0,,63.8
56,Synergized transitional neural-net,Comedy,"Method party during among responsibility heavy.
Where population than player cold grow.
Yeah police Mrs. Hour charge much total fear. Between find others serve minute. After north probably card.",Sheena Gonzalez,"Richard Santana, Mr. Gregory Dominguez, Jennifer Lewis",2004,125,4.5,949338.0,,
57,Public-key well-modulated time-frame,Horror,"Again car phone simply relate trip make. Central national skill bill arrive near condition.
Than book member research sound. Specific for tell professional note.",Brian Gay,"Michelle Santos, Jessica Marsh",2006,96,5.6,,927.66,65.5
58,Synergistic solution-oriented software,Thriller,"Poor recognize part single step yes.
Increase with return issue like who. Design should understand out. Three campaign reason themselves.",Barbara Parker,"Christopher Lewis, James Hayes",1981,95,6.5,597034.0,,80.3
59,Visionary bandwidth-monitored Internet solution,Horror,"Employee number so him. Pay beat girl line country.
Wait hand out see modern else. Investment thought born firm lawyer weight.
Along list inside certainly away gas until.",Barbara Parker,"Douglas Hardin, Mary Henderson, Pamela Smith",2018,150,8.1,24761.0,49.53,76.7
60,Cross-platform real-time moderator,Horror,"Store food oil score his. Successful record line significant. Open person week main follow use maintain.
Enjoy mouth state television fish make. Our argue beat foreign day whole pressure.",Amanda Fox,"Richard Greer, Mary Chase",2011,85,8.6,840526.0,166.77,
61,Open-architected logistical artificial intelligence,Action,"Seat usually notice lawyer development bank recent.
Real know discover what first.
Ability attack adult sort oil magazine. Street blood kid factor there office store. Charge office car example.",Mary Delgado,"Danielle Roberson, Miguel Miles",1984,137,8.3,598000.0,287.25,44.5
62,Upgradable disintermediate product,Animation,"Build reason language worker. Reveal social can.
Religious major air suddenly. Half behavior resource sometimes. Decision by particularly administration authority throughout light.",Rebecca Gonzalez,"Caroline Foster, Terry Marshall",1993,91,7.7,971790.0,112.28,
63,Exclusive explicit emulation,Action,"Under employee son kind leg top white. Military tell bar pull financial behind question.
Former study important score. Pay detail eight huge. Attorney cost address guy father force easy.",Joseph Horton,"Teresa Patel, Paul Lee, Jessica Wright, Norman Olson",2013,92,7.7,,887.97,75.7
64,Vision-oriented intermediate extranet,Adventure,Process include Republican rock. Training hard order camera position attack. Up education door perform management teach.,Riley Camacho,"John Heath, Danielle Wilson, Roger Whitaker",2001,164,6.4,450456.0,438.78,
65,Integrated eco-centric protocol,Action,"Commercial those plant you half onto spring. Rest anything cultural go speak note field.
Organization heavy heavy. Require cut thus pull address probably hope her. Make us second.",Bryan Shaw,"Jason Martinez, Savannah Thompson",2022,162,,613084.0,765.33,65.3
66,Centralized solution-oriented adapter,Sci-Fi,"Plan report speak former. Customer board service effect care remain challenge.
Around save pattern perform computer nice start they. Affect statement enter whose base close technology.",Michael Morris,"Michael Rivera, Cathy Johnson, Gary Hall",1991,148,4.5,577447.0,,66.6
67,Digitized human-resource toolset,Action,"Give its my. Course effect central star knowledge any so.
Light image condition stock color point process. Deep strong garden prove best vote rule. Despite special author write picture.",Donald Diaz,"Toni Scott, Shawn Santana, Greg Chavez, Katelyn Fisher",1989,146,8.5,630797.0,,47.0
68,Visionary logistical protocol,Horror,"Practice measure society although natural. Discover away ten training.
Pressure through writer resource because open. Keep reality glass same sport study. Daughter will but range fire bar.",Alisha Green,"Karen Baker, Misty Brown, Cody Walker, Richard Rodriguez",2010,83,9.1,489006.0,750.97,65.9
69,Innovative executive implementation,Animation,Camera unit generation sport. And long finish despite rather company support. Military tend later man opportunity.,Bruce Myers,"Christopher Osborne, Kristopher Vance, Amanda Nguyen, Christopher Williams",2017,163,8.1,178400.0,,
70,Profound dedicated pricing structure,Comedy,West politics subject past production field tend watch. Want maintain include learn expert. Rock town take author southern performance compare.,Benjamin Gonzalez,"Ashley Berry, Suzanne Hill, April Morgan",2006,164,4.4,690237.0,859.53,85.7
71,Seamless even-keeled frame,Thriller,"Perform key back same.
Once artist war Mrs protect item. Look man occur difference turn production trade.",Bryan Wise,"Nicholas Guerrero, Ryan Zhang, Samantha Cruz, Michael Moore",2023,171,,979465.0,909.96,30.3
72,Intuitive transitional adapter,Animation,"Only actually couple time condition course. Once voice writer husband employee involve. Measure source enjoy.
Seat social before common however. Girl watch message field.",Benjamin Gonzalez,"John Austin, Colleen Barrett, Darrell Cooley",2000,157,4.4,947484.0,139.28,52.0
73,Customer-focused bandwidth-monitored firmware,Sci-Fi,Treat image radio quality traditional. Market go argue statement church special. Describe term person money. Factor while each walk country budget amount treat.,Joshua Glover,"Cory Ross, Andrew Arnold, Miss Michele Anderson MD, John Li",2010,102,6.3,882465.0,,65.0
74,Proactive background core,Drama,Job record take. Piece production analysis she pretty enjoy hospital. Car ahead allow reflect through represent.,Rebecca Gonzalez,"Christopher King, Colleen Park",1988,98,4.7,720209.0,202.2,84.9
75,Reactive fault-tolerant hardware,Animation,"Start lead protect else fine already. Child focus activity exactly any respond. Trouble bag TV food either.
Economic investment we traditional. School stock American attack power him most.",Brian Gay,"Cameron Schwartz, Erica Kim, David Rodriguez, Joshua Bennett",2021,103,6.6,702085.0,,
76,Adaptive attitude-oriented emulation,Romance,"Plant leg prepare father. Age everything entire ability final. Ok project since attack indicate ready respond.
There onto teacher develop serious. Figure practice carry positive speak natural.",Cameron Mullins,"Natalie Peterson, Donna Medina, Joanna Mcdonald, Kathleen Valdez",2020,136,8.4,890880.0,8.42,64.1
77,Public-key mission-critical matrix,Action,"Base amount town security. Agree anyone when street culture radio.
Suffer stuff every care. Move exist anything too run. List say doctor apply tree happen school.",Alisha Green,"Gabrielle Thomas, Cesar Lutz, Audrey Murray",2006,169,,487374.0,,
78,Object-based impactful emulation,Romance,"How morning instead ball. Sometimes movement market him. Ago half trial car course.
Time my process lot may have. Mind clear relate. Individual whole happen. Strong week pretty last.",Rebecca Gonzalez,"Jacob Davenport, Robert Williams, Benjamin Manning",1995,169,9.1,590383.0,582.59,36.5
79,Pre-emptive secondary capability,Romance,Foreign field church second dark strong. On risk onto foreign night foot. Friend care certain member.,Jessica York,"Samantha Skinner, Mandy Lawrence",1982,103,,856317.0,718.04,50.3
80,Innovative intermediate toolset,Action,Early maybe budget. Growth special edge service how. Assume sense teacher reveal capital whether.,Juan Villanueva,"Sarah Allen, Kara Mueller, David Martin, Patrick Herring",1988,114,7.7,326855.0,30.29,70.9
81,Multi-tiered actuating solution,Action,"Quite plan purpose amount common class soon. Risk trip vote movement responsibility official.
Everyone thank word quite. Perform strategy make fly popular character.",Amy Holt,"David Santiago, Pamela Kelly, Brittany Christian, Nancy Turner",1988,146,,441857.0,33.17,79.6
82,Automated exuding knowledge user,Horror,"Leader action available spring. Stuff him gas else all hard.
There hospital threat wind.
View office for street onto fall. They indicate character market people.",James Holland,"Shaun Newton, Jacqueline Nelson, Chase Thomas",1994,122,6.6,123646.0,122.63,63.4
83,Organized 3rdgeneration process improvement,Thriller,Forward imagine relate follow across reason into win. Upon contain where authority analysis society. Effort final become Democrat know often her.,Robert Perkins,"Colleen Sharp, Julian Thompson",1996,91,4.4,200251.0,,
84,Fundamental clear-thinking task-force,Adventure,Yes common across paper. Major black carry his arrive issue. Drug arrive pay bit successful fact ability country.,Travis Meadows,"Michael Ortiz, Nicole Schultz, Matthew Jones",2008,171,,,653.71,99.7
85,Stand-alone methodical orchestration,Thriller,Reflect brother ask couple. From add realize ever suggest. If bed push. Federal sister blue foot direction training.,Donna Hood,"Julia Rodriguez, Patrick Wong, Patricia Russo, Eric Vazquez",2001,127,8.2,195436.0,,65.9
86,Balanced asymmetric portal,Animation,"Public anyone once human. Floor inside director sell left.
Manager oil exist top campaign.",Katie Krueger,"Laura Johns, Christina Taylor",1993,116,4.6,336325.0,700.13,72.9
87,Expanded upward-trending firmware,Animation,Better late among grow cost election. Network begin necessary purpose book prevent short camera. Leave role person mother her second than.,Bruce Myers,"William Washington, Susan Olson",2019,140,4.3,253416.0,792.51,61.5
88,Optional web-enabled middleware,Sci-Fi,Body this lose kid attack. Girl day million movement rather letter. Memory smile along born newspaper.,Sheena Gonzalez,"Brittany Hunter, Beverly Zamora",1992,139,6.3,657872.0,788.4,52.9
89,Multi-tiered context-sensitive approach,Sci-Fi,"Will them ok. This eye range want number. They difficult line miss analysis interest.
Reach more various how ball. Travel wear late throughout use open situation. Radio bad hospital growth.",Amanda Fox,"Alex Cooper, Elizabeth Le, Kara Sullivan, Hannah Paul",1998,90,6.6,104330.0,182.45,45.7
90,Fully-configurable systematic open architecture,Romance,Century prepare detail international. More front executive add candidate candidate dog. Camera understand why enough spend half weight.,Donna Hood,"Alexis King, Michael Howard, Kelly Johnson, Alexis Hudson",2016,158,8.7,61148.0,,35.0
91,Inverse stable support,Animation,"Stage wind return really. Third sign reduce Congress brother. Power learn amount.
Reason if report population close road across executive. Into Republican improve road little someone.",Christopher Anderson,"Tyrone Decker, Ariana Chen, Anita Rich, Jesse Sullivan MD",2019,114,6.3,184467.0,989.05,38.9
92,Synchronized contextually-based frame,Thriller,"Build thousand too kitchen seat. Whole million country maintain painting star.
Debate well as dog take whom. Production take college health exactly not couple.",Nathan Shelton,"Michele Bradshaw, Charles Freeman",2017,129,9.0,728940.0,918.48,
93,Virtual methodical software,Drama,"Recognize senior happen we. Project sound improve must result treatment. Truth political suddenly force yeah.
Build work name guy free specific born. Process today great discover laugh.",Juan Villanueva,"Leroy Sullivan, Brittany Brown MD, Jeremy Paul, Tracy Lucero",2017,96,,320091.0,92.21,
94,Team-oriented user-facing product,Sci-Fi,Very response reach approach. Bring home difference full break back government popular. Become speech foot return such mouth billion.,Riley Camacho,"Lisa Griffin, Katie Gonzalez",2019,105,6.6,52575.0,502.71,45.1
95,Up-sized attitude-oriented moratorium,Horror,Tree bit until into serious brother yet. Town arrive general say car south. Politics realize scene.,Riley Camacho,"Adam Hughes, Christine Johnson, Troy Brown",1981,103,4.3,699152.0,242.44,27.6
96,Re-contextualized coherent implementation,Comedy,Upon cup could information money their personal always. Water professor ability require.,Brian Gay,"Allison Schultz, Justin Johnson",2002,107,,457264.0,,39.1
97,Polarized dedicated instruction set,Animation,Easy than property effort security interview table. None any professor must. Value figure yes arrive perhaps miss.,Cristina Garcia,"Matthew Baker, Pamela Miller, Tyler Terrell, John Smith",2022,110,8.4,164339.0,895.08,23.5
98,Cross-platform zero administration access,Adventure,Sure experience board person such. Ready kind little scientist might. Recently concern continue.,Bruce Myers,"Angela Poole, Rose Taylor",2017,127,5.7,646381.0,980.6,63.2
99,De-engineered national project,Drama,"Wonder late news whom degree child. Him suddenly away day morning power.
Level career wear candidate take mind. Number open threat here their they.",Mary Taylor,"Morgan Wall, Brooke White",1992,109,7.4,463461.0,6.54,58.8
100,Focused radical attitude,Horror,"Happy gun its house suffer capital of. Seven view message. Point yet girl.
Low but father reach quite throughout her. Not direction conference drive. Well in pattern bit husband.",Brittany Parrish,"Christopher Brooks, Elizabeth Perez, Philip Martinez, Sean Bennett",1990,109,9.4,100033.0,375.81,
101,Phased methodical encoding,Action,"Decade fear can street. But training trial pass nice threat before PM. North two offer who bit. Control leave order low ability.
Dinner loss skin thus. Generation recently travel raise.",Benjamin Gonzalez,"Ryan Lee, Teresa Miller, Martin Allen, Jasmine Martin",2020,165,4.5,840590.0,462.45,97.0
102,Persevering incremental flexibility,Comedy,Range tonight word career. Brother fall like significant daughter nearly ahead. Star production place face day fly wide.,Ethan Oliver,"Daniel Weber, Timothy Harris, Ashley Drake",2015,118,5.9,648319.0,799.12,83.9
103,Mandatory fault-tolerant encoding,Comedy,"Stay positive piece reach. Pass white early sure.
Education middle need apply know floor just. Until culture school take common. Try action book federal. Green data note particular already.",Virginia Escobar,"Dylan Stewart, Samuel Cruz, David Patton, Mark Torres",1999,142,,530275.0,,36.7
104,Polarized systematic array,Comedy,"Drop course at smile yard sign medical.
Itself since eight it dog authority. Mention include southern space issue for war. Call develop sell player her ready.",Bruce Myers,"Mark Rice, Colleen Huerta, Paula Mcmillan",2020,83,,463477.0,443.92,77.2
105,Triple-buffered optimizing service-desk,Sci-Fi,Heavy such material seek fish water single piece. Thank cultural notice hospital evening affect. Opportunity term fund occur force section range figure.,Amy Holt,"Tyler Williams, Carly Melton, Jason Black, Tiffany Goodman",2011,141,6.3,131465.0,191.82,97.4
106,Up-sized maximized success,Sci-Fi,"Door gas together beyond surface piece eight. Employee final game lot many feeling government.
Traditional player voice city. Personal process side step receive food condition would.",Ethan Oliver,"Alexander Smith, Andrew Kaiser, Frank Todd, Kristin Chang",2013,91,,364597.0,651.1,89.2
107,Visionary modular access,Thriller,"Start research might law use. Call leader smile early. Investment try Congress many when however.
Everybody PM drop true value option let value.
Check would oil.",Joseph Horton,"Daniel Sosa, Abigail Michael",1995,102,4.1,757156.0,267.64,
108,Cross-group interactive knowledge user,Animation,Five bring read measure. Me of avoid director include. Until individual least series whole.,Brian Gay,"Brandon Castillo, Timothy Stephens, Leslie Ibarra, Matthew Young",2007,127,6.8,601874.0,68.38,99.4
109,Multi-lateral exuding frame,Thriller,"Decide hair network society. Include either sort.
Myself claim position no without window. Property federal fly material general draw law.",Robert Ramos,"Sarah Patterson, Benjamin Trevino, Katherine Jones, Amber Stone",2007,167,5.3,243177.0,374.92,37.1
110,Multi-layered 3rdgeneration array,Horror,Doctor final party not. Ago human cover day you third. Either benefit about spend difficult production. Artist mouth buy especially inside.,Joseph Horton,"Stacy Morales, Monique Rivas, Karen Patton, Aaron Mckinney",2002,136,4.6,746819.0,,38.6
111,Centralized non-volatile installation,Adventure,Network someone law TV list business democratic. Who vote best worker heart two board. Whom talk school its.,Jessica York,"Matthew Williams, Gregory Moore",1995,82,5.7,192198.0,634.81,42.5
112,Distributed even-keeled project,Drama,"Provide natural become people grow happy. Up act nation budget officer. Class health me new prepare just season.
Instead tend cup. Manager on learn before Congress.",Brian Gay,"Jackie Smith, Tasha Cardenas, Felicia Torres, William Schultz IV",1988,102,6.0,574636.0,6.94,49.3
113,Ergonomic mobile analyzer,Thriller,"Yes after reason relationship pull less owner.
Buy particularly production best want result. Wind nor interest knowledge position finish.",Jade Walker,"Shelby Gonzales, Lindsay Roberts, Rebecca Todd, Emily Bennett",2022,121,6.9,,162.85,67.8
114,Synergized system-worthy circuit,Sci-Fi,"Job really play. Well evidence business employee thousand.
Serious not I chance part respond professor. Cell anything message work play save. Child become size.",Chase Larson,"Sarah Jackson, Kim Bush, Nathan Robertson",1990,133,5.6,570859.0,632.42,22.1
115,Public-key clear-thinking support,Action,Daughter guess lay rock choose. Prove discuss present physical know discuss often. Billion arrive forget focus rule quality think same.,Brian Gay,"Brett Jones, Erin Davis",2009,178,8.9,519336.0,,21.3
116,Face-to-face secondary budgetary management,Romance,"Fill before poor big plan history sit. Become bill nothing lay.
Police seven hundred medical within sit. Station money although mention.",Bryan Wise,"Cassidy Brown MD, Jose Powell",1994,82,4.7,,777.39,23.7
117,Open-source 6thgeneration toolset,Animation,"Today add wall anything rather another color. Box work scientist thus picture learn along.
Process call trial itself east senior. Environment available morning itself manage brother.",Alisha Green,"Gregory Conner, Lori Fuller, Benjamin Huynh MD",1998,161,7.9,412337.0,971.08,89.7
118,Persistent 3rdgeneration secured line,Animation,"Drive more economic him how responsibility green box. Know pull letter human act.
Well recognize skill lose. Light yes pay sure avoid stand.",Riley Camacho,"Joan Bradley, Lindsey Montes",1992,84,7.9,204379.0,958.55,54.4
119,Organic directional core,Adventure,"School stand local dinner hit treat.
Bag hear rest right should within dream. Whatever miss job. Thus already get early hope quite example.",Michael Morris,"Gary Martin, Audrey Cook",2014,130,8.8,81730.0,356.6,94.4
120,Fully-configurable bi-directional collaboration,Romance,"Decade finish fear within region risk. War stock still address science there world. Expect control civil situation trip little.
Response attack early federal. Become seem cause story bring.",Robert Perkins,"Jerry Martin, Stacey Rivers, Scott Lloyd, Arthur Harris",2008,87,4.8,,940.09,86.6
121,Triple-buffered 24/7 benchmark,Action,Trip serious use nation ability relate end. Room teach over. Call professional understand contain bar section authority.,Justin Conley,"Jennifer Baker, Jacob Mcknight, Marcus Reid, Bradley Russell",2005,172,8.7,112453.0,,29.9
122,Distributed executive access,Sci-Fi,"Itself talk age there too. Clear push country too affect military black.
Agent Mr listen form yard party often. Risk both run follow seek item.",Justin Conley,"Annette Gutierrez, Stacey Grimes, Jermaine Suarez",1995,136,7.3,618447.0,17.38,77.7
123,Polarized well-modulated migration,Sci-Fi,"Adult may effect. With ever foot amount quality opportunity. Order through side hold.
Beautiful hotel us. Agreement compare especially table choose forget old authority.",Alisha Green,"Jason Luna, Joann Arnold, Brandon Meadows",2003,145,4.0,522213.0,85.74,38.0
124,Synergistic intangible parallelism,Drama,"Anything more charge fast. Service see amount religious product. Defense international own.
Eight argue impact building animal eat. Give today with remember. Too rest million thank continue side.",Alisha Green,"Jonathan Hayes, Rachel Lopez, Lisa Wright",1983,165,8.8,676351.0,364.21,63.2
125,Digitized transitional synergy,Horror,"Easy these model knowledge American water. Kid truth standard. Nearly structure painting week soldier down.
On as particularly feel. Let staff easy give southern.",Justin Conley,"Shannon Smith, Crystal Oconnell",1990,158,,144444.0,568.54,38.0
126,Business-focused maximized flexibility,Thriller,"Face middle science all other. Few south number senior including. Even market sense simple system others.
Administration care enjoy sound social crime.",Nathan Shelton,"Jason Marquez, Christopher Brown",1980,88,7.1,741246.0,661.29,43.9
127,Front-line executive hierarchy,Drama,"Worker thousand treat year.
Will suffer cell choice. Speech computer wind happen.",Brian Gay,"Derek Burch, Robin Baker",2011,123,6.3,417609.0,453.64,94.6
128,Balanced exuding methodology,Animation,"Exist arm too voice just role. Executive culture note edge by bring.
Theory his exist to power anything message. Peace boy natural our member himself. Entire though hospital set wind main improve.",Barbara Parker,"Tasha Johnson, Karen Ward, Michael Hayden, Amber Taylor",2004,168,7.2,184235.0,948.3,64.5
129,Universal dedicated secured line,Action,Best successful true quickly network. Standard measure degree position gas hundred page. Charge none when sense mouth morning draw order.,James Holland,"Sarah Hill PhD, Luis Miller, Madison Holmes",2020,123,6.8,751116.0,,20.3
130,Function-based composite benchmark,Action,"Poor within thousand ok method religious interesting. Physical sure that law.
Sound blood parent interest every.
Sing organization land open concern manage. Design audience some everybody someone.",Ryan Wright,"Mrs. Deborah Miles, Maria Duarte",1990,171,6.6,679863.0,,94.2
131,Exclusive 4thgeneration conglomeration,Horror,"Church rather north building research. Indicate poor suddenly any take market. Friend memory skin attorney bag marriage.
City should positive. Significant protect find leg. Hospital seat five.",Bruce Myers,"Brandon Hurley, Zachary Hernandez",2008,82,,501185.0,199.17,
132,Cloned context-sensitive budgetary management,Drama,"It year garden deal. Evening scene write husband. Room news television red.
Sit here item send.
Cell rate since financial red.",Nathan Shelton,"Stacey Howard, Ronald Acosta, Chelsea Garcia",2010,154,4.3,121549.0,407.37,49.8
133,Self-enabling empowering access,Romance,Expect party prepare realize what girl fill. Mr tell simply back practice treat condition. Bill job really me.,Jessica York,"Sally Gallagher, John Young",1989,137,8.7,583765.0,,22.1
134,Quality-focused reciprocal benchmark,Drama,Vote girl husband. Agreement drop moment really social operation student data. Wear final focus matter.,Chase Larson,"Joseph Bennett, Diamond Young, Shelby Palmer",2019,119,,715464.0,920.23,74.5
135,Face-to-face didactic workforce,Comedy,"Remember level what production.
Her out station message require million attention. Authority fall reason. Travel oil experience itself act exist keep.",Brian Gay,"Rachel Davis, Teresa Aguilar, Jacqueline Smith, Robert Brown",1999,81,9.0,743892.0,607.92,85.0
136,Vision-oriented systematic Local Area Network,Animation,Black accept serve walk would painting. Worker stop home or American. Son worker citizen myself.,Justin Conley,"Janice House, Joseph Hale, Kimberly Chapman DDS, Shannon Williamson",2005,111,5.8,489680.0,350.22,51.2
137,Object-based even-keeled initiative,Thriller,"Class above few risk body. Opportunity very three out tree wrong.
Enter next we collection music factor reason.
Reflect oil factor free account. Move alone three clearly.",Benjamin Gonzalez,"Julie Ramos, Amy Roberts",1984,180,8.2,106727.0,369.92,39.4
138,Profit-focused 3rdgeneration info-mediaries,Animation,Involve performance ten vote. Move consumer parent fight threat share.,Kathryn Thompson,"Alyssa Mccoy, Elizabeth Thompson, Kyle Mayo, Katie Gutierrez",1980,150,9.2,364828.0,908.1,
139,Realigned demand-driven intranet,Drama,"Challenge much small try report state let. Meet spend central.
Even adult dog coach sense include kid. Today yard hope friend anything cause.",Riley Camacho,"Nathan Estrada, Carol Cortez, Mrs. Sarah Montgomery, Christopher Robbins",2021,169,5.9,978481.0,635.0,41.9
140,Versatile user-facing interface,Comedy,"Offer school information play family already response. Yet pass list somebody. About let fund parent experience.
Tonight trip answer record sing election. Much executive factor PM.",Ethan Oliver,"Destiny Robinson, Donald Rivas, Dan Stafford, Tristan Duncan",1984,113,5.1,699858.0,337.0,
141,Customer-focused discrete process improvement,Adventure,Always day economic. Tv paper enough building.,Jessica York,"Douglas Mullins, Amanda White",2019,148,5.8,560126.0,882.39,85.8
142,Devolved analyzing leverage,Adventure,"Road site style short so.
Technology everything wait when discuss determine nation me.
Prepare management short month. Necessary it them truth arrive.",Alisha Green,"John Griffin, David Morris, Justin Beard, Vincent Bishop",2016,116,7.9,822539.0,959.39,53.8
143,Profound bandwidth-monitored array,Comedy,"Voice bit least run. Concern including amount thought popular.
Practice factor receive son. Role low bag card garden pretty line. Too marriage charge throw service purpose.",Donald Brown,"Deborah Mcbride, Anna Williams",2008,130,5.3,339001.0,118.28,44.1
144,Object-based hybrid interface,Sci-Fi,"Run state different major scene. Work official program suggest. Political little important heavy much.
On full herself keep. Treat wind certain look should quality. Themselves exist country data.",Jessica York,"Regina Bryan, Matthew Leon, Bryan Hunt, Devin Ray",2017,150,4.8,113756.0,93.09,
145,Upgradable encompassing model,Adventure,Factor improve rate service citizen. Level debate animal boy policy. Cup challenge realize spend can adult.,Amanda Fox,"Mrs. Jenna Goodwin, Christopher Conner",2022,139,7.3,920126.0,364.82,65.2
146,Assimilated optimizing groupware,Comedy,"Establish unit court. Safe fall quality forward no allow attack.
Risk child people world apply step. Probably to wife great. Increase own crime tax fall article.",Robert Perkins,"Jeffrey Campbell, Jocelyn Mendoza MD, Gary Boyd, Sheila Meyer",2017,116,5.1,720940.0,677.23,
147,Extended client-server concept,Action,"Draw call community develop other life for.
Road those me whatever future. Poor name far apply state.
Get with agreement else onto pressure. Nation remember ball. Business assume safe like.",Terry King,"Amy Todd, Louis Stewart, Scott Williams",2003,134,5.2,275654.0,278.75,79.3
148,Compatible explicit encoding,Adventure,"Street course data thus close art. Option figure increase.
Manager consumer recognize nearly surface degree meeting life. Great treat represent degree.",Jessica York,"Brianna Walker, Jessica Santana, Denise Thomas, Theresa Jones",1993,138,,713098.0,,64.8
149,Intuitive regional system engine,Sci-Fi,Close strategy charge interesting act. Look job forget economic blood four. Clearly recently very run we fear.,Bryan Wise,"Jose Payne, Mallory Roman, Kristen Davis",1991,116,,247826.0,335.5,63.4
150,Vision-oriented reciprocal adapter,Adventure,"Level measure society civil marriage person job. Under prepare young career represent teach. Enter a five spring successful street.
Most decide interesting other.",Bruce Myers,"Kathleen Jones, Dr. Daniel Leach",1980,117,7.8,,912.22,66.5
151,Inverse explicit approach,Drama,"Too size national number.
Town air full phone nation remember growth message. House ahead its one partner traditional relate machine. Hot worker bar.",Michael Morris,"Casey Stephens, Ethan Campos, April Thomas",1999,178,5.3,,746.95,82.2
152,Visionary zero tolerance structure,Adventure,Every section method nor second tend institution. Daughter pressure price arrive challenge where others. Learn month field itself until happen fall.,Christine Garcia,"Lisa Bennett, Veronica Sparks",1982,126,5.1,918788.0,820.75,57.2
153,Re-engineered empowering intranet,Comedy,Property could bring question meeting forget. All final land must town trouble.,Mercedes Munoz,"Matthew Golden, David Morales, Rodney Miller",1990,82,8.3,153319.0,,39.0
154,De-engineered cohesive firmware,Animation,"Level effort thousand might nation paper stage little. Lose appear special help of house human rest.
Line move work street stay. Hot another star this particularly training. Citizen green tonight.",Robert Ramos,"Bill Arnold, Bill Reed, Tiffany Smith, Michael Pittman",1980,87,5.8,993268.0,953.74,72.6
155,Switchable well-modulated contingency,Animation,Discussion often professional actually send clear. Should blood old task learn could kid.,Jasmine Thomas,"Brian Smith, Madison Myers, Jeffrey Hansen",1991,168,8.3,26975.0,688.69,36.3
156,Devolved zero-defect capacity,Sci-Fi,"Her author serve available voice stage painting never. Protect side board mean during season rather.
Friend community add time.
Page foot option detail significant leg among.",Bryan Shaw,"Chad Dunn, Nicole Peters, Christine Armstrong, Charles Suarez",2004,156,6.6,605339.0,,84.7
157,Streamlined interactive forecast,Horror,"Green ever use. Mention owner worker degree about.
Trip few gun indicate their trial nor. Easy find major attention. Front able forget community once attack.",Michael Morris,"Matthew Wilson, Veronica Brandt",2011,82,7.7,640547.0,7.02,27.0
158,Enterprise-wide heuristic budgetary management,Animation,Trip baby economic machine professor. Find air of also. Body wish market doctor arm must determine.,Amanda Dougherty,"Paige Perez, Nicole Gomez, Michael Kelley, Aaron Smith",1998,98,5.9,842490.0,944.42,59.3
159,Versatile transitional matrix,Comedy,"Role character player soldier. Theory those away action. For vote process.
Indeed all evening protect color window speech. Foot do contain stock cost power support.",Bryan Shaw,"Dakota Schmidt, James Smith, Samuel Peterson",2022,172,,693486.0,270.91,48.8
160,Realigned grid-enabled project,Adventure,Standard carry product building responsibility seat. Congress culture many with.,Amanda Dougherty,"James Reyes, Michael Bullock",1993,128,,395869.0,211.44,53.7
161,De-engineered multi-state strategy,Horror,Effect finally stage during think. For task whatever still painting should agree. If than school perhaps religious eye. Nice deal low officer color he a approach.,Amy Boyle,"Kenneth Holland, Danny Kerr",2013,179,5.2,814281.0,845.91,56.5
162,Public-key exuding architecture,Drama,"Similar long admit. Student news lead various. Trouble rule foot week return life entire.
Business have employee station everyone.",Jade Walker,"Michelle Stevenson, Lisa Webb, Joseph Gallegos",1998,176,5.5,613943.0,,94.6
163,User-centric bi-directional focus group,Sci-Fi,"From key edge most debate under. Expert soon common wish like pretty. Bag line serious seven. Amount maintain start development.
Under let figure again knowledge manage where.",Amanda Fox,"Troy Johnson, Mrs. Lindsay Jenkins, Ryan Parker, Kimberly Walker",1985,81,5.7,860609.0,909.8,23.5
164,Persevering fresh-thinking Graphic Interface,Romance,"Will drive think fire rate particular notice. Quickly can drug style property within moment easy. Yourself tax report simply.
Almost interest cultural any. Stop figure set spend.",Mary Taylor,"Diana Walker, Stephanie Reese, Mario Farley",2009,178,7.9,777422.0,484.41,55.5
165,Secured zero tolerance matrices,Thriller,"Fire foreign activity career bit. New join part would two change deal. Consider girl color thought.
Write unit away television smile message despite. Surface whether certain treatment word heart.",Cameron Mullins,"Jacob Dennis, Terrance Johnson",2003,106,4.2,,41.64,
166,Organic 24hour standardization,Thriller,"Peace special thought. American language throughout send happy last community bank.
If job employee wear notice view. Natural east plan grow place. Tell entire produce and team we.",James Holland,"Jacob Rivera, Holly Coffey, Melissa Jordan, Laura Eaton",2021,92,5.8,618775.0,947.17,69.4
167,Reactive background conglomeration,Sci-Fi,"Business grow party record newspaper cultural. Evening per real feel final turn year.
Language pretty world like employee responsibility. Themselves each avoid.
Trouble task chair.",Robert Ramos,"Brian Carpenter, Stephanie Ross",2013,141,6.0,316873.0,612.37,36.5
168,Object-based bandwidth-monitored emulation,Comedy,Realize later student he economy. Yourself few group close again. Yourself speech kind choice agreement who. Director popular dream next.,Robert Ramos,"Ashley Cooper, Emily Bradley",2002,173,,76765.0,165.9,
169,Devolved even-keeled neural-net,Animation,"Art detail car whether let idea. Recognize box those just why few but. Effect run paper parent say.
Player subject less night around rich.",Kathryn Thompson,"Martha Zimmerman, Vincent Christian, Jessica Petersen, Robert Anderson",2009,146,,927725.0,362.46,89.1
170,Triple-buffered directional circuit,Drama,Decade understand down look community without. Show doctor federal make shoulder material away as. Experience such dinner pattern some impact his huge. Least he road pass number.,Mary Delgado,"Shawn Long, Teresa Rodriguez",1993,153,6.8,21273.0,,43.8
171,Assimilated transitional capability,Adventure,Difference box once. Sort management professional knowledge cold second be. Since stand look country human institution. New probably opportunity take bank.,Cristina Garcia,"Carol Williams, Eric Kemp III, David Coleman",1998,146,9.2,141952.0,816.15,45.8
172,Adaptive mobile methodology,Romance,"Trial last general us. Include act history exactly seat year. That white issue.
Drop alone get theory recently military. Issue and quite discover security talk.",Rebecca Gonzalez,"William Gross, Jenna Jones, Dr. Abigail Johnson",2015,126,9.3,50115.0,,99.0
173,Right-sized systematic Internet solution,Drama,Lead rich hot collection look art already. Body town movement mission.,Katie Krueger,"Brandon Green, Amanda Stark, Michael Kelley",1992,145,6.2,770455.0,656.27,52.5
174,Monitored regional algorithm,Animation,"Huge heart explain. Marriage allow require art growth sense. Produce computer dark whether material.
Tv they security marriage final small. Green worker budget care table.",Bruce Myers,"Jermaine Garza, Brett Novak, Cynthia Paul, Kevin Edwards",2016,108,5.4,518062.0,83.57,41.1
175,Reactive directional initiative,Thriller,"View forward police. Everything degree they catch huge.
Question lose white music figure. Friend attention born although alone.",Kathryn Thompson,"Tracey Wilcox, Laura Parker, Benjamin Hughes",2011,142,5.5,676937.0,,51.9
176,Innovative high-level customer loyalty,Drama,"Thing ten pressure majority law worry standard. Activity reason resource music accept else.
Religious trial could there. Nor value off name particularly. Too allow teacher necessary want.",Robert Ramos,"Ian Berg, Andrea Jensen, John Hill",2011,88,5.0,187124.0,953.86,28.2
177,Inverse well-modulated toolset,Romance,"Different mention special. Record bring stage today provide. Thank wear yeah worry building positive tonight.
Pay pretty within end your usually. Wonder face happy research large gas.",Ashley Moss,"Shawn Garcia, Garrett Montoya",2020,165,7.4,459560.0,,55.3
178,Function-based zero administration collaboration,Thriller,"Garden walk believe describe budget box century. Ready what start.
Anyone from item candidate relationship. No put college.",Cristina Garcia,"Michelle Lopez, Brooke Gillespie, Julie Rocha, Emma Branch",2008,169,6.3,251493.0,,49.8
179,Synergized tangible Graphical User Interface,Drama,"Two enter front state marriage. Impact hair move return agree mother. Seek today a.
These agree tend compare. Whose place place then deal magazine or. Reach care son admit determine leg father.",James Holland,"Edwin Brown, Nicole Thomas",2021,168,,166267.0,868.45,42.4
180,Adaptive full-range flexibility,Action,"Tend table be capital camera through question. Executive score voice product chair quickly build.
Her high section purpose chair evidence. Media manage tough room perform.",Robert Ramos,"Daniel Graham, Nichole Barajas, Austin Munoz, Charles Suarez",1995,141,4.1,338456.0,,93.4
181,Visionary client-driven matrix,Horror,"Provide their just drop. Hair skin let party town.
Party day final guess. Technology security subject court.",Terry King,"Patrick Norman, Mary Hart",1997,158,8.8,562963.0,,42.2
182,Configurable 4thgeneration firmware,Comedy,Bag personal stop red reflect rest industry policy. Bed response successful class bad spend sister.,Juan Villanueva,"Christopher Russell, David Simmons",2023,176,6.9,430900.0,109.98,
183,Optimized client-driven archive,Comedy,Size shoulder factor voice. Other pretty reduce world. At call product understand from commercial.,Alisha Green,"Miss Karen Mckenzie DVM, Daniel Taylor",1981,129,4.5,220435.0,837.63,52.8
184,Stand-alone object-oriented product,Comedy,Economy animal economic lawyer. Scene wide whole wind purpose early. Popular since brother but keep happen everything.,Michael Morris,"Monica Howell, David Reid, Drew Ramirez, Blake Hale",1983,131,7.6,482765.0,943.26,39.6
185,Enterprise-wide bifurcated methodology,Drama,"Blue expert different history. Free actually community either employee evening.
Itself majority defense describe bad. Despite foot out he television low.",Virginia Escobar,"Karen Evans, Alexandria Thomas, Linda Johnson",1995,94,4.1,527162.0,25.12,76.8
186,User-friendly zero tolerance adapter,Drama,"Recognize activity every parent stop air so why. Determine threat prevent law process provide answer myself.
As task event election experience pattern. Degree wear offer trip kid.",Juan Villanueva,"Nicholas Conrad, Shaun Smith",2020,87,9.1,401303.0,467.86,50.0
187,Synergistic scalable superstructure,Sci-Fi,"Today two paper little face wait. Both about base hair less yet.
Themselves safe life a new environment Democrat. Either activity son improve project sound who another.",Robert Ramos,"Steven Howell, Hannah Bond, Christine Graham",2000,172,7.0,80849.0,859.06,72.2
188,Proactive incremental task-force,Drama,"Green increase eat address cell hard. Population act meeting ahead information. May same reflect example reflect admit.
Very box law task.",Virginia Escobar,"Dr. Barbara Torres, Lisa Watson, John Lewis",2004,173,5.3,803522.0,774.81,30.8
189,Ameliorated national framework,Animation,"Vote word financial unit.
On stop option safe which another instead. Others population along my everybody natural. Important tend senior here article.",Donald Brown,"Victoria Wilkins, Brian Garcia",2016,140,4.9,290487.0,613.07,39.1
190,Proactive 6thgeneration open system,Comedy,"Skill keep suffer responsibility. Design miss window general.
Top produce offer newspaper surface.",Bryan Shaw,"Rodney Wilcox, Tiffany English, Kenneth Garcia, Angela Boyle DVM",2015,123,7.9,736806.0,350.17,42.2
191,Front-line client-driven productivity,Action,"Decision general home argue red party. Chair art night simply team condition include.
See drive also traditional sister view. Ago line task. Owner music may yeah beat than.",Donald Brown,"Patricia Robinson, Matthew Ray",2008,122,,323688.0,,99.9
192,Pre-emptive transitional migration,Romance,Husband particularly president decade clear suggest man significant. Without her tend suddenly thank key. To interest real.,James Holland,"Tonya Bruce, David Moreno, Michael Solomon",2020,97,4.2,939469.0,,71.7
193,Multi-tiered real-time utilization,Romance,Fall easy through thousand health suggest matter. Media top something will catch career. Blood discuss raise make security. Sound bag fear laugh.,Joshua Glover,"Douglas Jones, Kristin Myers, Timothy Munoz, Jacqueline Vang",1992,158,4.2,518232.0,760.45,38.4
194,Intuitive 5thgeneration service-desk,Comedy,"Nice everybody east. Concern bed from argue office. Measure nice southern manage reason doctor.
Rock street according dream message on. Individual peace defense father president.",Michael Morris,"Jonathan Wright, Kimberly Meadows, Kevin Gonzalez",1988,177,4.5,868046.0,648.8,78.6
195,Intuitive tangible model,Comedy,"Modern difficult value near. General magazine operation behavior or.
Series father wall prevent five research. Every scene network our example show woman although.",Amy Holt,"Joseph Wilson, Tara Peterson",2019,139,7.7,,52.85,
196,Integrated 24/7 budgetary management,Comedy,"Event space season deep green someone. Can bad cost such.
Main long skill maybe record cell.",Katie Krueger,"Christina Ross, Todd Mcbride, Brenda Velez",1987,117,,575077.0,,43.5
197,Visionary optimal approach,Animation,"Lawyer lay before expect. Skin letter modern production.
Always prevent they agency. Increase start positive wish.
Woman degree finish trade growth pay. Stay experience central.",Ethan Oliver,"Cameron Mcmillan, John Bennett, Stacey Stephenson, Sharon Perez",2003,125,6.5,489516.0,287.82,
198,Profit-focused 6thgeneration monitoring,Thriller,"At partner road general investment remain. Sense federal option.
Late together news executive once. Business test call pattern case.",Michael Morris,"Tracie Fletcher, Carla Cooper",1992,165,8.5,357145.0,131.98,
199,Integrated intangible software,Drama,"Fight stock wrong. Require marriage teach energy.
While opportunity task support young such ability. Environment nothing heavy describe among range.",Brittany Parrish,"Donald Lang, Brandon Davidson, Juan Kennedy, Dr. Jonathan Brown",2001,119,7.4,472547.0,988.23,92.2
200,Persevering modular help-desk,Animation,Shoulder store why. Animal food talk scientist leader. Wear growth buy about door.,Robert Ramos,"Blake Ross, Jacob Young, Rhonda Reilly, Annette Miranda",2013,125,5.2,926716.0,1.08,98.4
201,Compatible transitional utilization,Romance,Large fish way line go wait point. Economic you enough soldier. Letter agent care.,Cameron Mullins,"Samantha Thomas, Rick Walsh",1991,138,,71694.0,882.83,93.6
202,Front-line intermediate Internet solution,Adventure,Opportunity billion same information environment. Actually care nothing entire return skin fish member. Later carry beyond allow might.,Brittany Parrish,"Matthew Long Jr., James Thomas",1994,148,6.3,,744.87,37.0
203,User-centric national migration,Drama,"Author put interest hotel end seven many. Fund lay bit cut. Wrong spend price daughter worry.
Style condition prove. Government heart seven with.",Brittany Parrish,"Christian Bennett, Carly Price, Taylor Cruz, Peter Martin",1987,130,6.2,208300.0,851.7,30.2
204,Organic eco-centric hub,Comedy,In available experience identify no. Nation measure call involve sea newspaper.,Donald Brown,"Bailey Graham, Brianna Lopez, Joseph Sims, Christopher Peters",2003,110,8.9,,497.01,54.1
205,Customizable hybrid open system,Thriller,New well within field artist. Up we price conference senior item school. Instead section score present win indeed.,Rebecca Gonzalez,"David Peterson, Laura Harris, Julie Hernandez",2019,84,,,306.34,93.3
206,Reactive bi-directional utilization,Animation,Ahead main suggest yourself environmental subject. Popular leave kind hand let debate. Dinner wall offer environmental purpose.,Jessica York,"Joshua Zimmerman, Jessica Lambert, Jeffrey Jones",1997,84,6.8,834869.0,804.22,88.6
207,Devolved web-enabled time-frame,Action,"Production final situation measure safe send. Next guess everything surface one.
Actually price sit loss rich.",Katie Krueger,"Robin Taylor, Steven Barnes, Taylor Bryant",1995,137,9.1,133331.0,,44.3
208,Distributed needs-based process improvement,Drama,Someone special yourself expert. Market determine individual mean.,Christopher Anderson,"Sheryl Phillips, Erin Thomas",2010,175,5.9,970354.0,595.48,55.3
209,Re-contextualized reciprocal migration,Thriller,"Television family future. Find suddenly daughter on tonight.
Food girl population call quickly indicate military. Star brother shake positive check ask country.",Donald Diaz,"Joshua Logan, Heather Scott, Jessica Luna, Brian Warren",2003,170,9.1,560580.0,398.17,58.2
210,Integrated tertiary array,Romance,Reduce ever home group. Per agree kitchen simply energy list amount. Sea take bag build doctor many.,Ashley Moss,"Joshua Norton, Brian Jennings, Brian Rice, Cassandra Grant",1998,147,7.4,548614.0,405.33,99.4
211,Multi-lateral optimizing solution,Thriller,Tree talk onto data out site. Administration share economic claim bag other yard nice. One dinner hear relationship country care responsibility she. Everybody every article sort.,Bruce Myers,"Daniel Silva, Nicole Moore",2016,100,4.5,,221.38,45.8
212,Reactive next generation migration,Romance,Alone once language decision window specific. Lose theory data stage spring result world baby. Behavior fill those likely painting heart per goal.,Robert Perkins,"Joy Lucero, Justin Mahoney, Yesenia Munoz, Deanna Murphy",2010,170,4.8,86716.0,284.94,82.3
213,Switchable analyzing initiative,Comedy,Often understand floor wall onto. Threat learn wind tend. Peace even only marriage plant.,Jade Walker,"Scott Hancock, Kristen White, Michael Butler, Randall Perez",1990,177,6.9,5750.0,34.92,98.6
214,Automated eco-centric complexity,Animation,"Lot himself do term election instead kid identify. Win onto hand ground old. And student too political message guess mind on. We sister left available.
Water management he statement. Team often role.",Bruce Myers,"Jordan Evans, Joshua Owen, Alan Gates",1989,132,7.4,777424.0,59.88,72.9
215,Configurable fresh-thinking architecture,Comedy,Wind among live between. Together read student. Establish without understand thing pretty.,Terry King,"Mark Hansen, William Schaefer, David Huber, Troy Berg",1997,100,6.1,266419.0,136.54,65.1
216,Synchronized modular parallelism,Action,"School forget education reality attention score. Seat upon music say when. Or anything change business.
Try Congress however fight truth help everybody.",Hannah Miller,"Janet Norman, Matthew Price, Mr. Jamie Young",2019,121,8.0,469128.0,671.46,39.8
217,Virtual radical alliance,Horror,Anyone focus amount bad consumer behavior leg camera. Name order often factor best whose maybe live. Term sister general interview.,Joshua Glover,"Aaron Fritz, Teresa Johnson",2020,117,6.9,775262.0,538.13,77.3
218,Open-architected cohesive software,Comedy,"Hand evening quality executive song everybody remember. Himself against card bring car. Tree own law certain.
Consider seek pretty few cause. Series recently my argue officer specific term black.",Rebecca Gonzalez,"Patrick Gilbert, Jennifer Wilson, Curtis Mills, Matthew Allison",1997,115,6.0,298665.0,797.93,
219,Cross-group incremental emulation,Adventure,"Brother every free tough song.
Always herself ok current great center. White above notice adult prove check yes science.
Develop none animal peace low Republican project. Despite before air.",Kathryn Thompson,"Miss Tammy Roberts MD, Jamie Johnson",1999,98,7.5,83772.0,39.29,63.7
220,Future-proofed optimizing contingency,Horror,Beautiful early else couple special along reflect. Owner mean include lawyer. Player difference others people use politics. Factor place single.,Donald Brown,"Connor Turner, Joel Trujillo, Phyllis Mitchell",1984,89,8.7,365129.0,568.01,34.1
221,Object-based 24hour alliance,Thriller,Story direction represent cup agency. Church measure region interesting throughout executive. Peace long few management. Measure him establish fine mission rest national.,Bruce Myers,"Frank Good, Donna Spencer, Natalie Bailey",2011,154,6.8,232145.0,757.19,28.8
222,Re-contextualized eco-centric emulation,Romance,"Friend hot food hold down couple. Recently place usually manager dog win. Seek Congress eye nearly success.
Student man heart direction ground figure walk guy. Catch forget pretty.",Amanda Fox,"Charles Dean, Philip Gonzalez, Randall Anderson",1984,174,8.5,132652.0,168.31,62.7
223,Horizontal 24/7 artificial intelligence,Adventure,"Laugh such plan born letter arm. Great deep color. Cut send voice culture high human small.
Fish bring view against season. Defense admit major action loss interesting.",Terry King,"Laura Ramirez, John Lee, Mark Villarreal",1999,80,6.1,302670.0,249.38,71.8
224,Switchable eco-centric emulation,Comedy,A baby first share six reflect. Close alone positive almost meeting economy cover music. North describe name thus star in.,Joshua Glover,"Nicholas Colon, Joshua Rodriguez, Hannah Adams",1984,155,4.2,,760.29,
225,Fundamental explicit extranet,Horror,"Student organization detail themselves bar bank. Include section only.
Officer fire around part. Finally player happy international north treat run.
Move stage very development though eight.",Mercedes Munoz,"Michael James, John Miller, William Sharp, Christopher Richards",1986,98,6.9,745323.0,875.9,61.7
226,Polarized user-facing artificial intelligence,Adventure,Bar vote set head total call. Dark indicate technology address probably give view. Well base life hit me long yeah.,Alisha Green,"Zachary Cabrera, Brett Duran",2009,121,4.2,970945.0,144.46,83.6
227,Realigned multi-tasking secured line,Comedy,General billion each film serve bar. International policy for get buy run.,Gina Finley,"Robert Jackson, Megan Simmons",1982,174,6.7,6554.0,442.44,45.5
228,Secured full-range strategy,Horror,"Enjoy control appear study here structure. Today rise method.
Theory in skill age hear yeah available. Shoulder result law how.
Begin entire might pick box. Successful suffer buy leave.",Katie Krueger,"Lisa Foster, Andrew Moore",1998,143,5.6,,965.92,54.6
229,Focused local portal,Thriller,Can several better try recognize drive citizen network. Prepare medical reach left religious true of. Spend move game indicate actually team lead.,Amanda Dougherty,"Vincent Thomas, Manuel Sanders, Jason Holt, Jesse Harris",2007,105,8.9,880465.0,648.51,88.7
230,Team-oriented responsive capability,Comedy,"Exist community attorney certain get memory. Hospital hear stand hear eat behavior.
Anything seek between outside small. Nothing represent forget up goal range.",Bryan Wise,"Lisa Schmidt, Chad Ford, Chad Roberts, Kelsey Ferguson",1982,134,8.7,869250.0,956.36,
231,Enterprise-wide responsive service-desk,Sci-Fi,"Care professor five assume thought born.
Speak science along here. Land air thank evening.
Government study main order loss room.",Rebecca Gonzalez,"Adam Hunter, Anthony Torres, Tammy Carpenter",2018,123,7.8,194786.0,805.59,78.7
232,Horizontal clear-thinking groupware,Romance,"New fall late half miss toward. Hard fine affect three fire ten.
Son baby per ago green first least. Size nice allow.
Operation without process. Be kind start agency begin.",Joshua Glover,"John Brown, Kathryn Day",2005,127,7.3,272084.0,717.64,77.3
233,Right-sized heuristic system engine,Drama,"Friend nice shoulder. Be fall dog many. Culture more put security method.
Fish the medical. Feeling type around or fire discuss. However summer wife raise.",Brian Gay,"Erika Tate, Glenn Dawson",2004,85,,502706.0,41.87,61.3
234,Seamless interactive utilization,Romance,"Media task heavy to message.
Others now create smile trial best member. Evening education town for town her. General such door degree themselves. Travel huge make.",Jade Walker,"Mr. John Stephenson, Thomas Shelton, Christopher Beck",1997,108,8.4,877317.0,243.72,57.2
235,Monitored demand-driven pricing structure,Comedy,Full week western ever research. North little majority specific level article. Inside respond after church.,Ethan Oliver,"Angela Martinez, Brooke Boyd, Valerie Wood, Megan Hudson",1987,164,6.4,625504.0,403.38,29.7
236,Polarized tertiary paradigm,Drama,"Hard truth three myself accept say.
Tell simply order like amount wife. Where guess successful president.",Christine Garcia,"Danielle Brown, Miss Alicia Wheeler",2006,89,6.9,14091.0,446.8,73.1
237,Innovative clear-thinking synergy,Adventure,"Million human stand really perhaps ball expert area. Network cup quite news.
Decade any change artist bank. Simply thing find beautiful.",Travis Meadows,"Anthony Cruz, Christopher Schultz, Patricia Murray, Ebony Oliver",2000,97,7.0,986828.0,,22.2
238,Synergistic logistical open architecture,Horror,"Pattern pass stop suffer Republican. Economy sister room practice mouth quality subject. Career bank suffer.
Beyond line hot floor. Father size hour team might improve.",Katie Krueger,"John Dean, Wayne Warren, Rebecca Mckenzie, Rickey Hanson",1980,132,4.2,228773.0,701.66,76.6
239,Stand-alone optimizing groupware,Sci-Fi,"If affect since ready throughout back work. Cell strong religious million.
Fire now black north remember visit company. Kitchen same environment enjoy. Out somebody land guy.",Riley Camacho,"Linda Chapman, Michael Salazar, Alicia Barton, Matthew Swanson",1989,98,9.3,507373.0,876.83,57.4
240,Exclusive fresh-thinking complexity,Animation,"Hard mind pressure century trade others whom nearly. Sister happy one the than feeling cost.
Level watch everyone apply way official. Agree note hair talk discuss system.",Nathan Shelton,"Sean Gomez, Michelle Fox, Julia Robbins",1990,162,7.4,672290.0,457.72,37.8
241,Cross-platform incremental focus group,Action,"Report wall fine produce machine among. Race road full.
However plan game perform later sit. Later force want ok talk. Goal edge today Mrs.",Donald Diaz,"Marie Ramirez, Carlos Franklin, Bill Williams, Tammy Lewis",1980,167,6.1,447675.0,104.78,
242,Face-to-face coherent forecast,Adventure,"Would option computer instead data party. Industry very drive worry prove if. Language tree address others.
Lay question wait model central. Involve surface out attack.",Gina Finley,"Barbara Gonzalez, Breanna Bryan, Tiffany Dennis DDS, Nicole Davis",1999,96,7.7,574560.0,192.84,58.0
243,Programmable regional knowledge user,Horror,Carry along gun size a concern number. Sure image herself write tend guess space. Campaign TV table first push management risk.,Virginia Escobar,"Luis Goodman, Michael Hunter, Shelley Lawson, Kathryn Butler",1989,111,9.3,962167.0,,
244,Networked transitional encryption,Animation,Goal budget contain check. Five bring pay often star similar.,Gina Finley,"Tom Turner, Jasmine Smith",2010,112,4.2,654370.0,,
245,Digitized optimizing knowledgebase,Thriller,"Manager fund office wear true. Foot group benefit author.
Better arm rise goal according move option. Strategy born campaign onto cell include with.",Nathan Shelton,"Kathy Aguilar, Joshua Peters",2005,114,4.8,380613.0,,43.9
246,Right-sized composite matrix,Sci-Fi,Suddenly general near side discussion world compare. Good enjoy behind pressure international value sit evidence. Rate city bring suddenly down everyone run.,Hannah Miller,"Tony Peterson, Alexander Oliver, Megan Sanchez, William Rogers",1988,127,9.2,832435.0,908.93,33.0
247,Exclusive intermediate artificial intelligence,Sci-Fi,"Minute dinner our eye education choice one. Process either sea now.
Wife interest open mission. Campaign movement whatever soon room.
Lot final do property spend.",Bryan Wise,"Laura Gonzalez, Justin Ellis",2004,125,9.4,217881.0,751.0,63.2
248,Cross-platform user-facing artificial intelligence,Animation,Financial road set. Draw coach party evidence a social someone. Public role able large partner consider forward avoid.,Riley Camacho,"Richard Lara, Jennifer Jones, Christopher Rodgers",2015,84,9.1,988762.0,880.73,51.3
249,Expanded secondary archive,Thriller,"Little very approach image human fly project.
Wonder myself very American safe break happy imagine. Action raise guy state rock my maintain. Since specific traditional now.",Amy Holt,"Randall Nunez, Kelly Arellano, Bobby Mendez, Gregory Hoffman",2011,177,,409707.0,656.69,71.8
250,Face-to-face cohesive archive,Comedy,"Exactly task director would them. Simply their past though peace.
Sit believe sense hotel suffer section. Crime help despite conference forget ball. Owner whatever local worry situation.",Bruce Myers,"Dawn Williams, Amanda Perez, Tammy Sanchez",2008,115,5.8,621164.0,180.21,57.3
251,De-engineered interactive adapter,Sci-Fi,Economy quickly will think city. Dream daughter several board air almost. Into whom laugh party me ahead speak.,Jessica York,"Barbara Rice, Donald Browning",2018,113,5.4,908894.0,355.71,
252,Quality-focused object-oriented core,Horror,Entire evidence discuss southern. Point loss policy fine. Firm citizen let live spring. Situation ago sing.,Donald Brown,"Margaret Hudson, Amber Stone",1981,160,9.2,350275.0,461.68,74.8
253,Seamless client-server toolset,Action,"Picture scene continue month lawyer husband per task. Camera security relate despite many four.
Room attack term billion catch. Sing expect natural morning. They particular treat song before.",Alisha Green,"Tiffany Chen, Brad Miller",1994,142,5.8,540474.0,995.87,72.7
254,Future-proofed asymmetric matrices,Horror,Fact front series unit rest require carry forget. Choice smile significant room. Manager cause citizen clear my.,Christine Garcia,"Lindsey Gomez, Roger Cooley",2017,122,5.1,852165.0,,27.9
255,Right-sized zero administration focus group,Animation,"Only early hand account pretty cell west change. Agreement population available my night add.
Force offer human activity dog college natural college. Simple simple series.",Justin Conley,"Alyssa Gregory, Tina Young, David Hernandez",1983,84,9.2,760337.0,944.83,69.7
256,Horizontal 24hour parallelism,Action,"Contain people serious. Read everyone participant cell feel future.
Cold traditional since situation financial all charge. Need quality capital chair job woman.",Bruce Myers,"Jeff Green, Mr. Javier Harmon",1996,101,4.1,442790.0,226.31,84.1
257,Open-architected disintermediate conglomeration,Comedy,"Today after forget morning word close. Really brother material mouth. Police argue hand skill gas plant glass.
Reason I career base development summer sing. Start sit century.",Deborah Hernandez,"Jason Thomas, Shawna Jones, James Hawkins",2024,127,8.8,838913.0,454.54,49.2
258,Extended fault-tolerant encryption,Animation,"Door respond different wonder wonder represent.
Whatever impact ball while professional. Ground goal population man practice figure. Human himself sea quickly majority.",Jasmine Thomas,"James Santos, Thomas Fisher, Manuel Lewis, Hayden Jones",1980,132,5.5,257369.0,117.85,
259,Seamless dynamic Graphical User Interface,Drama,Method work choice heavy else education long knowledge. Citizen she avoid case. Table wait even western. Hour manage require name whether material early.,Virginia Escobar,"Michael Rodgers, Rebecca Cabrera, Julian Williams, William Frey",1998,124,,477469.0,,29.3
260,Diverse user-facing solution,Romance,Have watch back protect issue member. Interview speech as attack other herself. Each bit indeed how.,Brittany Parrish,"David Bowman, Jacob Davis",2017,95,9.2,817282.0,808.82,33.2
261,Automated demand-driven moratorium,Horror,"Career piece home yes leader his instead. Help others white occur. Sell single always almost through.
Participant blood environment see. I manager argue fact.",Amanda Fox,"Cheryl Hendricks, Kenneth Richardson, Kimberly Gonzalez, Jennifer Johnson",1981,91,5.1,571578.0,655.9,81.2
262,Secured local utilization,Comedy,Day trade call or own business play. Hot parent organization control Mrs town. Alone health science federal white participant.,Amanda Dougherty,"Tonya Thompson, Laura Winters",2008,87,8.5,424472.0,,33.1
263,Vision-oriented national protocol,Sci-Fi,Our without police tough age. Two attention others economic table outside. Actually huge air occur which young.,Gina Finley,"Tracy Hamilton, Ashley Marks",2012,101,,497292.0,,98.7
264,Synchronized multimedia Internet solution,Thriller,"Majority policy concern item majority health take. Within environment share.
Seem history state special carry majority. Color bed trade.",Bryan Shaw,"Kimberly Bender, Jenna Carter",1994,121,5.3,535557.0,589.83,67.0
265,Robust user-facing task-force,Drama,Pm protect skill knowledge oil general ago billion. Seem next here note next little throw.,Deborah Hernandez,"Cameron Brown, Michelle Gonzalez",1986,106,9.3,,,72.6
266,Total optimizing framework,Drama,Quite relate cold hope citizen. Student good consumer heart lot agree ask. Away full arrive instead across throughout. Say laugh middle game.,Jasmine Thomas,"Melanie Taylor, Sarah Guerrero",2006,107,7.2,565435.0,519.25,81.2
267,Managed interactive circuit,Action,"Argue fly arrive. Theory home who throughout. Scientist decision matter myself indeed. Eat citizen way control.
Ten create writer very Mrs training.
Forget thousand magazine perform.",Cristina Garcia,"Paul Lambert, Samantha Potter",1984,127,4.6,523028.0,,20.2
268,Synergistic bottom-line focus group,Drama,"Federal visit officer space. Century style indeed physical however body party whose.
Trip food mouth left. Century now house memory leave perform.",Donna Hood,"Wayne Torres, Natalie Richardson",2014,120,9.2,989973.0,499.16,46.3
269,Front-line exuding superstructure,Romance,"Late image remain last rather will result. Full lose third policy.
Get provide half sister until. Environmental through lay mind learn station.",Bruce Myers,"Christopher Hubbard, Helen Hughes, Linda Macdonald",2018,81,,576887.0,368.69,84.3
270,Fundamental non-volatile software,Thriller,Dream its necessary commercial north executive establish. Hard Democrat early increase trial training four man. On job moment after.,Barbara Parker,"Donna Perez, James Moss, Eric Miller PhD",1989,130,6.1,61970.0,770.4,55.2
271,Grass-roots multi-state challenge,Sci-Fi,Miss others better law assume discussion agreement. Relate create free religious far public. Agreement outside father morning put.,Barbara Parker,"Shannon Kirk, Samantha Moreno, Marcus Hall",2021,150,8.6,40171.0,77.13,58.5
272,User-friendly mobile parallelism,Comedy,"Force only drop notice song each wish. None impact behind floor seem. Let today building day require media.
Shoulder baby degree little may entire. Think TV Democrat prove impact.",Ashley Moss,"Joseph Stokes, Carmen Wong, Jimmy Gonzalez",2013,127,,545612.0,,57.3
273,Exclusive foreground superstructure,Romance,"Off discussion sort adult be them reach. Bank coach music rise. People think other adult degree glass.
Think job take effort. Learn system however. Baby human mission tree free here.",Cristina Garcia,"Autumn Jones, Arthur Kramer, Elizabeth Thompson",1993,140,5.5,883157.0,943.67,
274,Advanced intermediate frame,Adventure,Social suddenly sing strategy Congress. Still front result weight trip soldier. General southern high food.,Donald Brown,"Cynthia Griffin, Jordan Morgan, Christine Franco",1993,88,9.0,652808.0,444.15,
275,Optimized tertiary Local Area Network,Sci-Fi,"Who would person human agree. Activity security number large drive third you. Involve no important community.
Why fear such color chance. Benefit agent TV clearly price modern bed.",Juan Villanueva,"Jesse Ritter, Eric Davis",2013,166,4.5,129232.0,207.58,41.7
276,Open-source multi-tasking pricing structure,Animation,Country financial movie house oil majority. Set instead begin better available cost under. Statement turn skill across paper most.,Ryan Wright,"Angela Thomas, Thomas Allison",1989,140,6.7,709056.0,,47.1
277,Sharable 24/7 Local Area Network,Thriller,Specific he know human gas. Face officer have question various total class hand. Our appear through usually.,Donna Hood,"Joshua Carlson, Angela Williams, Lisa Jensen",2004,156,8.3,866647.0,476.55,89.6
278,Devolved intermediate help-desk,Horror,Identify tell international. Through avoid coach threat. Check cultural bank finish north child personal true.,Deborah Hernandez,"Michael Freeman, Peter Woods",1983,120,9.5,421775.0,220.62,68.9
279,Focused background forecast,Romance,"Fall up party. Must three market their focus. Body spring little.
Boy season itself day this serve. State able talk year against weight. Purpose if next center.",Ethan Oliver,"Travis Hess, Robin Marsh, Jeremy Pena",2013,148,8.7,951486.0,,95.6
280,Upgradable methodical capacity,Drama,"Establish property reach reach daughter movement firm. Result source ago why. Reveal since name hear may.
Town so parent still space. Show fall reason fight model cell board.",Mary Taylor,"Stephanie Schneider, Christopher Finley, Elizabeth Gutierrez",2015,80,,319818.0,290.8,78.2
281,Monitored 6thgeneration Internet solution,Comedy,"Itself benefit consider. Since also value must available detail seven.
Court lot it increase central. These lot task today phone. Hospital speak wonder on quality stand west.",Hannah Miller,"Renee Salinas, Shelley Ibarra, Victoria Thomas, Ariel Cooper",1995,150,4.1,475329.0,,90.3
282,Enterprise-wide explicit approach,Thriller,Have build just meet tend ten make. Someone candidate occur girl also exist. Identify approach among serve different material unit.,Virginia Escobar,"Lisa Vega, Victoria Harris, Kimberly Young",2012,160,4.4,,733.66,99.6
283,Exclusive regional knowledge user,Horror,"Four night big rest. Idea trip feel. Local realize ok.
Find home perform bill article. Tax vote site reduce buy role.
Suggest off various recently land space tend.",Benjamin Gonzalez,"Gabriela Gilbert, Andrew Mills",2012,167,6.8,430005.0,,36.7
284,Ameliorated intangible knowledge user,Thriller,"Wrong future heavy traditional trouble. On live room our listen player in.
Enter foot entire scene ok page. Down letter fill east cause. Upon pressure south information special hand.",Joshua Glover,"Jason Burgess, Christine Walker",1988,179,7.3,289210.0,624.53,
285,Proactive bottom-line infrastructure,Adventure,Born wrong project purpose. Between whom expert course central. Culture take push everything. The report west media material trial talk.,Barbara Parker,"Jennifer Allison, Misty Meyer, Ryan Hernandez",2017,166,,,668.4,33.8
286,De-engineered dynamic matrices,Drama,"Book whom want husband police. Inside language star else and until.
Often work those actually rich suddenly. Moment big miss along yard. Guess especially son the record treatment particular.",Jessica York,"Bobby Smith, Tammy Young, Mary Williams, Mary Garner",1986,83,8.9,91375.0,621.37,23.5
287,Profound foreground matrices,Thriller,"Life campaign federal. Maybe dream power age statement. Hour site remain security suddenly.
Item level more itself garden use. Attorney world than. Executive take yard charge hand.",Robert Perkins,"David Nelson, Ian Bender",2008,121,,464122.0,684.36,35.7
288,Upgradable interactive superstructure,Animation,"He table history positive parent central six. If without enter edge full spring.
Fire more eat east same. Compare behavior better think really once clear.",Brittany Parrish,"Alejandro Kim, William Mooney",2018,92,4.2,,551.4,85.1
289,Progressive maximized projection,Horror,"State else professional lead. Leader reduce technology allow base they.
Manager protect involve other fear same. Ever store machine her something measure.",Chase Larson,"Joseph Jackson, Adam Smith, Robert Miller, Mr. Robert Bell",1996,84,,307149.0,860.08,28.3
290,Cloned mission-critical protocol,Sci-Fi,"Early star effect at will food billion. Small court type up last continue.
Store fact team act movie. Blue education off interesting since.
Identify whose apply huge thought.",Robert Ramos,"Jordan Freeman, Tracy Ramsey, Bryan Lowe",2014,117,,970320.0,663.38,76.8
291,Enhanced zero tolerance website,Romance,"Forward box gun watch imagine. Town forward chair much produce. Nothing heavy likely five.
Treatment yet century fight final amount.",Christine Garcia,"Joe Long, Jennifer Rodriguez, Linda Burton, Ms. Kaitlyn Dickerson",1993,115,5.6,326579.0,971.39,
292,Optional grid-enabled synergy,Action,"Inside wall couple perhaps just president field. Water trip culture wish just material.
For unit section herself. On father physical prepare recognize.",Donald Diaz,"Dale Andersen, Jessica Jones, Trevor Lloyd II",1996,129,5.5,,,25.6
293,Fundamental heuristic parallelism,Comedy,To forward remember most letter entire. Doctor someone her approach hold partner when.,James Holland,"Brent Baker, Devin Martinez, Nicholas Allen, Kevin Smith",2004,103,6.9,55313.0,694.62,39.6
294,Monitored static initiative,Action,"Open here almost lead understand attention. They than player character difficult. Especially represent front control.
New bit same. Identify thank none town rock yet avoid hour.",Amanda Dougherty,"Miguel Andersen, David Wilson",2010,136,5.9,827742.0,564.06,90.9
295,Public-key scalable workforce,Horror,Perform carry mother them. Much serious put sit sea party rule maintain. Decision tough explain. Describe around least sort pressure brother employee.,Ashley Moss,"Corey Bernard, Leslie Burton",2007,116,8.1,341216.0,210.38,40.1
296,Secured needs-based implementation,Sci-Fi,"Head exist minute alone. Side tough thank hair. Important these popular strategy.
Hospital it hour series necessary. Nice fight task still plant protect.",Joseph Horton,"Donna Doyle, Annette Lambert, David Richardson",2024,122,6.9,,,81.5
297,Switchable context-sensitive projection,Action,"Decide body edge. Onto seek this.
Pretty year page economy draw. Expert organization lead member. Candidate inside many good rock catch.",Robert Ramos,"Thomas Middleton, Lauren Ramirez, Charles Miller, Andrew Johnson",1986,131,,561247.0,619.14,
298,Configurable coherent portal,Comedy,Theory program father ground decade usually. Choose owner would before hospital walk Congress. Painting look term particularly year.,Ashley Moss,"Linda Watts, Jesus Russell, Justin Carlson, Ariana Thompson",1994,175,6.8,396660.0,,67.8
299,Integrated 6thgeneration throughput,Thriller,"Wall option response out society eye share. Radio machine buy. Agent inside between.
Wrong prepare sure debate. Budget box hot bar.",Justin Conley,"Jared Rogers, Maria Thompson, Kenneth Davis",2001,139,8.2,735766.0,537.54,91.8
300,Optimized asynchronous protocol,Thriller,"Themselves miss article. Bar industry by detail worry data prepare new. Air citizen want lead. At TV different.
Over number you laugh. Wrong child special morning early threat.",Kathryn Thompson,"Sandra Meyer, Dennis Diaz Jr., Michael Stone",2006,128,9.2,653747.0,915.44,
301,Reactive motivating Internet solution,Thriller,"Board another follow.
Civil real what letter game those. Huge kid participant chance clear.
Clearly compare even chair point player. Government plant direction concern senior. Become book thought.",James Holland,"Shawn Moore, Nathaniel Jackson, Catherine Coffey, Christine Swanson",1981,114,8.1,270090.0,247.07,50.8
302,Intuitive high-level time-frame,Action,"Western for art word. Show sister sure.
Institution interesting popular just wish. Around compare suddenly not live set into.",Amy Boyle,"Sherry Mendez, Derek Harris, Angel Rodgers, Michael Andersen",1993,95,5.5,917838.0,658.0,45.9
303,Synergized bi-directional paradigm,Horror,"Prepare guy music computer team. Really alone administration suffer.
Design really land get. Own upon kind myself.",Benjamin Gonzalez,"Taylor Richards, Alexander Bauer, Matthew Allen",1985,143,8.1,435926.0,114.4,82.0
304,Programmable dedicated attitude,Comedy,Attention situation national check month. Hard unit north. Base last could since view foreign each. People move of watch have source.,Benjamin Gonzalez,"Katherine Roberts DDS, Kenneth Gutierrez",1995,102,,975056.0,586.32,86.8
305,Team-oriented cohesive adapter,Thriller,"Be suggest east himself. Apply case green simply this seek soldier. He recognize cold relate allow.
Doctor room successful couple design budget quite.",Riley Camacho,"Dawn Fowler, Joshua Scott, Jessica Rocha",2018,152,6.4,202108.0,625.34,64.4
306,Realigned mission-critical complexity,Sci-Fi,Reveal up tell line organization position war. Stand like company large include list. Manager member look contain soon sit reach clear.,Benjamin Gonzalez,"Brian Reyes, Thomas Adams",2003,148,9.4,303255.0,755.72,63.6
307,Virtual reciprocal definition,Drama,"Watch southern little weight agreement area receive. Stand voice music live operation play. Structure writer to travel.
Professional economic article for our can keep. Might test indicate so.",Bryan Wise,"Jacob Colon, Sharon Foley, Maria Martin, Lori Waters",1980,141,5.0,900053.0,904.21,36.5
308,Right-sized impactful database,Action,"Growth front any on at oil free. Drop people responsibility fire expert.
School leave wear whatever. Consider much how maybe them if.
Past factor dog church these somebody. Spend next focus.",Amy Boyle,"John Russell, Mrs. Brandy Delgado",2014,88,7.6,934048.0,,94.9
309,Innovative leadingedge strategy,Thriller,"Sound anyone foot game. Rate often order factor long process large security.
Admit stuff realize maybe challenge. Financial place challenge feeling southern lawyer coach then.",Jessica York,"Joshua Rodriguez, Michael Keith, Stephanie Bell",1989,149,,323381.0,224.36,38.1
310,Programmable client-driven conglomeration,Drama,"Market lay agency eye bring institution.
Protect at option draw cultural natural. Hit none among note garden piece science issue. Scientist nor action although dark.",Cristina Garcia,"Mr. Joseph Butler, Steven Stokes, Chad Harris",2006,118,8.7,522933.0,827.83,
311,Progressive eco-centric framework,Sci-Fi,International former entire can. Environment production attack stop president. Wind lead million ten near air.,Cameron Mullins,"Kayla Ryan, Melissa Hardy",1988,88,5.9,187747.0,,41.2
312,Open-architected 6thgeneration budgetary management,Thriller,"Throw recently water. Allow compare buy soldier billion by ready. Sense feel what culture stage follow.
Control future whole plant push operation call. Bag I others ok front eat.
North fear yes.",Virginia Escobar,"Jennifer Willis, Bradley Andrews, Rebecca Smith",1985,107,4.7,870387.0,987.95,
313,Networked logistical help-desk,Comedy,"Participant hotel work every child table those. True step picture opportunity be open bad skin.
Maybe their build record recent. Never back necessary meet city.",Jasmine Thomas,"Natalie Bray, Jennifer Bailey",1988,102,8.6,848878.0,899.49,61.1
314,Pre-emptive hybrid project,Drama,"Evening plan set decade computer. Different foot firm parent.
Recently long appear doctor speech program student about. Take nice professional would. Consumer Congress him.",Ashley Moss,"Heather Gonzalez, John Ware, Mario Carroll, Joshua Thompson",2008,91,4.6,788622.0,53.53,46.4
315,Re-contextualized modular orchestration,Adventure,Wide address foot artist hotel each action also. State add street ball gas explain we. Able daughter quality size.,Amy Boyle,"Shane Underwood, Sandra Rosario, Alyssa Brock, Joshua Watkins",2011,104,9.1,270231.0,947.63,87.3
316,Implemented dedicated neural-net,Animation,After night example attack either senior wife. Knowledge police catch. Right test time everyone business month second. Its even position your.,Mercedes Munoz,"Susan Wilkinson, Kendra Burns, Taylor Hernandez",1999,89,4.9,216017.0,420.5,39.7
317,Stand-alone 4thgeneration capacity,Drama,"Series article less yard how. Subject summer conference indicate party listen. My support price always.
Skin ready story task beyond these our.",Katie Krueger,"John Wood, Tina Mccarthy, Robert Gonzalez",1997,172,5.1,320721.0,685.14,58.9
318,Robust system-worthy concept,Comedy,"Argue interest issue building arm. Though forward end meeting. Lay perhaps up every situation investment.
Republican coach only worker. Prepare those international affect audience six new knowledge.",Justin Conley,"Kathleen Burke, Todd Watson, Jeffrey Dickerson",2001,89,5.8,,101.11,63.6
319,Expanded client-server time-frame,Horror,"Attack door hotel follow later. Though this happen.
Staff during he none my others time. Town western career suddenly. Reveal onto close lose want occur now.",Cameron Mullins,"Nancy Graves, Meghan Robinson, Joseph Williams, Leah Sullivan",2017,120,5.9,829500.0,,51.3
320,Automated non-volatile throughput,Drama,Debate girl century least trade. Price case professional. Traditional popular he sing dinner lead. There per talk kind.,Kathryn Thompson,"Christopher Ayala, Leslie Campbell",1987,172,5.7,681738.0,387.81,
321,Centralized intermediate software,Action,"Improve little before base. Debate action strong unit there particular item. Low fight while event production offer consider.
Benefit democratic decade skin whatever suddenly. Plan trip edge big yes.",Amanda Fox,"Joanna Carter, Melissa Rivera",2018,102,7.1,769610.0,,21.1
322,Ameliorated zero administration service-desk,Thriller,Front still left story room represent network. Security camera election increase station might American. Person usually those line animal hospital pay.,Justin Conley,"Nathan Harper, Warren Ayers",2006,117,8.7,268951.0,922.0,64.0
323,Quality-focused fresh-thinking function,Romance,"Reveal increase from enough cup often toward. Section member increase first bit.
Real suggest book sign relationship campaign.
Can former push fire. Medical eat adult. Vote second nothing even where.",Hannah Miller,"Annette Jackson, Jacob Montoya, Mr. Louis Bailey DVM, James Madden",1982,148,5.5,123827.0,990.25,
324,Right-sized incremental methodology,Animation,"Personal TV section begin. Source offer house along.
Prepare manage century purpose stay event management. Tend top size away government than ago enjoy. Go city outside challenge better any near.",Alisha Green,"Tracy Reyes, Tonya Riley",1994,117,6.1,648077.0,693.96,
325,Persistent discrete capacity,Sci-Fi,"Teach situation mother media stock reach court. Call get knowledge up. Next natural laugh.
Defense compare prevent throughout deal determine stock drop. Tough you sure in upon side pick claim.",Kathryn Thompson,"Michael Good, Joseph Green, Kevin Johnston",2007,80,7.8,298594.0,434.87,35.9
326,Front-line upward-trending Internet solution,Comedy,"Economic everything myself together result camera. Want environment movie cold.
Girl nature financial skin space level force. A couple or meet over red.",Mary Delgado,"Eric Mercado, Jason Moon",2009,142,9.3,80572.0,,25.1
327,Triple-buffered value-added website,Action,"Base figure account. Song what scene today past where. Participant culture light.
Prepare than indeed exist time. Myself action design south. Anything central eye PM beautiful.",Joshua Glover,"Dawn Terry, Alexandra Day, Melissa Bowen",2003,138,6.7,231780.0,221.51,43.5
328,Up-sized analyzing emulation,Horror,"Activity office under exist class home fish. Fear note seat wife despite.
Read general may above month suddenly. Difference too weight character.",Donna Hood,"Jeremy Salinas, Timothy Williams, Angel Reed, Casey Perry",2009,166,8.6,154032.0,367.9,26.7
329,Switchable tertiary project,Thriller,"Wait beautiful season claim off during cup. Third human ready information concern.
Value some age similar skill. Space option today general. Establish sort quite list white.",Nathan Shelton,"Jason Harris, Michael Peters",2018,129,5.1,281201.0,860.51,
330,Multi-layered motivating definition,Sci-Fi,"New pattern when sound. Moment expert main light exactly friend must. Occur best above itself but.
Forget easy name customer course. Very difficult big floor produce leave face.",Donna Hood,"Larry Rogers, Ryan Brown, Jeremy Robertson, Amanda Wheeler",2013,102,9.4,984369.0,268.71,74.0
331,Object-based client-driven attitude,Animation,Century wait none let win. Word success fine response cover. Ball radio see common free. Car star note.,Donald Brown,"Lynn Tyler, Anna Compton, Roberto Merritt",1980,170,4.4,53679.0,,77.9
332,Operative regional installation,Horror,"Project system property property newspaper. Hour realize stand. Coach talk our page.
Your themselves energy take quickly so effect. Road hospital group person picture call.",Deborah Hernandez,"Bobby Gutierrez, Karen Price, Kimberly Carter",1987,106,6.3,,918.24,44.9
333,Enterprise-wide empowering secured line,Comedy,"Congress political miss. Buy time operation letter despite. Half movie executive forget standard yourself produce.
Wish realize sound create hotel. Vote billion near weight for.",Terry King,"Dennis Carrillo, Elizabeth Reynolds",2010,165,9.2,868790.0,503.74,47.9
334,Integrated regional Graphic Interface,Comedy,"Into minute system. Painting defense compare marriage decision take. Deep into effort man material.
Camera under song data culture girl. Piece rest another society forward impact.",Mary Delgado,"Kimberly Colon, Logan Wright, Jason Kramer, Mary Briggs",1995,127,7.6,823164.0,250.5,38.4
335,Optional eco-centric collaboration,Action,Difference never modern field mission throughout. Western event particularly white money purpose clear.,Bruce Myers,"Elizabeth Campbell, Thomas Fitzpatrick",2021,178,5.1,192105.0,959.94,59.4
336,Balanced object-oriented algorithm,Romance,"Kind whose he point structure nearly life window. Also culture enter.
Prepare develop product. Nature song left. Team behavior which see face information system.",Hannah Miller,"Zachary Hampton, Maria Short, Douglas Hunt, Lindsay Gray",1997,105,,822311.0,751.86,57.9
337,Organic directional software,Horror,"Keep indeed turn billion. Very follow kind.
Throw month agree while perform difference hold. Dog ability so special plant watch continue. Safe quickly hospital dark stay cut senior wish.",Mary Delgado,"Anthony Schmidt, Shane Bass",2008,123,7.2,873391.0,584.55,
338,Re-engineered neutral time-frame,Adventure,No trip concern realize type book movement. Analysis father from.,Robert Ramos,"Jessica Chaney, Kathryn Vasquez, Steven Waller",2023,88,,982004.0,979.91,73.5
339,Networked value-added analyzer,Horror,"Again likely people card too nice. Allow live nor point risk.
Sure election security involve consider also seven.",Justin Conley,"Chris Guzman, Susan Adams, Gary Hill, Vanessa Bates",2015,109,5.3,111408.0,16.18,37.5
340,Distributed systemic alliance,Horror,Wife similar capital. Forget she parent minute firm seven. Individual hear sit create agree east. Woman visit key give city fact will.,Robert Ramos,"Lisa Sharp, Kristine Miller, Brian Schultz",2007,153,6.5,,394.03,85.0
341,Integrated cohesive projection,Action,"Begin actually rise.
Early scene get computer approach.
Four every floor near Mrs help camera friend. Resource government at get. Something sit hair attention.",Brittany Parrish,"Patricia Robinson, Amanda Anthony, Kaitlyn Brady",2013,81,8.3,995223.0,90.01,
342,Synchronized actuating middleware,Adventure,"Too public part watch worker staff. Seek realize finally wife everything long him.
Occur discussion field. Like remain yourself hope clear war. Thought police tend history bed operation between.",Christopher Anderson,"Terry Ellis, Richard Barber, Brooke Thompson, Eric Greene",2014,102,,682387.0,,96.2
343,Devolved optimizing framework,Sci-Fi,"Model base talk example. At see weight class difficult guy yeah mouth.
Friend morning know wonder attorney must. Especially too mother side government impact.",Robert Perkins,"Stacey Norman, Terrance Jones, Randy Hodges, Jay Maldonado",2015,95,6.9,672946.0,596.81,52.4
344,Managed needs-based hierarchy,Animation,Can store fight avoid fine occur. You affect movie program worry worry. Fill throughout talk three hot country.,Hannah Miller,"Kristina Mathis, Jesse Simpson",2001,115,7.6,910285.0,871.45,73.9
345,Fully-configurable heuristic paradigm,Romance,"Could our he without behavior. I two expert item return generation section.
Show world happen commercial. Single believe beautiful cup institution. Central art of economic.
Billion tell particular.",Brittany Parrish,"Shirley Nguyen, Jeffrey Simpson, Nicholas Rios",1986,101,9.3,254504.0,701.42,85.7
346,Upgradable next generation firmware,Sci-Fi,Sort different today build increase. Control cause exist especially although. Teacher clearly education employee food military.,Amy Holt,"Jamie Cooper, Brenda Simmons, Claudia Martinez",1993,113,4.2,167320.0,673.03,72.4
347,Robust directional system engine,Drama,"Break fill ten research mention agree. Trip east play dinner body. Section pull save item on.
Himself drop economy old. Clear drug western act leader indicate.",Barbara Parker,"Beth Garrett, Dr. Sara Reynolds, Brandy Briggs, Mark Williams",2001,115,4.6,153742.0,,87.4
348,Distributed maximized complexity,Drama,Expert serve site week team thousand own. Part protect appear write water rather range college. Season drop whose heart science great song.,Barbara Parker,"Juan Rowland, Cristian Lopez, Kelly Smith, Shelly Macdonald",2015,127,7.4,515921.0,99.23,67.6
349,Customer-focused client-server portal,Comedy,Ask situation expert wide week despite training someone. Nature control win well later. Account current new inside rise.,Sheena Gonzalez,"Anthony Compton, Selena Bennett, Samantha Preston, Hannah Maynard",1996,84,6.6,152606.0,234.06,
350,Customer-focused foreground throughput,Comedy,"Win less floor. Couple soldier language state by campaign. Build air wife not despite issue your.
Bed action loss cup put same statement. Financial least information describe.",Bryan Wise,"Nathan Alexander, Steven Jimenez, Elizabeth Nixon, Gary Jenkins",1996,98,4.1,781802.0,,49.2
351,Multi-channeled attitude-oriented structure,Animation,"Production its bill sister. Reduce democratic high poor.
Wrong set help. Bad may official former first report.
Clear seat class after.",Amanda Dougherty,"Mr. Bradley Floyd, Morgan Bates, Joseph Snyder, Benjamin Andrews",2018,166,7.4,,329.95,44.6
352,Future-proofed maximized parallelism,Drama,"Memory maintain charge her stock. Science yard control save dog exist just.
Inside hit information thought subject central. Wear debate ground individual or leader toward.",Benjamin Gonzalez,"Mr. John Gillespie DDS, Mr. Zachary Hall, Daniel Garner, Alyssa Mckinney",2008,157,8.1,,758.87,77.5
353,Ergonomic secondary benchmark,Romance,Expect white mind whether prove Republican military draw. Edge physical enjoy respond write role. East here well community receive worker everyone.,Amanda Fox,"James Carey, Andrew Bailey, Jake Tucker, Julie Rice",2017,83,4.6,755901.0,516.65,64.6
354,Inverse leadingedge parallelism,Romance,Physical six it floor number. Such none only election suddenly there feeling. Last every individual during involve material above.,Ashley Moss,"Jennifer Williams, Jason Jacobson, Brittany Davis, Richard Hall",2009,180,8.1,319659.0,903.27,49.5
355,Universal fault-tolerant paradigm,Adventure,"Themselves central truth between. Girl capital floor instead visit.
Imagine computer central open able able end. Box teach investment ago table they car.",James Holland,"Carrie Barron, Matthew Reynolds, Erin Garcia, Julie Caldwell",1989,92,6.4,283642.0,733.03,73.0
356,Optional empowering frame,Romance,"Opportunity between property pick same. Small must can its work threat thus. Letter relationship behind seven inside he return.
Various away threat note vote heart. Tonight today black consider.",Virginia Escobar,"Raymond Hall, Kelly Hamilton, Jason Grant, Jason Marshall",1984,140,7.1,,,48.0
357,Focused global paradigm,Comedy,"Toward figure environment until else significant who. Than list season level.
Last six large special necessary.
Pull personal well law news word. Worry threat heart without top what kid.",Kevin Adams,"Ray Evans, Brandon Landry, Steve Hood",1984,125,5.1,896833.0,184.62,26.5
358,Innovative systemic parallelism,Thriller,Much before section wind over. Political employee oil personal program wear memory. Left threat lawyer determine hope ask.,Donna Hood,"Ryan Olson, Teresa Jackson",2014,145,4.4,805866.0,,
359,Object-based coherent matrix,Thriller,"National college professional happy between station build. Kitchen just class industry most agent.
Big that individual.",Amanda Dougherty,"Carlos Cruz, Robin Harris, Donald Gray",2008,170,8.7,968962.0,384.29,
360,Future-proofed upward-trending customer loyalty,Animation,"State after task build. Go research total sport kitchen site lay.
Whatever per serious spend. Will form dog.
Care experience turn. Eight describe wear including above treatment red.",Robert Ramos,"Alex Walker, Lee Stone",1995,107,4.3,268039.0,896.53,37.9
361,Open-architected impactful parallelism,Action,Position education exist think. Major open last leg reflect yourself claim color.,Kathryn Thompson,"Bradley Brown, Mr. Jason Mayer, Madeline Leon PhD, Heather Hays",2003,167,5.5,,195.3,97.4
362,Programmable asymmetric structure,Thriller,Section new such run bad street rise money. Position ok become try. Very involve use onto.,Amanda Fox,"Paul Nicholson, Nicole Bennett",1994,153,4.6,402013.0,722.44,94.6
363,Synergistic methodical concept,Romance,"Magazine thing field. Become herself model way wall remember. Ready act sit each.
Fear important some forward. North create generation Republican exactly special clearly. Beyond senior its medical.",Robert Ramos,"Allen Haley, Craig Jones, Stephen Wallace",2019,113,7.7,948943.0,858.87,
364,Optional global instruction set,Action,Would talk meet knowledge what none. Woman him she eight church yourself executive. Body home agree.,Bryan Wise,"Jacob Davis II, Robert Bowers, Dustin Cunningham",1984,172,5.3,,674.25,76.1
365,Ameliorated tertiary time-frame,Sci-Fi,"West tell until. Strong guess give away age Mrs suggest.
Page popular court I practice. Rich Mr catch enter agree your.",Brian Gay,"John Hernandez, Teresa Scott",1989,129,6.5,765177.0,870.68,75.6
366,Optimized heuristic model,Sci-Fi,"New word impact capital itself. City authority democratic peace most boy hour. Say just arrive so head news ever.
Every theory store west. Recently hope western article girl pick time.",Donald Diaz,"John Oconnor, Cynthia Sanders, Timothy Wells, Whitney Weaver",1985,169,,617865.0,894.98,80.3
367,Implemented multimedia strategy,Comedy,"Ahead station public they on serious. Soldier create affect defense.
Quality lead man court really. Partner beautiful beautiful respond hand I. Music cold full game entire.",Cristina Garcia,"Christy Fisher, Carlos Jenkins",1985,93,6.9,618126.0,499.19,56.3
368,Robust optimal benchmark,Sci-Fi,"Together condition down fine can area. President game bring attention.
Crime media prepare day local assume. Explain find each.",Mary Taylor,"Dana Tran, Cynthia Carroll",1988,178,4.1,918051.0,,
369,Polarized system-worthy hierarchy,Romance,Career term short writer bed show exist. Student get research. While sit gun scene fly however.,Chase Larson,"Andrea Booth, Alex Barr",1986,147,6.9,782193.0,423.55,
370,Persistent value-added installation,Drama,Perform force perhaps wish street carry along. Scientist week represent theory development message traditional.,Juan Villanueva,"Robin Patton, Steven Caldwell",2020,150,4.9,626628.0,119.95,55.9
371,Upgradable human-resource secured line,Horror,Try discuss fund wall south baby. Sing economy offer rise. Keep represent interesting born he.,Amy Holt,"Zachary Cervantes, Logan Boyd, Tyler Sullivan, Barbara Trujillo",1994,137,4.2,854081.0,986.59,
372,Polarized regional monitoring,Adventure,"Understand almost thought. Play body she.
Bit piece decade long color small. Open strong food again consumer tax staff.",Robert Perkins,"Maria Lawrence, Scott Davis, Allen Leblanc, Brittany Matthews",1993,104,,584767.0,378.74,50.6
373,Advanced regional algorithm,Horror,"Common chance will account. Sea popular already age. Role off order impact memory certain. Expect defense win across practice measure.
Play remember window glass. Always seat cup enter hour.",Amanda Fox,"Patricia Patrick, Diana Cole, Kirsten Russell",1995,129,4.3,445755.0,427.25,
374,Diverse empowering instruction set,Horror,"High set work phone. He movement mention task read possible her former.
Program soon chair enter just. Concern idea available election.",Rebecca Gonzalez,"Joshua Drake, James Shelton",1986,162,4.1,914804.0,31.06,47.1
375,Universal next generation orchestration,Horror,Performance guess executive employee against around. Understand avoid arm could life man hand. Treat author rule land tree determine.,Amanda Dougherty,"Andrew Ortiz, Ann Hernandez, Kathy Vance, Gregory Peters",2006,180,8.5,577885.0,459.36,21.2
376,Organized actuating benchmark,Comedy,List partner run foot service enjoy. Tv structure writer.,Amanda Dougherty,"Jessica Calhoun, Steven Oneill, Ryan Martinez",1997,162,,278460.0,164.06,79.2
377,Switchable 6thgeneration toolset,Horror,"Tough action issue artist glass style. Outside right various defense opportunity bed.
Oil newspaper future detail. Modern indicate week staff onto difficult reflect.",Joseph Horton,"Christine Howell, Nicole Copeland, Joshua Daniel, Mrs. Emily Willis",1981,119,8.1,,754.77,
378,Proactive needs-based architecture,Romance,"Different action free.
Maybe that whom lead before. Before ten hear no ahead loss. Top subject indicate authority resource enough.
Behavior ago with. Way son put effect.",Amanda Fox,"Rachel Stephens, Paul Smith, Bobby Gonzalez, Travis Mooney",2017,148,5.9,84495.0,352.92,84.2
379,Reduced executive pricing structure,Adventure,"Account evidence job whose but. Scene impact recently end question result. Court edge reality wish.
Book body teach chance size whether act each.",Virginia Escobar,"Rachel Bailey, Michelle Lee, Chelsea Gibson, Alyssa Poole",2001,148,6.2,,727.46,66.5
380,Innovative motivating encoding,Animation,"Hope able gas result decision. Establish respond how together live. Finally skin growth along subject idea say.
Place hair enjoy term. Plan food dinner card.",Mary Taylor,"James Foley, Deborah Rodgers",1989,95,,635431.0,364.98,26.4
381,Advanced regional conglomeration,Sci-Fi,Strong power short degree guy poor meet. Debate citizen knowledge cultural order enter reality.,Alisha Green,"Melissa Dorsey, Christopher Hoffman, Henry Ortiz",2003,163,4.6,413845.0,889.67,56.2
382,Fundamental motivating adapter,Thriller,Memory like security often off decade design tree. Dinner modern positive yet loss.,Mary Delgado,"Robert Freeman, Ian Maxwell, Cathy Adams",2008,145,9.5,411075.0,364.53,40.0
383,Multi-lateral zero administration strategy,Thriller,Such ready rise for to lawyer. World second central place finally. Office response guess which.,Ashley Moss,"Amanda Cunningham, Benjamin White, Jack Rice",1998,147,5.9,543630.0,343.74,
384,Pre-emptive real-time portal,Action,"Very feel kind wife single herself yet.
Set able establish forget image century soon. Prevent moment late car fast almost. Staff general and spring career.",Bryan Wise,"Samuel Ross DDS, Wendy Jones",2010,109,7.5,670439.0,13.72,81.1
385,User-centric 24hour approach,Thriller,"Challenge drug reveal away gas present agree professor. Happen language own father generation thus agree.
Campaign evidence these free wait. Environment plant safe form billion commercial.",Jessica York,"Edward Johnson, Christopher Chaney",2000,92,6.3,589272.0,432.81,58.5
386,Ergonomic 24hour software,Thriller,Development water serious believe model become interesting. Law throughout total reason police defense explain. Design growth race state new unit.,Amy Boyle,"Rita Weaver, Gregory Jimenez, Valerie Johnson",2018,143,6.5,805859.0,497.97,47.7
387,User-friendly incremental utilization,Romance,Everyone type event trouble. Unit light across season machine practice thing. Rock both mean compare apply mean.,Katie Krueger,"Belinda Duncan, Jason Green, Richard Johnson",2002,123,6.5,129179.0,,52.4
388,Quality-focused fresh-thinking knowledgebase,Action,Wear word respond. Eye movement level talk design prevent south.,Bruce Myers,"Bonnie Riley, Madison Castro, Vincent Cox, Danny Thomas",2016,93,6.9,306497.0,623.65,
389,Face-to-face dedicated hierarchy,Action,"Capital hot yes computer six less large. Offer research short challenge order.
He other thank staff though.
Agree his try. Item beyond public. Whether issue up simple little half few.",Brian Gay,"Leslie Hobbs, Dr. Amanda Archer, John Lopez, Benjamin Howard",2003,97,5.3,417430.0,508.93,67.6
390,Realigned dynamic model,Action,Attention east mouth same east. West assume president from movement be guess better.,Nathan Shelton,"Michael Clark, Robert Shah",1980,150,4.1,941927.0,520.97,
391,Horizontal asymmetric database,Sci-Fi,"Worry drug phone use study hotel bill item. Risk beat over what.
Tend cause them room table southern remain in. Deep hit change. Recognize material father be smile yourself. Play ok rise consumer.",Travis Meadows,"Matthew Stewart, Joseph Moss, Jared Moreno",2001,150,5.3,699520.0,,52.4
392,Distributed secondary definition,Sci-Fi,"Become federal order see yet. Lose agent continue.
Year great important really drug. Us everyone player lead none high claim car. Director report day for bank continue word.",Cameron Mullins,"Nancy Williams, Kristen Barr, Alexis Collins",2020,166,8.5,778796.0,326.91,58.7
393,Switchable bandwidth-monitored complexity,Sci-Fi,Part dinner dog smile perhaps perhaps old. General it campaign friend every site. Else interesting entire sea power hand attorney traditional.,Mary Delgado,"Shelly Cole, Stephanie Stephens, Steven Wilson",2010,87,4.1,6857.0,309.44,71.2
394,Decentralized neutral Internet solution,Comedy,"Agree building whether in. Director owner need true boy trouble southern.
Opportunity continue adult difficult. Public brother participant of your say land. Hold my top thought.",Mary Delgado,"John Bryan, Dustin Castillo, Matthew Cooper, Bruce Baker",2004,107,5.7,133847.0,206.59,43.3
395,Grass-roots real-time installation,Sci-Fi,"If job thank economy road experience relationship action. Age seem of as.
Vote shoulder with president whole machine. Indicate him too moment. Owner size popular. Happen art rest soldier scene.",Amanda Dougherty,"Amanda Miller, Roger Delgado",1991,152,9.2,,87.72,57.1
396,Up-sized bandwidth-monitored core,Thriller,Century old develop. Chance enter reach result whose three rather then. Benefit capital scene explain specific pull.,Travis Meadows,"Sierra Huynh, Kim Thompson, Brandon Brewer",2017,179,4.3,974789.0,539.12,31.7
397,Automated homogeneous solution,Animation,"Argue keep exist. Turn throw single early whose structure. Assume effort have model laugh.
Kid upon them experience defense stand a. Glass hard talk one. Eye during difference attack than stuff cut.",Mary Taylor,"Karen Smith, Lori Powers, Laura James",1988,83,7.5,664040.0,265.13,
398,Quality-focused composite support,Horror,Grow as gun necessary democratic today act must. Central doctor lawyer expect difference. Major school trial receive door. East collection teach accept.,Jasmine Thomas,"Kimberly Harper, Brian Harmon, John Morales",1995,112,7.8,172255.0,347.8,20.3
399,Profit-focused actuating data-warehouse,Sci-Fi,"Left court community black room heavy. Large respond simple administration bill ahead.
Compare allow very service world by marriage.",Ryan Wright,"Melissa Carter, Jacqueline Daniels, Kyle Rivera",1997,180,5.6,,82.81,59.6
400,Synergized methodical frame,Thriller,"Great house name lot. Matter cost it subject shoulder us. Old form usually play perform animal.
Option may choice mouth second play. Arm hair wear next visit partner. Concern our name magazine.",James Holland,"Hannah Downs, Edward Garcia",1998,104,,460202.0,289.6,
401,Cloned reciprocal forecast,Action,Discuss kind yeah significant song collection effect. Other range full something.,Hannah Miller,"James Mcclure, Stephen Quinn, Nicole Obrien, Austin Wheeler",1988,180,7.5,284555.0,500.44,22.9
402,Business-focused eco-centric installation,Thriller,"People example from between prove. Factor relate before election interesting others. College person defense event help house.
Over common fine can yeah. Feel apply appear almost want.",Ashley Moss,"Christina Grimes, Laura Williams",2000,86,5.8,164335.0,489.57,65.8
403,Public-key system-worthy core,Thriller,Road purpose image drop. Central material discover process long college institution. Ball style girl school record provide example.,Virginia Escobar,"Patrick Brooks, Bryan Watson, Mrs. Madison Brady MD",1998,98,4.6,,650.32,47.5
404,Front-line exuding portal,Horror,"Task sport any two resource such. Anyone wrong myself improve such nearly degree.
They adult meet film bit. Clearly whose drug reason hold we. Staff society pass worry left scientist.",Jasmine Thomas,"Michael Sanchez, Debbie Harris, Chase Davidson",1984,135,5.0,171036.0,805.52,25.5
405,Multi-tiered optimizing policy,Drama,Affect clear owner argue force. Nice on final response such someone.,Amy Boyle,"Roy Walker DDS, Dr. Reginald Yang, Julie Kelly",2012,167,9.1,,706.56,58.0
406,Optimized discrete groupware,Adventure,"Majority discuss sort level late laugh less.
Rate other must force hard article receive through. Course place person statement.",Hannah Miller,"Katie Bass, Daniel Charles, Brandy Wright",1993,159,4.1,353576.0,390.74,71.7
407,Fully-configurable heuristic utilization,Drama,"Take part remain new billion. No make tax million.
Training anything example foreign author. Subject plan military difficult listen lose.
Take number office win before address challenge.",Mercedes Munoz,"Ryan Nichols, Brittany Dudley, Michael Hill",1996,110,8.7,602893.0,618.15,51.8
408,Optional attitude-oriented definition,Animation,"Week best structure. Despite run whether land present.
Compare up on. Amount money focus.",James Holland,"Mr. Brian Anderson DDS, Paul Johnson, Vanessa Robinson, Christina Garcia",1997,147,6.5,890391.0,873.42,48.1
409,Profound optimal hub,Drama,Chance citizen others color smile attention. Wide north number. Pay read today clear control set. Teacher six course upon.,Ryan Wright,"Catherine Olson, Krista Myers, Dominic Gibson, Amanda Carroll",1986,178,4.4,788279.0,443.23,99.9
410,Adaptive content-based framework,Comedy,"Member national body various full. Budget answer send city reality consumer. Cup price land attack.
Financial none crime gun perhaps three. Explain say heart which. Society western continue.",Michael Morris,"Monica Elliott, Carla Simpson",1997,92,6.1,686338.0,193.86,
411,Customer-focused contextually-based approach,Sci-Fi,"Trouble decide paper cell dog animal and. Above state leader claim.
Agency nor simple fine face building ok reason. Personal on unit detail manage foreign. Building our young again.",Amy Holt,"Heidi Brown, David Cook",1994,143,4.2,493645.0,171.8,45.9
412,Seamless needs-based access,Adventure,Page relationship together follow. Perhaps paper common hard everyone kitchen.,Cameron Mullins,"Diana Haynes, Krista Johnston, Amber Holder, James Perry",1996,80,7.2,89581.0,665.92,
413,Polarized neutral standardization,Comedy,"Marriage official very development fire down month. Drive claim nice across technology security.
Turn drive stuff. Table serious always fight financial lay usually.
Last eye police analysis.",Joshua Glover,"Allen Hernandez, Andrew Frank, Richard Johnson",2001,124,4.2,42917.0,936.24,38.9
414,Customizable content-based secured line,Action,"More thus green program. Us control gas serious building nation same. Collection I could.
Success office anyone gas. Game itself store such effort together. Next heart war executive.",Mercedes Munoz,"Ellen Jackson, Brett Anderson, Daniel Kramer, Matthew Myers",1980,113,4.8,708678.0,531.3,
415,Cross-platform zero-defect portal,Action,"Understand condition fire fight rule accept it. Happen between remain hair example step during.
Student third too under great fact. Trial despite oil Mr white learn turn usually.",Donna Hood,"Jonathan Meyers, Omar Cross, Adam Martinez",2002,110,7.7,845209.0,307.95,73.6
416,Visionary 4thgeneration functionalities,Animation,"Happy treat charge. Take attorney spend safe. Your require at who. Example act mother if company.
Hundred court boy position decide bed. Staff pattern son fine.",Robert Perkins,"Jennifer Merritt, Jose Tran",2005,80,5.6,148480.0,902.27,90.5
417,Function-based fault-tolerant pricing structure,Sci-Fi,Live lay role usually same light pretty. Audience himself prepare at they onto general. Could identify send direction.,Cameron Mullins,"Claire Morris, John Mata",2022,166,4.4,190810.0,151.25,
418,Synergized national capability,Action,Such learn also serious where mother human. Another deep pressure sometimes reason moment. Under a wide area another religious science.,Donald Brown,"Deborah Gonzalez, Anna Riddle, William Terry, Peggy Cuevas",1997,151,7.8,410652.0,1.12,85.7
419,Ameliorated holistic application,Comedy,"Her with today food candidate mother. Again data machine edge choice security. Air sea collection official for still street.
Enjoy style boy music. Administration rise job there owner condition stay.",Donald Diaz,"Matthew Cummings, Ryan Willis, Alexis Banks",1987,92,6.0,345986.0,744.88,23.5
420,Operative value-added model,Action,Go today ball investment air over hope. Great skin remain. Outside Congress today speech throw pick.,Benjamin Gonzalez,"Krista Henderson, Maxwell Griffin",1990,99,,940204.0,210.06,25.7
421,Extended coherent artificial intelligence,Romance,"Spring evening wish crime people. Speech white enough soldier must. General today attention office wear.
You process operation.",Chase Larson,"Karen Thompson, Lindsay Williams, Justin Jones, Rose Black",2017,133,5.0,281634.0,385.04,
422,Exclusive contextually-based definition,Action,Structure process I large story while. Claim imagine foreign fall former information drive. Ground will action situation here.,Cameron Mullins,"Jenna Herrera, Brenda Rivera",2010,149,6.7,926641.0,916.18,70.2
423,Phased zero administration solution,Comedy,"Its myself whom art. Successful story central kind standard.
Sure take idea. Sure according central lead. Smile kid mouth similar resource who town. Morning contain mouth several pass.",Amy Boyle,"Kimberly Giles, Carrie Snow, David Whitaker",2020,83,7.9,93605.0,83.03,42.9
424,Phased mission-critical architecture,Romance,"Art organization account understand mouth.
Century law might throughout talk. Move seem need recent option use.",Brittany Parrish,"Christina Williams, Jody Jones, Jeffrey Donovan, Brent Schultz",1986,83,9.5,764337.0,560.86,
425,Streamlined stable contingency,Sci-Fi,Actually break among memory clearly third. Fire wear perhaps or common nation. Explain yourself big every young than.,Deborah Hernandez,"Walter Bonilla, Christina Rodgers, Meghan Parker",1993,131,8.3,292492.0,33.45,26.7
426,Focused background projection,Animation,"Around force carry section focus bill. Him decade meeting southern film expect.
North never knowledge. Rich environment health finish. Recently put station true. Though area window job religious.",Amy Boyle,"Yvette Johnson, Katie Stout",1998,94,4.6,261914.0,16.27,93.8
427,Reactive 6thgeneration ability,Action,"House stock military brother imagine stuff computer. Race debate social Democrat. Physical ground win end agent good although.
Free thank brother onto sign.",Gina Finley,"Alexandria Harris, Michael Maynard, Caleb Levy, Jesse Olson",1984,162,5.4,685179.0,996.57,79.1
428,Horizontal system-worthy parallelism,Romance,Cultural person air leg fear. Condition wear gun live then large. Home could send piece run agreement. Both son moment ability lay whatever specific.,Joseph Horton,"Angela Erickson, Michael Christian",2003,120,5.4,195411.0,991.81,89.5
429,Implemented 24hour encryption,Drama,"Skill draw character drop matter. Player list determine society they usually instead.
American modern watch mission. Hope peace discuss professional include.",Amanda Dougherty,"Kristy Murphy, Catherine Johnson DVM",2002,88,4.9,790387.0,186.14,74.4
430,Synergistic intangible solution,Thriller,"Plan shake in course history party responsibility.
Certain line real treat choice. Pattern age edge herself director sign. Such establish material them thank quite.",Jade Walker,"Luis Anderson, Isaac Powers",1993,88,4.4,643500.0,584.94,25.3
431,Realigned upward-trending infrastructure,Drama,Beautiful hot city former sense product consider mother. Station leader worry. What even in coach hour charge national.,Mary Taylor,"Lucas Nguyen, Lisa Jacobs, John Mccoy",1989,120,5.2,661726.0,,95.9
432,Business-focused even-keeled extranet,Horror,"Star region fast smile recognize discover. High feel worry husband receive.
Store way drug enter purpose. Finish already any between ask own.",Bruce Myers,"Erica Warner, Marcus Marquez, Dorothy Oneal",2022,160,6.7,508541.0,574.14,41.6
433,Open-source analyzing hierarchy,Romance,"Forward force current. So remain follow recognize.
They hear note join strategy yet. Rock drop gun.
Ball ten education avoid end deal. Gun TV opportunity bar law bring order.",Ryan Wright,"Jacob Hubbard, Kayla Merritt",1982,88,6.4,289259.0,133.87,61.3
434,Profound contextually-based neural-net,Drama,Short mouth simple foot pull record. Fine teach girl consumer inside.,Robert Ramos,"Paul Chen, Robert Pena, Nicholas Gibbs",2020,177,4.3,814380.0,49.2,74.4
435,Managed zero administration throughput,Adventure,"Physical tough fire store appear part a. Physical alone society street.
Represent best back series both. Live property analysis cause seem.",Bryan Wise,"Erin Garcia, Peter Jones",2008,120,4.3,396476.0,,61.7
436,Intuitive fresh-thinking groupware,Horror,"Respond family themselves sea think box. Piece scene blood cup. Everyone director eight.
Over prepare her upon contain account word. Ability administration collection can focus.",Virginia Escobar,"Matthew Stevenson, Sara White",2002,89,5.5,528651.0,188.51,65.9
437,Networked web-enabled migration,Animation,Yet protect color population mind more lot. Meet whether city great low cut attention study. Wonder assume those. Site clearly drug.,Cristina Garcia,"Stanley Johnson, Dr. Julie Mendoza, Alex Johnson",1998,107,5.6,340163.0,456.93,31.1
438,Object-based modular ability,Romance,"Leave hospital among special herself several. Management admit customer food.
Wind many stay film base cultural. Need feeling cultural wait.",Amanda Dougherty,"Wesley Cook, Olivia Waller",2004,139,4.7,694484.0,107.42,25.7
439,Horizontal systemic Graphic Interface,Adventure,"End wait claim prevent next. Type government fly note like chance professor.
Bar protect only system. Agent run affect own. Nation care process thank cup. National value other could hot eat.",Donald Diaz,"Connor Jones, Michael Romero",2004,119,,,554.16,80.5
440,Team-oriented value-added workforce,Romance,Put public strategy fill head specific entire. Alone building ability pattern.,Kevin Adams,"Stephanie Peterson, Sara Wilson, Lauren Morgan",1994,139,8.4,697338.0,957.89,
441,Upgradable zero-defect pricing structure,Horror,Wish station matter high interest more growth. Different bank Mrs stuff wall. Compare still up table machine.,Brittany Parrish,"Nicholas Herman, Cassandra Collins, Drew Ellis",2015,173,4.9,831318.0,136.48,57.6
442,Reverse-engineered 24/7 Local Area Network,Adventure,"Town north strategy. Morning vote woman anyone law past.
Deal too hit throughout.",Donna Hood,"Holly Leach, Jessica Gonzalez, Michele Lyons",2007,98,8.7,239269.0,767.3,64.7
443,Profound explicit forecast,Drama,This identify evening world. Few simple area.,Joseph Horton,"Matthew Rose, Erica Carpenter, Connor Kelley, Michael Jennings",2017,123,4.9,600274.0,391.87,77.5
444,Fully-configurable 5thgeneration process improvement,Animation,"Present affect short quality wonder spring. Above difference improve research right.
Everything television season hold us spend. Camera where not her and attack. As thought threat middle half so.",Cameron Mullins,"Michael Bonilla, Christine Hill, Joe Dunn",2019,146,6.1,216000.0,40.08,66.7
445,Re-contextualized composite collaboration,Animation,Difference feel relationship respond. Everything stay want nature dark. Ten standard total explain because receive. Practice report remain purpose total summer partner.,Hannah Miller,"Victoria Huynh, Jerry Davis, Sherry Oneill, Frank Washington",1999,163,8.0,723909.0,,77.2
446,Implemented discrete help-desk,Animation,Soldier decade central institution firm dinner on. During wonder idea art be lead catch.,Amy Boyle,"Emily Cohen, Randy Stanley",2023,157,,693184.0,165.7,46.9
447,Seamless responsive structure,Sci-Fi,Charge as lose money beat every avoid. Seem strong person network score. Land include soldier.,Donna Hood,"Grant Barnes MD, Erin Wilson",2004,152,6.3,84653.0,421.06,29.1
448,Cloned full-range concept,Thriller,"Consumer hear design cup modern bag.
Community suggest fine recognize suggest sign. State happen do nation arm. System pick list list arrive foreign.",Mercedes Munoz,"Ariana Reed, Brandy Davis",2008,138,6.1,615318.0,507.13,76.8
449,Multi-channeled foreground interface,Thriller,Find floor personal book build. Stay last begin performance miss lot. Travel program career especially organization leave plan.,Jade Walker,"Jacob Jones, Savannah Wells, Ricky Shaw",2024,173,,993373.0,,65.6
450,Object-based fresh-thinking array,Horror,"Nation people him day direction. Mother within respond her gas music feeling. Strong smile pull.
Table discover seem name next best. She about bit student prevent social.",Nathan Shelton,"Kimberly Jones, Amanda Rivera",2001,143,,,,52.4
451,Persistent client-driven artificial intelligence,Comedy,"Type board fear and.
Final history budget either deep. Mention think fast. Manage them teach your laugh stop sell.
Bar add none act should expect. Attention right eat southern current relate assume.",Hannah Miller,"Christopher Duke, John Williams, Colleen Cantu",1997,134,9.1,35852.0,598.49,98.0
452,Public-key attitude-oriented product,Drama,"Style want give. Beat hot safe buy interesting own.
Cost share he writer. Space fear car next.
Air could easy face enough build final every. Officer meet modern training lead.",Donald Diaz,"Kaitlyn Meyer, Zoe Moore",1984,119,8.8,568150.0,673.95,91.9
453,Robust transitional info-mediaries,Romance,"If even art return. Your key when space sound everything.
Full provide data radio series range year. Cultural market environmental writer three your wear.",Joseph Horton,"Nicholas Smith, Melissa Larson",2004,126,9.5,881006.0,,
454,Streamlined modular neural-net,Horror,"Hospital time record it. Tell left above window.
Knowledge seven their exist way after director. Board speak approach beyond they. Realize site quite if top college.",Christopher Anderson,"David Collier, Jill Gonzales, Kristy Morales, Megan Johnson",2006,112,,399054.0,221.66,75.3
455,Synchronized content-based pricing structure,Sci-Fi,"Peace trouble finish campaign minute. Thus rock because garden. Media another production tough traditional.
Short clearly there since. Fill expert cost argue group.",Justin Conley,"Joseph Black, Troy Baker, Alicia Lewis",2013,130,9.1,541706.0,,21.4
456,Extended bi-directional archive,Adventure,"Trade most great yourself half this. Effect main especially water.
Expert table them return guy. Hear specific guy marriage. Camera woman interview center hear structure.",Amanda Dougherty,"David Williams, Kayla Kramer, Amy Walker, Justin Santiago",1993,155,8.4,969870.0,90.31,93.3
457,Multi-channeled impactful flexibility,Horror,"Rock follow ask thought. Trip produce main future.
Address shoulder prevent night buy. Seat see thank themselves great idea.",Bryan Wise,"Katrina Landry, Victoria Le",2014,175,7.4,627442.0,162.91,23.2
458,Down-sized grid-enabled productivity,Romance,"Page avoid go film focus check. Do fast discover team poor.
Claim book with one. Accept leave from defense need save fall. Design win arm door.",Deborah Hernandez,"Jackie Spencer, Ashley Mcgee, Nancy Henderson, Nancy Gray",1980,114,8.6,607257.0,140.35,
459,Virtual discrete benchmark,Action,"Position seem network player. Show serve send story various side.
Lay book commercial religious food. Above less old head laugh protect cultural.",Kathryn Thompson,"Anthony Dawson, Jesse Buchanan",2015,93,9.2,816970.0,91.77,87.0
460,Enterprise-wide bottom-line migration,Adventure,"Stage fire anyone character. Country bank player radio trial road.
May various learn use young various building. Central impact manager above fact.",Barbara Parker,"Kelsey Guerrero, Keith Brown, Vanessa Smith, Adam Blake",1983,137,6.3,665284.0,872.86,81.5
461,Quality-focused multimedia access,Action,"Instead black system economy over. Change also hit call writer than expect live.
Form else policy relationship scene. Speech stand blue.",Mary Taylor,"Jack Reyes, Robert Bennett, Rodney Barker",1993,172,8.7,803156.0,470.77,77.1
462,Persevering radical model,Drama,Record first they on American of. Final physical poor many special Republican behind the.,Jasmine Thomas,"Kristin Beard, Dennis Wright",1991,166,5.8,848990.0,48.13,
463,Down-sized disintermediate policy,Adventure,Possible create friend wish better. Poor product explain account American kind dark. Same not series man that design others. Eye add foreign condition camera care degree put.,Hannah Miller,"Nicholas Wade, Erin Smith",2005,92,5.3,735157.0,2.36,49.0
464,Ergonomic web-enabled capability,Animation,"Individual evening go off almost. Himself country live clearly.
Fine per hour there. Fine continue husband share like practice run book. Budget among thousand quite society happy candidate.",Amy Holt,"Ann Howard, Joseph Green, Mark Smith",2004,179,,763521.0,494.34,21.6
465,Progressive demand-driven open architecture,Adventure,"See issue in season.
Fire worry feel raise throughout computer. Trial parent name trade be. My offer late particularly of top.",Joshua Glover,"Cynthia Jennings, Connie Carpenter",2007,177,4.0,745597.0,686.78,28.0
466,Grass-roots context-sensitive core,Comedy,"Learn player candidate forget air lawyer. Door teacher especially eight far group. Because effect into test western.
Similar inside my stuff. Ask example stand school.",Amanda Dougherty,"Ashley Guerrero, Jennifer Lopez",2024,149,4.4,174579.0,496.1,
467,Sharable mobile contingency,Animation,"Hand collection hold draw stock heart. Dream middle receive young very believe. Majority summer fine watch.
Game plan again might. Provide hospital early. Government analysis theory relate every.",Amanda Fox,"Michael Weaver DDS, Lisa Parsons, Ryan Martinez",2017,161,,579905.0,718.44,98.2
468,Fundamental heuristic archive,Horror,A contain meeting. Huge teacher despite fine hear night a. Story feel stock politics he.,Amanda Fox,"Matthew Robertson, Logan Gomez",2016,124,5.6,419671.0,118.4,25.5
469,Synchronized attitude-oriented moratorium,Romance,Full final dark a attack everybody develop little. Exist year democratic enter behavior himself also senior.,Alisha Green,"Jeffrey Morton, Jason Harris, Christopher Campos",1998,125,5.1,866703.0,100.95,
470,Grass-roots logistical info-mediaries,Drama,"And that lot walk stop occur life. Detail my economic wait strategy plan. Energy worry detail teacher religious PM.
Detail sort allow thought. Walk trial type at word. Himself after us southern.",Chase Larson,"Jamie Anderson, Shannon Shelton",2024,96,4.0,397510.0,,42.8
471,De-engineered user-facing budgetary management,Comedy,Thousand very safe name pay life name. Religious believe drive employee also.,Terry King,"Melissa Carroll, Laura Matthews",1990,89,4.9,452118.0,19.23,
472,Robust transitional projection,Romance,Peace strong certainly success situation professional over. Painting suffer serve top next quite resource. Perform my smile arm.,Cameron Mullins,"Larry Bryant, Richard Johnson, John Rogers",2018,94,6.0,,826.09,44.3
473,Business-focused background service-desk,Comedy,Artist movie raise expect natural. Give could evening paper yeah.,James Holland,"John Perez, Ms. Amanda Esparza",2021,140,7.9,980236.0,729.01,22.0
474,Polarized attitude-oriented support,Thriller,Difference source tax carry decide. Tough discover computer area. Face in word including seven sit.,Kathryn Thompson,"Amber Collins, Christine Jackson",2019,98,9.3,,139.87,77.4
475,Persistent 3rdgeneration protocol,Drama,"Relationship be responsibility low point cup enter list. True participant care blue size. So even black.
Win answer thing worker series property place. Could above focus short.",Robert Perkins,"Daniel Harris, Dr. Ruth Edwards, Nicholas Smith, John Kelly MD",1983,99,6.1,,868.35,99.6
476,Reduced upward-trending matrix,Action,"Join simply note thank think plan. Item four gas bring. Price success rise camera store be sing specific.
How able the argue partner. Make town hear idea. Support woman before discussion population.",Sheena Gonzalez,"Thomas Wilson, Jared Frank, Mr. Benjamin Young PhD, Jeffrey Cook",2013,156,5.1,,819.64,
477,Business-focused neutral open architecture,Romance,Employee no yes doctor. Do before vote east already try responsibility.,Mary Delgado,"Jerry Johnson, Laura Payne, Sarah Rodriguez",1980,180,,443721.0,,
478,Compatible eco-centric superstructure,Thriller,Message cultural charge. Five themselves bit. Read question people soldier technology.,Sheena Gonzalez,"Brian Oneal, Christopher Carney",1999,142,6.8,59165.0,965.47,72.6
479,Sharable bandwidth-monitored initiative,Action,Theory huge reason at build here hundred. Recent recently baby discussion society gas rather. Different operation sing general. Enough that matter remember market interesting.,Donald Brown,"David Ortiz, Ronald Schultz, Kimberly Wolfe, Derrick Medina",1998,141,7.3,,230.29,77.5
480,Decentralized modular function,Drama,Series better beautiful lot consumer former challenge election. Understand executive above site firm sound. Affect our model one itself bar.,Nathan Shelton,"Larry Edwards, Jason Bennett, Joseph Wiley, Christopher Mosley",2023,117,5.6,993523.0,,
481,De-engineered motivating functionalities,Sci-Fi,"Different better discuss hotel agree meeting. Suggest air animal. Goal section each near compare.
Today article music local. Box agree those family time.",Nathan Shelton,"Jacob Smith, Tammy Smith",1994,110,8.7,,977.29,20.6
482,Virtual systemic superstructure,Adventure,Prove daughter fact indeed realize entire. Stuff sound church local scientist happen. Work become people beat three friend marriage.,Joseph Horton,"Cassandra Valenzuela, Curtis Goodman",1993,121,9.3,477833.0,359.1,59.1
483,Persistent neutral groupware,Adventure,"Change dog person his recent standard leave. Success area wide nature himself police exactly.
Hour challenge specific protect dream call site. Identify why middle size ability.",Mercedes Munoz,"Nicholas Bradley, Todd Ellis",2008,177,9.1,364050.0,776.18,39.5
484,Assimilated optimal functionalities,Action,Center whatever sound scientist central answer turn tend. Will occur always. Media successful smile reveal want position seek.,Juan Villanueva,"Christopher Drake, Karen Martin, Jay Harrell, Briana Romero",1991,153,4.5,173446.0,841.39,79.8
485,Stand-alone bandwidth-monitored ability,Sci-Fi,Dream event water friend situation center. Those sister method finish hear. Act matter number all happen save.,Hannah Miller,"Cheryl Cole, Karen Jackson, Kristen Barnett, Lisa Macias",1999,89,8.7,499662.0,,50.7
486,Implemented client-server interface,Thriller,"Create but chance will hair recognize. Artist back focus question pressure.
Accept house truth similar car herself. Back enter pull same these scientist. Pull herself everything where.",Cameron Mullins,"Dustin Sawyer, Philip Charles, Kelli Carter, Diana Hernandez",2018,93,6.7,734435.0,465.55,45.2
487,Organic incremental framework,Drama,International clearly goal economic show situation majority reflect. Letter choice suffer. Entire sister its break nice.,Mary Delgado,"Carrie Henry, Ashlee Hamilton",1998,179,5.8,211420.0,718.93,80.2
488,Profit-focused scalable firmware,Drama,Big finish drop star continue point know experience. Pattern better hard oil share road dream. Audience dog range four serve music. Nation carry science section region enjoy.,Ashley Moss,"Ruth Shepherd, Phillip Cooper",1992,111,8.8,,845.06,
489,Face-to-face directional attitude,Action,"Response half whose forward. Happen its night wall.
Place several artist. Increase really rule many plan phone.",Ryan Wright,"Paula Kirby, Claudia Park, Sheryl Richards, Don Hansen",2000,132,8.1,168199.0,333.45,76.8
490,Phased incremental protocol,Sci-Fi,Difference again leg out into age. Poor year article just this region. Dream baby sometimes nor ball. So indeed month better.,Jasmine Thomas,"Vanessa Ellis, Crystal Johnston, Ronald Page, Angel Gonzalez",2023,120,9.3,478183.0,916.32,97.7
491,Secured bandwidth-monitored system engine,Adventure,"Part consider her possible. Pm writer piece.
Catch what opportunity. Recently instead herself probably.
Art leg win note executive. Wind capital good. Site probably now public agent food.",Riley Camacho,"Maria Peck, Kimberly Mcdonald, Joshua Clayton",2024,161,4.2,290830.0,611.99,37.2
492,Fundamental solution-oriented Internet solution,Romance,"Street pressure design artist good. Where light happen simple. Run Democrat area their player mind option response.
Local while arrive culture mission go meeting. Cause add another.",Bryan Shaw,"Nicholas Harrington, Tamara Cook, Tiffany Phillips, Heather Orozco",1988,128,5.4,852184.0,844.22,80.0
493,Grass-roots holistic firmware,Animation,"Strategy event traditional drug popular. Business bar case class consider action. Big hand respond drive five sign.
Majority among trial matter pull though. Like beyond buy sport.",Katie Krueger,"Mr. Ryan Mooney, Shannon Martin, Benjamin Davis",2010,174,5.8,74189.0,520.4,35.1
494,Distributed multi-tasking projection,Sci-Fi,"Parent situation fly. Great growth strategy strong.
Sort senior speak like movie. Federal turn send evening state both. Job money baby local catch.",Amanda Dougherty,"Stefanie Mitchell, Wesley Brown",2005,155,4.0,633897.0,900.06,76.8
495,Streamlined regional structure,Drama,Thought each executive coach kind also. Coach those kind care. Short yourself happy apply.,Bryan Wise,"Andrew Dominguez, Tracy Johnson",2016,88,6.9,689024.0,55.04,53.7
496,Devolved 3rdgeneration core,Drama,"Pick full boy than off natural.
Stay per action from. Police people Congress.
Popular future consider big provide. Adult close coach sign make professional involve.",Jessica York,"Brian Floyd, Thomas Woods, Melissa Jones, Amanda Gonzales",1987,125,6.1,,172.38,32.5
497,Total global support,Comedy,Laugh next thousand share southern short capital. Month this thousand growth. Support tax age fast bit plan.,Kevin Adams,"Eric Petersen, Stephen Montes, Cynthia Carter",1983,167,5.0,440098.0,597.24,30.0
498,Enhanced logistical matrix,Action,Group where story identify if. We if star season. Senior down dark far record author understand.,Donald Brown,"Joseph Lopez, Jessica Ayala, Robert Collins",2024,170,5.3,783924.0,946.33,
499,Versatile discrete strategy,Drama,For hard low these treat pretty drive firm. No run present music high. Organization should president gun cover less anyone.,Bruce Myers,"Paul Kennedy, James Rose, Amber Allen",1981,80,5.2,891524.0,764.09,67.8
500,Multi-tiered 3rdgeneration throughput,Adventure,"Wait situation far successful. Piece contain reason individual government.
Not trouble science bed performance store return treat. Personal as contain allow without show. Just rich require show.",Jasmine Thomas,"Elijah Smith, David Cowan, Meghan Hill, Casey Bentley",2017,130,6.3,746570.0,595.69,30.7
501,Enterprise-wide human-resource application,Action,Against key purpose without around. Particularly building themselves statement report.,Barbara Parker,"Alexis Hawkins, Micheal Sanchez, Hannah Andrews",1999,145,,535488.0,484.7,97.8
502,Re-contextualized asynchronous flexibility,Adventure,"Black difference red. Long company leave decision each whether door rise.
Voice decide dream anyone million place must deep. Blood international method interesting score stop cost player.",Cameron Mullins,"Teresa Goodwin, Briana Anderson, William Sims",2010,159,6.4,60077.0,243.64,94.2
503,Function-based dynamic capability,Adventure,"History without rate reach election.
Pattern scene big old former between relate. Time increase table. Free week father probably how herself.",Jade Walker,"Daniel Parker, Pamela Oconnor, Kayla Thompson, Steven Schultz",2003,93,7.4,,728.13,
504,Versatile empowering capacity,Horror,That add form democratic. Perform future seat ground keep by. These morning eye forget born it out.,Brian Gay,"Veronica Murphy, Jared Rodgers",1998,101,7.0,646306.0,12.19,80.5
505,Persevering human-resource solution,Romance,The everything site remember team be doctor. Pull score foreign source resource amount involve.,Christopher Anderson,"Scott Morgan, Patrick Curtis, Cynthia Ibarra",2019,170,9.4,662973.0,716.47,84.7
506,Organized regional task-force,Comedy,"Top next concern lot represent every. Woman else short day role act. Suddenly want such game east majority.
Assume my bank late national very. Fund however toward realize water hour most.",Donald Brown,"Phyllis Kane, Katherine Rice, Joseph Sanchez, Courtney Garcia",1988,103,8.7,242018.0,999.2,43.1
507,Monitored multi-state system engine,Action,"Now where meet focus deal week. Not picture who three.
American wide nation appear various. Language street offer close.",Terry King,"Bryan Solomon, Dustin Cox, William Jones, Christopher Martin",2016,163,,625384.0,449.93,63.4
508,Business-focused composite orchestration,Comedy,"Western box meet beyond lay pass since. Answer guess staff chance family story hospital.
Hour indeed follow. Enter might blue.",Cristina Garcia,"Todd Shelton, Stacy Benson",2022,146,4.8,285718.0,481.5,42.2
509,Virtual bifurcated ability,Comedy,Bank campaign real we site. Part rest discover song. Project final material heavy hit step ok agency. Contain father tax into when argue.,Ethan Oliver,"Samuel Richmond, Tara Marshall, Jesse Wallace",1982,126,8.6,137053.0,,47.8
510,Reverse-engineered 24hour help-desk,Drama,"Age term weight quickly debate. Card have water second official left card.
All fill job film stuff region letter. News sing stage interview mission. Professional set or.
Buy cut perhaps this short.",Rebecca Gonzalez,"Joel Watkins, Kristen Cohen",2013,85,4.4,455362.0,,20.8
511,Exclusive solution-oriented secured line,Action,"Town manage star more environmental page. Question keep occur.
Method human meet majority. Above friend spend turn writer.
Lawyer hard how begin sit interview brother. Develop face sound.",Juan Villanueva,"Mr. Dustin Jones, Alexis Santos, Crystal Herring",1988,80,8.7,759805.0,858.99,94.7
512,Implemented client-server firmware,Thriller,"Manage guess what main campaign owner culture. Public open happen field raise say seat.
Soldier sit consumer second. Suffer reach boy receive already project.",Donald Brown,"Megan Jenkins, Latoya Hunter",2001,142,4.4,206478.0,395.36,54.3
513,User-centric systemic instruction set,Action,"Store safe mind rule. Marriage expert well scene sea business. Challenge southern live behind action.
Single special gas our. Film treatment nature question. Player trial instead true.",Robert Perkins,"Adam Rodriguez, Jamie Obrien, Holly Lewis, Melissa Fritz",1991,163,8.7,592522.0,,40.9
514,Re-contextualized intangible info-mediaries,Drama,"Financial go continue station wonder military. Hit large performance everything just.
Bank city with price body.
Carry ok on yes indicate. Great save born operation travel quickly.",Hannah Miller,"Mark Barker, Nicole Santana MD",1994,161,5.7,193139.0,732.99,
515,Extended high-level frame,Comedy,"Successful sister marriage. Population course interest mouth manage above whether.
Parent him into. Morning station join poor. Current care reach deep happen air staff end.",Cristina Garcia,"Richard Nelson, Kristin Richardson, Seth Blanchard",2015,115,5.0,964015.0,,70.8
516,Horizontal even-keeled Graphic Interface,Action,"Cultural for phone machine. Else single magazine must statement phone.
Remain small his send choice education. Win ever after.",Jessica York,"Linda Ali, Barbara Wall",2014,151,8.1,710679.0,,34.4
517,Polarized leadingedge Graphical User Interface,Animation,"Marriage hold teach up natural. Yeah war just half.
Walk decide fall receive low. Cover whatever peace hospital like work some most.",Terry King,"Rachel Dougherty, Charles Hernandez, Cheyenne Olson",1981,177,,92095.0,222.72,76.0
518,De-engineered empowering neural-net,Sci-Fi,"In company boy hard shoulder cost office. Administration night son expert.
Young guess do agreement age everybody four. Quickly training condition party soldier education. Point why truth create.",Amy Boyle,"Scott Martin, Anna Suarez, Johnny Jackson, Heather Wood",2009,145,8.4,371760.0,953.4,44.7
519,Distributed holistic orchestration,Sci-Fi,Their shoulder they thank. Mr actually out north. Two score now party within.,Mary Taylor,"Edward Dorsey, John Johnson",2021,161,7.0,612873.0,147.67,55.0
520,Implemented global circuit,Thriller,Fly find off kitchen outside office full. Idea sport reveal couple name career suffer. Order admit wear.,Barbara Parker,"Jonathan Lloyd, Joshua Thomas, Christopher Wilkinson",2008,95,5.4,842136.0,349.45,84.3
521,Persistent zero administration encryption,Animation,"Tell along game spring size compare set represent. Available risk never.
Similar forget include explain. Summer paper push white marriage beyond teach conference.",Jasmine Thomas,"Jason Barton, Rachel Olsen, Jason Macdonald, Brittany Henry",2013,98,8.4,508328.0,704.8,29.9
522,Inverse zero tolerance artificial intelligence,Drama,"Mother through tough. Worker sport business pressure. Break grow personal employee truth.
Management ready summer then whatever little why minute. Ever notice office less building.",Riley Camacho,"Veronica Robbins, Joseph Anthony, James Reilly",2019,118,,934782.0,284.74,95.1
523,Ergonomic fault-tolerant protocol,Sci-Fi,"Will key film. Analysis defense up various state. Owner us price three together.
Education in new detail. Recently adult clear perform who. Could open close executive girl.",Amanda Dougherty,"Jennifer Swanson, Hayley Reeves, Beverly George",2000,144,6.5,490021.0,,
524,Intuitive value-added success,Comedy,Best art race hold past identify. Soldier change affect fast. Every already six guy. Win worry enjoy teacher.,Kevin Adams,"Erika Mcpherson, Lindsay Cisneros",2024,141,,871747.0,622.22,
525,Programmable homogeneous knowledgebase,Action,Open suddenly spring job fact. Team Mr boy no happen and successful.,Rebecca Gonzalez,"Misty Fox, Thomas Baker",1989,168,4.1,455368.0,518.5,75.1
526,Public-key 24hour portal,Action,Thank reduce nation wait get public treat suffer. Their maybe course sometimes decide soldier. Note whom tonight region general energy southern.,Brittany Parrish,"Dennis Black, Emma Garcia",1991,127,4.3,901219.0,116.17,49.5
527,Virtual methodical database,Horror,"Different director option. Move couple water.
Read break recognize message range bar.",Benjamin Gonzalez,"Mary Randall, Jessica Sosa, Michael Harrington",1985,113,9.2,772097.0,249.55,
528,Future-proofed needs-based solution,Comedy,Building action indeed price production easy east. Necessary system science body board.,Joshua Glover,"Vincent Hunter, Dana Logan, David Obrien, Mark Dunn",1989,80,4.1,700264.0,809.47,87.9
529,Reactive asymmetric solution,Romance,"Success game suddenly evidence live expert fall. Focus officer brother individual skill language.
Meeting race need little.
The news somebody from. Close argue result.",Bruce Myers,"Helen Kelly, Kimberly Thornton, Richard Coleman, Renee Davis",2010,152,7.0,664042.0,893.15,34.3
530,Intuitive uniform implementation,Horror,Century term listen where teach including. Fight design final blue admit.,Robert Perkins,"Jonathan Jennings, Nichole Cooke",1988,145,5.5,518799.0,,21.6
531,Profound local ability,Comedy,"Everybody official plan. Including whole adult pass.
Sit edge Democrat candidate true loss. Money type toward live trade race significant. Money or position.",Ashley Moss,"Laura Howard, Mark Brown, Daniel Gillespie",1985,136,7.2,4509.0,887.5,
532,Seamless systemic matrices,Thriller,"Real pick remain once trade school others. However scene present detail degree effort rest. Unit never sport public.
Place choose eye note player. Everything movie natural at.",Nathan Shelton,"Daniel Price, Michael Hill, Kurt Taylor, Shawn Morris",2003,157,7.3,277106.0,81.21,75.5
533,Robust explicit moderator,Comedy,"Strategy drug forget change. Director girl between amount give.
Group buy consider specific hit together. Husband next energy news another. Write through right challenge.",Cristina Garcia,"Justin Peterson, Aaron Dunn, Sean Morales, Jennifer Harris",2013,94,7.7,,167.58,86.3
534,Enhanced dedicated paradigm,Adventure,"Anyone debate notice during.
Believe north friend describe others. Available give painting hope when but laugh. No large education think particular nature.",Alisha Green,"Joseph Perkins, Steven Meyer, David Harvey",1980,107,,949891.0,,93.0
535,Persistent encompassing product,Thriller,Short own product ready hour enough bag. Color him close person. Successful international summer watch thus.,Brian Gay,"Carrie Riley, Jesse Davis, Eddie Webb, Michelle Fernandez",1996,172,6.2,446498.0,,44.7
536,Fundamental 4thgeneration firmware,Romance,"Beyond west both box break. Beyond good effort threat edge senior whom fact. Collection represent central list agency.
See join few appear those forward. Peace kitchen already.",Gina Finley,"Jennifer Fitzgerald, Kathy Chavez",2004,136,7.2,965124.0,,97.8
537,Stand-alone 24/7 standardization,Animation,"Anyone tree institution way stop. Bank garden true.
Player hour he in direction pattern. Participant wife state situation add camera. Common approach staff officer whose these.",Chase Larson,"Stefanie Brady, Shawn Ortiz, Roy Malone",1986,101,8.0,188780.0,790.27,81.5
538,Centralized 24hour capability,Animation,"Their anything oil two. Try may security certainly theory material so shake. Customer factor control issue.
However always business cause wall. Three back become size stock no.",Kevin Adams,"Patricia Turner, Nicole Short, George Boone, Nicholas Warren",2012,128,9.3,58072.0,816.38,41.5
539,Integrated secondary contingency,Action,"Raise research score century may. Evidence question history fill east Mr. Else human son star ball.
Size evening site group. Notice American because.",Donald Diaz,"John Bradford, Kayla Rowland, Dr. Jennifer Coleman, Katherine King",2010,82,5.3,38320.0,242.85,37.0
540,Reverse-engineered radical matrices,Romance,"Pressure spring focus free sit they. Detail rise major.
Artist including feel in purpose. Short type left reveal. Baby structure another contain hope right shoulder.",Joseph Horton,"Breanna Smith, Dakota Swanson, Kelly Holloway",2023,128,5.1,194876.0,934.57,96.1
541,Distributed user-facing hardware,Romance,"Tree senior for early. Visit she lawyer whose hotel truth country election.
Tree I respond everybody. Own free history soldier color. Top improve race decide well commercial give.",Christopher Anderson,"Joy Lewis, Sarah Hall",1995,169,4.5,,65.01,88.6
542,Assimilated explicit methodology,Drama,"Girl crime never water sea movie. Sometimes seek bit wall street head. Control little risk chance own simply.
Sing agreement car value hard out. Study adult memory foreign hospital.",Deborah Hernandez,"Monica Mendez, Gary Sanchez, Mia Estes, Michael Ball",2019,178,,497812.0,564.18,36.9
543,Expanded 4thgeneration productivity,Action,Majority step condition ok. Tree better author image any simple. Personal card south.,Gina Finley,"Sean Gonzalez, Emily Gray",1996,107,,948558.0,,
544,Realigned human-resource synergy,Thriller,"Such television lot.
Analysis though camera myself live example particular mean.
Behavior pressure level option. Ask subject mean military identify woman seem.",Sheena Gonzalez,"Emily Roberson, Benjamin Fields",2020,134,6.5,721317.0,74.67,98.6
545,Persistent zero administration challenge,Horror,"Move including east thought cover why answer. Image large story song something beyond test.
Heart two church authority. Exactly young them much network deep important.",Donna Hood,"Brittany Sanford, Curtis Rice",2018,82,4.8,813787.0,,84.5
546,Multi-channeled 4thgeneration superstructure,Sci-Fi,"Fly president model rather. Where ten room their evidence woman them owner.
Cell result imagine source. Tough some beautiful fear.",Mary Taylor,"Justin Martinez, Aaron Valencia, Wanda Charles, Jason Hernandez",2016,106,9.3,378413.0,711.3,27.1
547,Re-engineered actuating function,Romance,"Decade wish land grow mother expert artist. Talk lead behind someone outside. Set who exist boy arm visit ability.
Official market onto type level. Team about world just change tonight.",Joshua Glover,"Daniel Turner, Christian Johnson",1986,135,7.2,678495.0,130.09,89.4
548,Seamless zero-defect database,Adventure,"Hope director send suddenly. Rise girl approach. Line hit science.
Newspaper east scene truth bag radio. Cup threat top offer avoid. Total yourself true believe.",Hannah Miller,"Mark Alexander, Natasha Stokes",1981,90,7.7,130903.0,,95.4
549,Assimilated disintermediate access,Thriller,"Another their break. Choice score ok weight.
Speech billion necessary statement. Stand recent head best. Media imagine stand.
See whom education send. Almost paper American physical really skin.",Riley Camacho,"Amber Jackson, David Payne, Douglas Clark, Sheri Andrade",2000,111,,760167.0,146.74,56.3
550,Mandatory 24hour strategy,Comedy,"Image very already.
Agent seven wait thought. Conference choose get civil daughter main. Seven as down enter see situation.",Joseph Horton,"Todd Horton, Dr. Jessica Moreno DVM, Mr. Shawn Hartman, Mr. Kenneth Wu",2001,173,7.0,276727.0,,
551,Cloned executive frame,Romance,"Policy maintain public win be could stage. Consumer thus appear art question century. Just ever continue either test provide.
Artist have example. Discuss be health themselves perhaps civil part.",Ryan Wright,"Beth Perez, April Holmes, Nathan Walker, Terry Boyle",1989,126,,,109.23,74.2
552,Automated zero-defect monitoring,Romance,Third first sign spring image high professor series. Answer main cold radio make attorney statement road. Same suddenly cause. Seat poor coach my item thing he dark.,Benjamin Gonzalez,"Veronica Lewis, Katherine Garcia",1984,161,7.1,568678.0,,47.8
553,Sharable bifurcated firmware,Horror,"Claim seek almost degree hard. Health material protect bring.
Audience inside state world music do buy third. Bring most current upon establish.",Travis Meadows,"Chelsea Barrett, Brandy Robinson",1997,106,6.3,795509.0,796.43,48.5
554,Seamless executive Graphical User Interface,Adventure,"Talk get recent spend per inside. Who live however send. Piece some concern money.
Especially serious international someone manage miss series. Star article project notice.",Terry King,"Kayla Adams, Brian Ray, Thomas Harper",2024,143,9.3,125258.0,918.27,26.2
555,Cross-group content-based superstructure,Romance,"Big girl scene inside worker now. Wait write within guess risk. Mother too ago help follow.
Then team mother sort. Foot reflect standard up similar system wrong. Situation wonder decade wrong effect.",Justin Conley,"Tiffany Myers, David Jones, George Hahn, Lori Roberts",1995,165,8.7,382316.0,674.11,24.4
556,Fully-configurable bandwidth-monitored artificial intelligence,Thriller,"Watch son suggest amount off.
Candidate your beyond soldier mind news. Business chance garden. Hour build or material. Reveal teacher himself mind expect specific color.",Donald Diaz,"Veronica Beltran, Derrick Hunter, Christopher Lee, Autumn West",2010,144,9.3,,833.65,86.6
557,Enterprise-wide maximized archive,Adventure,"Recently challenge simply avoid country safe shake voice. Section street black camera thus improve between understand.
Make act area clear. Offer boy walk ok end.",Deborah Hernandez,"Samuel Berry, Jonathan Moody",1980,168,9.0,544455.0,921.16,37.5
558,Horizontal analyzing encoding,Comedy,"Oil discussion year appear dream hotel foot. Story herself teacher wrong media represent theory. Sport human economic to.
Her safe total car seem around them. Second join hot baby.",Amanda Fox,"Deborah Wilson, Amy Hopkins, Brian Kerr, William Stewart",2013,117,,161519.0,937.43,23.8
559,Intuitive directional software,Thriller,"Note election reveal floor sit cup exist.
Send result outside full group dog whom. Research that should skin.",Virginia Escobar,"Tristan Ingram, Jennifer Walker, Heather Smith",2015,81,8.8,403053.0,457.26,86.5
560,Reverse-engineered multi-tasking groupware,Action,"Increase area their social street condition decide weight. Plan class television good police present. Arrive plant accept.
Left religious board good item agency. Book front fear majority think.",Cristina Garcia,"Michael Harrell, Joshua Peterson",2003,169,,659897.0,273.77,80.4
561,Public-key systemic strategy,Animation,Individual identify offer ahead another present. Traditional kind industry. Let high sell early care management arm. Agent each raise scene necessary political discover system.,Brian Gay,"Robert Schroeder, Lance Wilson, Patricia Pacheco",1980,127,8.4,,81.86,93.2
562,Team-oriented asynchronous conglomeration,Horror,"Cost course sense eight street.
Toward magazine make evidence result know available.
Region marriage discussion clear away government tell. Possible call accept.
Sing within right.",Cameron Mullins,"Tyler Bennett, Nancy Lee, Gina Clark, Nina Golden",2012,127,8.5,199906.0,595.87,76.6
563,Realigned incremental model,Animation,"Hospital ok arm girl. Remain respond work mouth already move support. World natural morning entire so.
Decide cut employee two. Standard everyone economic establish.",Barbara Parker,"Sabrina Jenkins, Shawn Crawford",2008,105,5.9,763915.0,471.09,
564,Re-contextualized client-driven benchmark,Sci-Fi,"Simply suffer apply international. Identify land suddenly majority east. Sit ask many art well.
Executive health push beyond.",Amanda Fox,"Joshua Smith, Taylor Anderson",2023,81,,890864.0,148.22,60.0
565,Vision-oriented web-enabled paradigm,Drama,"Old probably east police seem region pattern. Really tax cup food.
Decide offer gas require.",Joseph Horton,"Nancy Peters, Nicholas Nguyen, Thomas Rasmussen, Katherine Tucker",2017,176,8.3,92860.0,558.84,30.7
566,Fully-configurable empowering hardware,Thriller,"Save long skin pass level fly view. May wife light technology collection. Issue voice well example.
Central us maintain beat. Owner positive church long job. Fill weight consumer education.",Kathryn Thompson,"Nicole Perkins, Abigail Sanders, Sabrina Blanchard, Larry Lin",2004,163,8.6,44329.0,738.25,23.0
567,Diverse optimizing synergy,Drama,Exist some say past many. Now sometimes lot throughout million. Want lot seven every.,Kathryn Thompson,"Douglas Bolton, Paul Austin",1995,136,,36716.0,805.08,89.2
568,Distributed hybrid strategy,Action,Option you teach production. Teach system return. Perhaps six current strong service with voice.,Amanda Dougherty,"Roy Stone, Michael Reed, Jennifer Grant",2017,123,6.8,256498.0,379.22,26.7
569,Cloned explicit emulation,Comedy,Region girl believe hard page. Else reflect major plan space hotel. After option bed expert happen floor everybody growth. Interview news however.,Kevin Adams,"Mrs. Amanda Johnson DVM, Michele Bryan, Tina Rivera, Jordan Thomas",2023,106,8.6,291254.0,4.66,47.5
570,Extended 6thgeneration encryption,Action,"During order house one hot get. All challenge goal live family another. Mouth practice young piece court security wear see.
Source wish attack herself south. Certain eight actually character.",Brian Gay,"Carl Peters, Samuel Caldwell",1984,123,5.8,996732.0,912.1,55.9
571,Distributed leadingedge throughput,Action,Note individual price two. Remember for large order girl. Or road decide fall north population.,Bryan Wise,"Leslie Reynolds, Erik Glass, Michael Lopez MD",1996,142,8.9,843919.0,90.21,87.7
572,Multi-layered homogeneous focus group,Action,Series yourself lawyer box candidate investment discover across. Take five believe call. Opportunity take will much participant close nice.,Christine Garcia,"Patrick Brown, Jason Patrick, Mr. Daniel Owens",1989,158,,258020.0,612.77,63.0
573,Front-line object-oriented access,Comedy,"My cost economy. Brother word bring onto operation so defense.
Woman toward table vote claim degree identify air. Create policy mention discussion former. Matter PM off real director boy source well.",Christine Garcia,"Corey King, Gail Allen, Alexis Valenzuela",2005,135,5.7,128134.0,490.88,41.9
574,Multi-tiered leadingedge customer loyalty,Comedy,"All your since chance stock down put. Mean recognize pick resource control organization.
Music day between religious.",Mary Delgado,"Thomas Hawkins, Theresa Preston",2024,149,6.5,265785.0,,81.5
575,Visionary value-added adapter,Animation,Any cut hotel another together future. Visit nation attorney mind reach history our. Me water sure field will film race third.,Nathan Shelton,"Yvonne Williams MD, Frederick Anderson, Keith Travis",1988,99,7.4,571823.0,680.85,91.4
576,Stand-alone directional artificial intelligence,Sci-Fi,"American current hope practice. Floor response food plan agent serious.
Operation against child size mission.",Michael Morris,"Steven Cole, Diane King, Hailey Campos",2020,108,4.3,916610.0,199.74,77.9
577,Re-contextualized client-server challenge,Sci-Fi,"Form green maybe social report professional card. Management organization past check financial administration network.
Main fill organization word. Like hot TV care.",Brittany Parrish,"Stephanie Leonard, Joy Hernandez, Anne Trujillo, Joshua Anthony",2011,127,6.2,87576.0,650.56,
578,Triple-buffered secondary analyzer,Thriller,"Truth ago campaign run school. Technology write piece by value training.
Report dog lay commercial professor quickly.
Pick successful tend ask maintain rate simple.",Amy Holt,"Julie Rogers, Joseph Sims",1998,86,8.9,206201.0,736.27,94.6
579,Compatible human-resource groupware,Comedy,Value since popular help film great loss. Miss individual project experience trouble. Future daughter that people leave identify feel.,Virginia Escobar,"Christina Foster, Kristin Garcia",1984,93,4.8,733758.0,756.87,76.2
580,User-centric secondary hierarchy,Comedy,"Enjoy war deal feeling Congress man only. We energy back.
Could floor cold officer receive. Attention adult financial population building drug. Thus truth time democratic.",Cameron Mullins,"Jennifer Mathews, Kevin Chan",2000,128,4.0,901203.0,,23.4
581,De-engineered system-worthy productivity,Romance,Leave so challenge rock. We security claim time. Her five own performance. Activity whether lead certain information.,Jade Walker,"Misty Webb, David Hill, Chad Thompson",1994,139,4.2,896566.0,,62.2
582,Proactive global projection,Romance,"Strategy artist forget so give health factor support.
Individual government market may middle subject doctor. Size half else show down.",Bruce Myers,"Ronald Juarez, Scott Lewis, Crystal Hernandez, Claudia Garcia",1992,95,8.3,945410.0,,52.4
583,Persevering well-modulated matrices,Horror,Real move find develop quality poor protect with. Result world medical without. Artist various fund stock soldier know look. Everybody perform people system collection court color present.,Jessica York,"Sheila Hays, Bryan Miller",2017,152,4.0,849195.0,175.72,95.9
584,Profit-focused actuating implementation,Animation,"Expect quite Mrs. Without entire shoulder coach worry fish free. Study home worker start young sort.
Less up effect cup security. Meet ground move build. Response at yes.",Bryan Wise,"Jacob Daugherty, Mark Baker",2023,154,5.3,749746.0,853.53,49.6
585,Horizontal 24hour adapter,Action,Point consider stand three than. Score score already building hit similar. Hair wish up fund toward.,Bruce Myers,"Ian Alvarado, Corey Gibbs, Steven Blackwell",2005,163,6.9,241075.0,490.24,
586,Monitored reciprocal portal,Adventure,State center name writer bad agreement religious. Same party shake sister same political commercial. Letter how risk. Six land you plant.,Katie Krueger,"Mr. Gregory Everett DDS, Eric Santiago",2002,107,4.7,,366.8,100.0
587,Multi-channeled scalable access,Romance,"Talk six out increase sport. Door enough significant sport memory part child.
Kid again school. Throughout pick significant situation mean.",Brian Gay,"Michael Ray, Kenneth Walters",1981,169,,866454.0,564.56,57.2
588,Synergized disintermediate productivity,Animation,"Decide their maybe region firm boy. Inside easy board technology wonder.
Court hand position arm more face teacher. Admit ok news important. Customer large this recent expert again about.",Juan Villanueva,"Jennifer Galvan, Carol Shaw",1980,152,7.0,476366.0,263.75,65.3
589,Open-architected exuding website,Romance,Seek everybody design interest way into. Bring popular why may her suggest pass apply. Entire benefit way fact.,Justin Conley,"James Hodges, Gregory Miller",1980,118,8.0,690511.0,106.58,42.3
590,Enhanced object-oriented function,Action,"Oil wind center each administration. Wear cost then grow he without.
Example quality risk generation process tell base itself. Identify suddenly change industry top.",Rebecca Gonzalez,"Michael Dickson, Anna Thompson, Rebecca Foster",1998,108,5.1,835918.0,745.13,94.9
591,Synchronized content-based protocol,Horror,"Heart job knowledge upon exist suggest me none. Small lose politics first push fund. View decision pretty must campaign.
Country like board shake into assume.",Jessica York,"Tony Wallace, Joshua Rubio, David Johnson",1990,98,,163946.0,425.26,70.7
592,Inverse stable infrastructure,Horror,Book policy forget pay when. Television small bill myself day among.,Christine Garcia,"Jacqueline King, Michael Stewart, Judith Yang, Benjamin Roberts",2009,176,4.2,605432.0,132.36,50.8
593,De-engineered grid-enabled methodology,Sci-Fi,"All window consumer. Identify election outside similar purpose fill forward.
News do international world much avoid off. Several certainly quickly less.",Sheena Gonzalez,"Kimberly Wilson, Mrs. Stephanie Moses, Sara Nolan, Charles Salas",1983,179,7.7,40062.0,640.69,35.4
594,User-friendly next generation matrices,Animation,Surface either style church contain each. Agent station political special Mrs another. Family against child evidence like office find. Also share practice course bit.,Cameron Mullins,"Paula Richard, Jessica Flowers, Natalie Kramer, Ross Harris",1995,108,4.7,149733.0,938.13,48.4
595,Function-based high-level instruction set,Animation,Position foreign trouble child or real. Find guess pretty south late. Man camera time training. Per move side guy black actually.,Amanda Fox,"Cory Silva, Jason Tapia",2021,164,6.5,898238.0,96.26,92.8
596,Self-enabling multimedia adapter,Sci-Fi,"Make point administration technology bank. Above assume nearly participant.
Film large away. Including owner poor.
Body none almost break call occur.",Rebecca Gonzalez,"Anita Smith, Benjamin Jones, Jessica Sosa, Cody Carson",1997,153,7.7,740696.0,,60.8
597,Inverse bifurcated concept,Adventure,Reason everyone plant bag. Skill still million go interest. Career manager adult quite former agree.,Bryan Shaw,"Mark Elliott, Zachary Joseph",1986,152,,943484.0,431.83,24.1
598,Function-based object-oriented projection,Drama,"Seven history plant high reveal life after. Lead president music medical.
Very magazine billion create institution. Term history less record poor network. Power she attack company for.",Deborah Hernandez,"Jesse Jones, Marie Johnson",1984,126,5.2,470654.0,856.22,69.8
599,Down-sized tangible framework,Animation,Month offer drive certainly very. Skin drug heavy eye. Beat answer responsibility theory. Across any pay wish.,James Holland,"Timothy Wright, Kari Martinez",2011,121,5.1,310411.0,190.01,48.0
600,Versatile directional leverage,Romance,"Buy church check institution. Help hospital she.
Leg mean success around where from. Mean continue standard risk certain capital on.
Science expect read than. Toward fill store decision thus.",Kevin Adams,"Anna Irwin, Thomas Brown, Joseph Brown, James Sellers",2012,139,7.4,159858.0,542.87,62.2
601,Re-engineered local emulation,Sci-Fi,Two financial beyond collection medical keep treat smile. Check form avoid artist hope until garden.,Ryan Wright,"Tracy Carr, Kristen Dunn, Frank Horton",1984,148,8.8,635342.0,861.39,87.6
602,Phased maximized emulation,Comedy,Prepare field degree left kind avoid hospital. Realize college realize sister bed interesting hard.,Mercedes Munoz,"Cassandra Matthews, Matthew Gonzales, Kathleen Yang, Timothy Freeman",2013,148,7.9,321452.0,393.06,41.5
603,Exclusive interactive interface,Drama,Need ability side lay. Manager foreign garden notice board research probably. Here skill they consumer.,Robert Perkins,"Michael Wagner, Rachel Sanders, Brian Williams",2024,180,9.3,850572.0,46.24,
604,Synergistic object-oriented encryption,Action,Data spring bring what kid professional. Guy water actually try figure form.,Barbara Parker,"Jessica Howe, David Foley",2012,103,,,618.76,87.7
605,Persistent incremental array,Romance,"Kind for produce with evidence challenge government. Four source plan describe majority again. News each discussion garden.
Stand return ever he our. In leader address five.",Cameron Mullins,"Alan Oneal, Vincent Wilson",1985,166,5.5,602232.0,978.77,90.9
606,Right-sized 24hour moderator,Sci-Fi,"Brother a get involve style. Form international however also try scientist.
Drive run until put throw coach over nearly. First view general somebody control order.",Donald Brown,"Teresa Richard, Frances Simpson, Rachael Love, Suzanne Watson",2001,178,5.1,,271.04,91.8
607,Polarized bifurcated toolset,Comedy,"Husband return despite one value guy near. Most brother dog. Than write cut though major race best.
Cut support inside fish wish. Focus know himself. Another great surface add poor.",Sheena Gonzalez,"Krystal Boyle, Christopher Bennett, Andre Simpson",1981,174,4.6,667292.0,189.29,
608,Upgradable multimedia solution,Romance,Rule her address. Believe campaign late center. Sell beyond wait arrive six whom so. Kind mean yourself to PM hope customer.,Mary Taylor,"Allison Evans, William Mccoy, Larry Leonard, Justin Dunn",1980,130,7.3,321013.0,147.87,65.8
609,Secured actuating artificial intelligence,Action,"Form any last almost. Difficult only to cold key student. Vote whole tree agency.
Discuss evidence determine produce executive put win. Machine stuff five data. Tend action want offer.",Kevin Adams,"Kristi Griffin, Susan Webster, Melissa Lin",2022,86,7.2,502213.0,596.76,40.1
610,Inverse attitude-oriented pricing structure,Romance,"Already enjoy benefit get man stage visit. Carry stuff smile. Pattern culture security nation.
Nothing fire PM theory artist we board heavy.",Juan Villanueva,"Nicholas Nguyen, Devin Garcia, Cynthia Welch",2013,165,,481039.0,821.26,97.6
611,Proactive cohesive matrix,Romance,"International behind treatment stand difficult each born consumer. Professional section speech.
Another eat respond education become generation between.",Brian Gay,"Tina Goodman, Nathan Lowe, Cassandra Mclaughlin",1993,118,,603058.0,,42.2
612,Total composite customer loyalty,Comedy,Million player meeting forward standard program. Leave simply top clearly. Walk staff interest reflect visit personal.,Jasmine Thomas,"Joseph Joyce, Benjamin Frazier",2010,116,8.8,331452.0,293.76,47.9
613,Enhanced didactic workforce,Comedy,"Employee what serious. Herself live walk simple well too hundred.
Machine loss moment various course far address. Our investment later organization. Water relate surface everything yard leader.",Benjamin Gonzalez,"Mrs. Lisa Clark MD, Jonathon Blevins, Victoria Shaw, Ernest Maldonado",2013,107,8.3,928454.0,,31.0
614,Multi-lateral needs-based throughput,Drama,"Deep let how hour world just. Truth plan race raise.
Nor leave check build although free.
He yourself material industry amount write. Major star which character.",Christine Garcia,"Donald Mccarty, Ariel Miller, David Mitchell, Mr. Gordon Newton",1996,172,4.3,255446.0,387.25,30.4
615,Team-oriented zero administration circuit,Romance,"Culture instead become executive. Consumer happy represent affect where this.
East operation law. Individual movement prevent least. Before after each condition better it onto. Type hit great big.",Katie Krueger,"Erin Casey, Michelle Alexander",2012,178,4.4,444487.0,589.14,34.7
616,Enhanced object-oriented protocol,Adventure,"Around public series space billion cost. Tax plan hair hope.
How above generation agent. Serve fill science write. Eight road follow avoid hundred get ago whatever. Hope us stock play call.",Christine Garcia,"John Harvey, Joseph Haynes, Karen Garcia",1981,106,5.7,359738.0,729.36,
617,Configurable analyzing definition,Adventure,"Three allow seven far others. Especially soldier cup investment plant.
Lead adult year short. Measure actually option central type more choose.",Bryan Wise,"Joe Bennett, John Garcia, Margaret Ross, Christopher Ellis",2004,157,4.5,860805.0,993.97,44.7
618,Progressive demand-driven strategy,Horror,"Make call treatment big take bar.
International me ready idea fish fast. Such song dog.
Care common movement evidence. Republican unit force we black.",Ethan Oliver,"Anthony Vargas, Jessica Mcdonald",2008,170,7.0,587531.0,792.06,39.0
619,Cross-group transitional function,Action,"Write account box growth she nature. Business team free program similar involve. Send head college these ten price large.
Paper such two high attention. Standard glass state again attack meet.",Donald Diaz,"Walter Parker, John Robertson, Anna Flowers",1994,133,5.9,579268.0,207.06,50.3
620,Enterprise-wide scalable matrices,Thriller,"Each health direction think too show tonight. Major threat central mean. Near especially music woman assume in.
All television whole consider direction. Child staff girl.",Amy Boyle,"Taylor Bowen, Krista Mills, Eric Bullock, Amanda Fuller",1998,86,,853541.0,735.2,
621,Reactive attitude-oriented flexibility,Action,Kitchen exactly another city someone because toward. Pull green both yet feel fall radio. Industry soon age least almost court while. Score trade heavy.,Jasmine Thomas,"Joseph Miles, Robert Smith, Douglas Williams",2015,133,7.9,961936.0,182.84,58.2
622,Proactive intermediate Internet solution,Animation,Into end enjoy. Strong world brother reason. Successful next learn one decision. Ready strategy other treat doctor.,Bryan Wise,"Robert Riddle, Leonard Taylor, Patricia Dillon, Rebecca Bell",1980,160,7.8,393515.0,738.41,70.9
623,Managed didactic Internet solution,Adventure,"Section happen low others. Notice my reason person form key energy. Finally me real office exactly front.
Organization you bar trip crime.
Enter whole house force real herself environmental.",Robert Perkins,"Gregory West, Christopher Rodriguez, Amanda Galvan, Eduardo Zimmerman",2001,80,5.1,128865.0,868.21,43.1
624,Open-source maximized middleware,Horror,"Line decision we father always. Common wind today as true program. Recognize rise across camera wind.
At nation until during free. Seven fly left language bag. Month will when you table act.",Justin Conley,"Heather Dunn, Lisa Villanueva, Tracey Vasquez",1993,168,6.0,921693.0,558.94,88.8
625,Reactive didactic open system,Romance,"Another window way coach country per. Like between rather office. Dinner they indeed beat different buy.
Day red speak game. Stage provide food land. Government may stuff each.",Brittany Parrish,"Heather Burgess, Todd Stout, Kevin Parsons, Katherine Snyder",1989,98,7.6,34575.0,701.99,37.3
626,Cloned well-modulated task-force,Adventure,Live represent black ten military. Because play interest moment different.,Rebecca Gonzalez,"Sheila Davila, Samantha King, Keith Ross",2005,83,5.9,108443.0,137.76,79.0
627,Ameliorated dynamic access,Drama,Size start happen life practice describe. Receive for possible fight sign learn nature partner. Sit cause order world.,Ethan Oliver,"Megan Barnes, Thomas Nelson, Michelle Ramirez",2019,120,9.2,280341.0,735.13,30.0
628,Innovative analyzing alliance,Action,"Detail friend government expert sign. Use until hard situation world. Morning compare crime door south.
Feel stock store which away authority fine. Pretty character anyone race both yourself yard.",Kevin Adams,"Lori Russell, David Walker, Linda Taylor",2002,168,7.8,949546.0,,54.7
629,Re-engineered methodical frame,Thriller,"Former take represent likely. Reveal involve record like among head.
Head vote another various.",Amy Holt,"Anthony Castillo, Brandon Ortiz, Alyssa Morrow, Edward Wheeler",2010,120,4.5,575897.0,999.47,77.9
630,Optimized coherent info-mediaries,Comedy,"Work beyond participant design cup. Response nation whole could there page.
Go person fire. American job deep good season.",Chase Larson,"James Hall, William Peterson",1988,109,7.4,509155.0,873.22,46.0
631,Re-contextualized full-range workforce,Horror,"Care information down young when. Medical share during factor smile red. Pay see save official medical.
Through right admit strategy. Always story third him outside against.",Kathryn Thompson,"Kristen Torres, Ronald Patel, Todd Garcia",2017,160,7.7,819273.0,468.81,29.9
632,Persevering client-server success,Action,"Financial newspaper matter kid determine dream. Voice history act if fish.
No teach capital hot your population reveal. Fear day wear ever baby fund you. Security trouble marriage develop generation.",Deborah Hernandez,"Bradley Arias, Natalie Barnes, Jeremy Rodriguez, Vincent Chen",1980,103,,896141.0,541.53,70.6
633,Total bandwidth-monitored workforce,Horror,"Someone green help. Woman suddenly rock herself.
Consumer start say stop. Only hope old movement rule program statement. Also back provide decade agency study same much.",Ryan Wright,"Nicholas Garcia, Patrick Jackson, Dana Walker",2016,155,,,473.78,30.0
634,Expanded disintermediate knowledgebase,Romance,"Call best eye science water participant American. Vote message physical style but radio. My clearly arm remember need information arm.
First inside see term. Peace rest follow at.",Chase Larson,"Lindsey Marks, Timothy Morgan",2008,166,4.4,785604.0,665.17,87.0
635,Universal empowering throughput,Adventure,"Should official surface. Doctor executive career few pretty.
Current protect letter dog create coach however. Respond industry place always. Yes accept operation rock range do.",Cristina Garcia,"Maurice Miller, James Klein, Matthew Sullivan, Jackson Gonzalez",2023,101,9.1,949224.0,388.8,95.1
636,Optional disintermediate definition,Romance,"Our nation strategy standard offer. Develop guy society necessary research stage. Involve that style back.
Their provide friend say.",Cameron Mullins,"Kelly Price, Darrell Farrell",1982,91,8.5,,424.62,52.5
637,Switchable stable approach,Adventure,"Series support down. Sign right letter trouble.
Recent century door seem story protect gun. Simply speak item. Room road to development natural. This visit will sort wish.",Cristina Garcia,"Courtney Park, Paul Johnson, Tammy Meyer",1992,179,,896040.0,334.15,25.5
638,Balanced tangible portal,Animation,"Arm book treat team view than. Near seek this participant project control away.
Campaign experience this evidence season. Apply hot station seat. Yeah increase happy.",Donald Brown,"Julie Davis, David Arnold, Catherine Jensen",2015,94,,235472.0,10.72,39.6
639,Configurable multimedia product,Action,"Open relationship try discuss nor analysis. Manage main behavior accept anything.
Produce church or else art level stuff. Explain raise story since.
Will smile mouth fear place face better soldier.",Donna Hood,"Morgan Adams, Cody Edwards, Hannah Carey",2016,126,5.4,683792.0,729.93,32.6
640,Exclusive disintermediate complexity,Adventure,Wait partner conference hundred resource. Energy mission turn military open party him interesting. Arm price plan option next current.,Ashley Moss,"Heather Rios, Joseph Oconnell, Alicia Parrish, Dustin Wilkerson",2010,87,7.8,997777.0,730.6,
641,Implemented 24hour application,Sci-Fi,"Audience street single notice. Good song might civil issue talk total.
Other represent authority thousand subject.
Past feeling teacher. Fill blue class represent cut involve color.",Amanda Dougherty,"Sonya Patel, Steven Baker, James Bolton",1987,144,,601380.0,460.26,29.4
642,Managed homogeneous knowledge user,Animation,Sell detail none child firm number. Visit exactly event well performance discuss company. Whole prove report.,Kevin Adams,"Angela Carrillo, Jesse Brown, Dennis Davis",2018,103,8.0,688531.0,913.73,49.3
643,Proactive tertiary moderator,Comedy,"Scene leader perhaps speak argue green. Pretty though administration yard.
Player provide standard hair. That what sound consumer.",James Holland,"Jessica Alvarado, David Morgan",2006,178,8.2,,742.18,24.3
644,Exclusive even-keeled open system,Animation,Hot I ever themselves member study. First part travel travel pretty. Trial soon free common child call.,Katie Krueger,"Debbie Hernandez, Phillip Carlson, Juan Cordova",2014,154,4.3,672206.0,676.94,
645,Face-to-face system-worthy collaboration,Drama,According represent act rather affect fly collection up. Staff sit rule find dream. Want stand exist shake society glass.,Barbara Parker,"Sharon Russell, Jennifer Miller, Sarah Goodman, Emily Calderon",2024,82,8.6,395725.0,920.64,31.3
646,Reduced multimedia approach,Comedy,"Within everyone single collection station people plant look. Everybody join improve affect. Phone always over grow.
Wide thing sing owner. Article wish leader seek.",Joshua Glover,"Molly Murray, Kirk Wall, Alyssa Wagner",2023,152,7.2,744472.0,282.77,37.8
647,Devolved clear-thinking portal,Sci-Fi,"Organization once identify hold that. Entire tend discover by. Nothing wind official play never to.
Make inside care ask. Kid music wonder yet very point page.",Ashley Moss,"Scott Holt, Justin Rush, Matthew Beltran, Robert Gonzalez",2011,81,8.1,464271.0,413.78,
648,Enterprise-wide disintermediate protocol,Horror,"Debate long beat provide occur. But push cause low example. Understand environmental form.
Each several long ability page. Star actually last practice space generation talk.",Chase Larson,"Christopher Jones, Crystal Garcia",2014,112,6.4,855541.0,,87.6
649,Operative 5thgeneration projection,Thriller,"Line maintain put visit carry.
Whole share could less course agreement quickly. Realize per upon agency group performance. Stage myself defense science instead card course mission.",Donna Hood,"Katherine Taylor, Donald Cruz, Lynn Sullivan",2010,174,5.3,525525.0,528.81,
650,Cloned optimizing core,Drama,"Big common much college cause require. Everybody father Mr western.
I mind who authority. Particular certainly organization modern. Culture difficult reason cut real base.",Nathan Shelton,"Mary Alvarez, Matthew Brown",1988,162,8.6,328157.0,132.76,67.7
651,Future-proofed content-based standardization,Comedy,Less upon hotel back manager. New again central again common. Under argue shoulder summer relate interview.,Barbara Parker,"Dr. William Carr, Gina Davis, Amy Smith",2019,105,,919171.0,837.35,81.2
652,Quality-focused responsive hardware,Sci-Fi,"Attorney share throughout card evidence even kind. Home common film avoid four or.
Reason free claim. Report argue event cell own well note. Government everyone yes civil yet hundred.",Joshua Glover,"Amanda Lee, Austin Allen",1991,92,8.9,636707.0,33.53,75.3
653,Implemented dedicated leverage,Drama,"Cell enough age increase of up.
Tree first price arrive. Use skin daughter.
Notice dinner act. Difference cut available plant Mr happen magazine. Fine their whose recently try some hot.",Juan Villanueva,"Kristen Hubbard, Stephanie Ferguson, Martin Rivas, Tiffany Williams",1996,132,5.1,56048.0,557.46,82.0
654,Pre-emptive zero tolerance encryption,Action,Street nation by somebody bring. Ask next beat rise. Station in class pay race rock chair.,Amy Boyle,"Kristen Jones, Vincent Fritz, Kimberly Lester, Kristi Stanley",1990,175,6.3,704427.0,,76.3
655,Phased multi-state Graphical User Interface,Comedy,"Per Mrs hard meeting science more. Pay six find lay before. Provide ago deal worker.
Continue among traditional participant. Send white item third. Enough say participant begin.",James Holland,"Adam Wolf, Erika Newman, Elizabeth Adams, Jerome Santiago",1999,164,8.6,661921.0,945.77,63.6
656,Pre-emptive clear-thinking capacity,Romance,"Few along somebody after. Decision same well plan here spring.
Too serious single sign ahead. Price question coach value almost lawyer.",Donald Diaz,"Jill Walter, Teresa Harris, John Kennedy MD",2009,112,5.7,,390.64,
657,Streamlined 24/7 flexibility,Animation,Perhaps value ask record establish before. How air crime including fear example surface your. Social sell cut message food they page fill. Market customer create.,Joseph Horton,"Terry Lindsey, Angela Gonzalez",2024,167,8.8,497442.0,241.08,90.7
658,Implemented optimal policy,Sci-Fi,Into although decide can scene nice until language. Someone must attention hospital common feel letter place. Determine economic seek charge.,Donna Hood,"Jeffrey Fischer, Sean Ramirez, Dawn Mosley, Kyle Sanchez",1992,179,4.3,457171.0,,97.7
659,Enhanced value-added monitoring,Adventure,"Business action small meet law population.
Report population truth hotel attorney factor. Baby attack can subject group defense. Change ahead politics available friend film teach light.",Sheena Gonzalez,"Holly Kelly, Megan Benitez, Dana Powell",2002,131,4.7,141770.0,883.51,63.3
660,Operative multimedia conglomeration,Thriller,Detail child kid improve until. That true story job cup contain prevent something. However keep very develop.,Barbara Parker,"Lisa Roy, Lori Johnston",2017,131,7.1,356276.0,980.68,96.1
661,Expanded 3rdgeneration standardization,Romance,Offer piece certainly future green different. Couple total certain camera nearly.,Donna Hood,"Ryan Williams, Kristina Reeves, Alicia Young, Katherine French",2016,179,,,,83.9
662,Synchronized scalable contingency,Thriller,"Rather go arm.
Station career create experience magazine role traditional brother. Happy present late receive operation. Result candidate include impact most.",Nathan Shelton,"Wanda Gilbert, Jennifer Holloway, Selena Morrison, Anthony Matthews",2012,165,7.6,67834.0,678.02,
663,Fully-configurable secondary archive,Comedy,Friend make these accept think. Perform ago test decide music.,Amanda Fox,"Todd Turner, Steven Nelson",2005,91,,402860.0,134.34,57.4
664,Profound interactive throughput,Action,"Call happy black. Common good city feel. Book can article total voice.
Yard decision force enter. Language again according country.",Ashley Moss,"Todd Acevedo, Gina Williams",1980,147,6.4,68673.0,102.81,20.9
665,Multi-channeled optimizing neural-net,Animation,Responsibility stuff floor from explain. Manage save nothing debate me guy pressure. Husband board world else bad sign price.,Chase Larson,"Emily Holmes, Summer Brooks, Kelly Small, Rebekah Brown",2020,124,4.1,538274.0,737.73,55.8
666,Multi-lateral analyzing secured line,Drama,"Treat fly training claim. Democrat beautiful hear hour road reality.
Opportunity education certainly analysis participant. Particularly during land stuff hear later benefit response.",Kevin Adams,"Cynthia Dougherty, Jessica Griffith, Lindsay Shields MD, Cody Petersen",1984,129,6.7,723888.0,254.3,
667,Cross-platform exuding firmware,Comedy,"Each enjoy region none. Social paper individual federal tell.
Bad concern prepare war material.
Work plan receive environment charge base. Central price bar design husband need time.",Jade Walker,"Jordan Ramos, Nicholas Montoya, Nicholas Patel, Francisco Martinez",1981,164,7.0,109418.0,128.08,33.1
668,Upgradable national help-desk,Sci-Fi,Democrat dinner act yes budget ago. Other trouble question pull against. Recognize little between apply view show big in.,Cameron Mullins,"Michael Lamb, Jason Gregory, Jeffrey Mills, Curtis Ferguson",2005,178,8.5,713762.0,28.4,93.3
669,Synchronized dynamic functionalities,Adventure,Bill information like friend eight financial. Realize nature appear push your sound be large. Help operation room across resource part.,Katie Krueger,"Brittney Colon, Robert Oneill, Brian Johnson",1980,169,5.9,916069.0,932.23,25.1
670,Assimilated mobile moratorium,Romance,State require some. Above understand later walk structure network cell single. Star personal pretty western director.,Juan Villanueva,"Mary Wall, Sarah Fisher, Sherri Thompson",1984,149,5.7,927360.0,,67.5
671,Realigned bifurcated infrastructure,Drama,"Perhaps industry population popular especially. International glass dog rise.
Keep his exist goal.
Course view various its. Consider agent ok total she play.",Cameron Mullins,"Michelle Brooks, Amber White, Monica Sanchez",1983,174,9.2,557618.0,90.91,84.7
672,Intuitive secondary throughput,Horror,"Product six why near attorney easy until. Speak campaign throughout international establish security. Gas project buy establish investment land.
Woman agent talk anyone machine.",Joshua Glover,"Catherine Figueroa, Theresa Rice, Travis Oneill",2001,87,7.4,821425.0,640.37,
673,Cloned dynamic core,Horror,"Check property race four develop rise. Simple use unit side whatever.
Sport glass military laugh up way media. Tax case agree argue purpose.",Jasmine Thomas,"Jacob Smith, Sandra Robertson, Robert Boyd, Janice Johnson",1994,87,9.5,702909.0,,45.7
674,Distributed foreground hardware,Sci-Fi,Foreign need street field. Top career information owner. Just discover factor development reason. Condition star whose type though treatment.,Amanda Dougherty,"Lindsey Taylor, Kevin Cannon, Julie Brown, Teresa Flores",2009,92,6.0,519268.0,536.32,70.0
675,Integrated eco-centric frame,Romance,"Pull beyond step bit particular best. Tough structure marriage foreign fire article thought. Amount watch move world company.
Describe true need do. Purpose past run physical. Check very lay manage.",Hannah Miller,"Paula Flores, Wanda Miller, Cynthia Butler, Patricia Lynn",1996,143,5.7,807538.0,706.62,26.6
676,Multi-tiered executive knowledgebase,Comedy,Wife husband month help collection my whose. Item focus act large hour why. Room improve score forward.,Jade Walker,"Jennifer Gutierrez, Alexander Thomas",1999,118,5.1,561802.0,,21.1
677,De-engineered well-modulated emulation,Comedy,"Season get design short own set. Treat front medical always. End entire election husband marriage.
Response ever key enter part garden. Yourself why arrive defense entire.",Ethan Oliver,"Mrs. Christy Rodgers, John Smith, Robert Jackson",1988,157,8.1,201306.0,947.95,81.5
678,Persevering next generation model,Adventure,"Around billion training.
Begin plan piece no customer. Spring protect be phone color.
Send happy arrive.",Terry King,"Carrie Murphy, Eric Blevins, Stephanie Richmond",1981,150,,,173.7,42.7
679,Horizontal radical hub,Thriller,"Defense act include increase few such vote. Already world law economic.
Care mind measure mission industry upon.
Read before pattern bill. Eight share media project seek various.",Mercedes Munoz,"Christopher Bowman, Luis Vazquez, Jodi Hawkins",2000,94,7.7,279547.0,310.14,52.5
680,Customer-focused full-range middleware,Comedy,Western but study letter fund. Remember modern involve score across class top. One or will serve somebody have.,Chase Larson,"Jacob Chandler, Alexander Suarez",2003,159,5.4,416927.0,534.69,89.6
681,Diverse client-server website,Animation,"Attention test rise trouble myself attack. Animal five up protect admit. Face trouble foreign room wide.
New lawyer eight model play before. Ask line I.",Jade Walker,"David Nolan, Heather Williamson, Jill Sandoval",2000,131,5.3,30257.0,530.01,73.2
682,Triple-buffered contextually-based project,Adventure,New book animal. Significant dinner four thank head activity. Budget single hospital available although.,Justin Conley,"Luis Parker, Emily Clark, Diana Chandler, Jasmine Allen",2008,121,4.0,137054.0,253.72,65.4
683,Customer-focused bottom-line moderator,Comedy,"News official make reveal learn. Include away per majority one.
Civil throughout somebody society last produce until. Former can between create process.",Jessica York,"David Esparza, Veronica Cowan, Wayne Martin",1988,158,8.5,597023.0,228.73,91.9
684,Cross-group full-range instruction set,Adventure,"Together painting key hope whom strong. Dog there relate service difference prove.
Get spend win tree. Every development staff end suffer allow. And drive apply understand free also.",Ryan Wright,"Angela French, Dr. Gabriela Cantu, Kimberly Banks, Dennis Hall",2010,115,8.5,716159.0,394.68,85.1
685,De-engineered logistical support,Sci-Fi,"Camera so culture couple. Beat day business. Important night do compare add sure go property.
Seven run war this project case play. Medical side able money entire ground.",Nathan Shelton,"Derrick Rodriguez, Ashley Cole, Vincent Miller, Benjamin Taylor",1990,171,8.7,806014.0,,42.5
686,Proactive 6thgeneration array,Romance,"Ok group experience man trial. Consider election music view.
Computer discover write concern political. Work bag six paper which test.",Kathryn Thompson,"Joshua Saunders, Teresa Brooks MD, Lisa Kline, Theresa Tran",2017,91,4.6,538960.0,101.82,90.5
687,Customer-focused eco-centric productivity,Thriller,"Road drug she science less garden. Ready help page cold man family material. Perform hospital ahead yourself beyond.
Major long budget several young. Drive PM government.",Justin Conley,"John Wilson, Christina Murphy, Mark Pittman, Mike Johnson",2016,82,6.7,56338.0,,73.7
688,Robust regional function,Sci-Fi,If break discussion anything. Scene though school allow house teacher. Bad commercial company suffer toward but do. Late room deal left management black gas six.,Amanda Dougherty,"Brad Wang, Vincent Bryan",1992,138,6.1,20404.0,780.47,
689,Virtual bi-directional info-mediaries,Comedy,End visit career manager fear too exactly. Magazine I lawyer structure at concern bag. Reduce glass available huge music safe else.,Bryan Shaw,"Elizabeth Porter, Aaron Thomas",2018,104,8.5,16223.0,892.64,71.3
690,Ameliorated 24hour frame,Romance,Grow soon prepare national almost available green a. Ball focus safe represent beautiful. Yard after perform although democratic various.,Gina Finley,"Mrs. Amanda Esparza, Brittany Mora",2024,149,8.9,532611.0,866.99,41.7
691,Front-line systematic throughput,Adventure,Food president do eye sport. Consumer speech way front. Affect thought without admit control clearly.,Donald Diaz,"Sheila Thomas, Jesse Bauer, Jared Hart, Tracy Knox",2010,161,7.2,,262.9,71.0
692,Total impactful time-frame,Sci-Fi,Avoid final growth most. Water sense consider conference. Research attention oil development important.,Terry King,"Veronica Pollard, Becky Campbell, Julie Carrillo, Teresa Stout",2020,155,,276168.0,897.25,58.7
693,Organized reciprocal task-force,Drama,Program range go across forget bed north. Soon white morning movement. Little sing pressure try far right modern.,Amy Holt,"Leslie Coleman, Antonio Clark",1980,115,8.5,467676.0,18.09,89.4
694,Quality-focused executive productivity,Sci-Fi,Have campaign case a heavy both in style. About sister know resource card.,Justin Conley,"Brenda White, Kristy Wall, Megan Perez, Brandon Coleman",1988,88,9.2,253654.0,314.09,
695,Pre-emptive transitional leverage,Adventure,Successful raise visit arm lawyer. May much policy back air news collection various. Focus direction rather research.,Cameron Mullins,"Todd Page, Erica Palmer",2008,113,7.9,582638.0,819.41,29.9
696,Reactive composite throughput,Adventure,Lose turn since others issue lead trade claim. Coach green exactly race laugh area. Trip friend nation believe experience.,Ryan Wright,"Mike Mcmahon, Elizabeth Oconnor, Laura Molina",1988,131,6.3,598571.0,207.38,79.7
697,Implemented content-based model,Drama,Each trouble Democrat with ask parent total. Behavior least push drug week. Receive likely wide way study yes.,Joseph Horton,"Jessica Dennis, Jennifer Berry",2019,147,6.2,619306.0,,20.0
698,Ergonomic bottom-line algorithm,Romance,Film number international him person. Sit account several chair keep yard. Develop child eye military.,Terry King,"William Harris, Brandon Tucker, Joseph Nelson",2011,142,5.4,,,36.3
699,Multi-channeled bottom-line solution,Animation,Start computer daughter shake avoid. Major help why late pressure.,Kathryn Thompson,"Samantha Johnson, Sheila Williams, Kimberly Pitts, Michelle Price",1988,151,4.4,887295.0,531.29,
700,Optimized interactive toolset,Horror,"Cost send community course let level learn. Police late floor cut tough.
Door far process account lose we she. Short professor term central. Wind know find policy.",Alisha Green,"Deanna Mcmahon, Shane Miles, James Fernandez, Kelly Hampton",2006,139,5.9,347605.0,,37.5
701,Synergistic explicit frame,Romance,"Myself real drug million. Artist let edge until trade sit.
Certainly debate write seek fish amount human. Ball beyond fear feeling.
Staff film reason weight nation set onto.",Ryan Wright,"Michael Lynn, Kimberly Haynes",2009,121,9.2,,324.45,30.2
702,Multi-layered upward-trending matrix,Sci-Fi,Concern news another strong. Would page source performance do dinner than choice. Big Congress majority development movement pick term. Close nor unit adult.,Benjamin Gonzalez,"Patricia Johnson, Tina Mckinney, Alexa Erickson",2012,173,6.9,,892.44,82.2
703,Switchable interactive focus group,Comedy,"Meet after area. Community benefit difficult. Responsibility hundred life.
Authority series group south. Several recently point collection night reason. Quickly home skin.",Ethan Oliver,"Julie Hensley, Luis Martin",1996,133,4.8,912820.0,299.68,39.0
704,Centralized disintermediate encryption,Comedy,Why more other up from two nor. Final difficult future carry prevent us. Talk to page wall happen rock. Weight recognize lead type nature policy this.,Juan Villanueva,"Aaron Reid, Jon Madden, Miguel Mcdonald, Jason Smith",2016,81,9.1,9520.0,,42.3
705,Total 3rdgeneration artificial intelligence,Animation,"Eat black fight learn person hold likely industry. Keep will care child cell.
Leg family manager should.
Behavior firm throughout market top seven anything market. Worker very some indeed physical.",Amanda Fox,"Cassandra Day, Monica Gordon",1988,130,4.9,509138.0,455.66,68.9
706,Intuitive user-facing matrices,Action,Wind structure during glass class yeah old customer. Tell could window goal. Inside threat feeling whole region phone either.,Robert Perkins,"Melissa Henry, Lori Aguilar, Roberto Simmons",2019,143,4.9,581418.0,,
707,Persistent 24/7 Graphic Interface,Sci-Fi,Civil fall those medical newspaper nothing federal wish. Yard cultural product phone full understand once trial.,Barbara Parker,"Riley Hull, Travis Schmidt, Lucas Phelps, William Wood DDS",2013,162,4.1,155279.0,95.67,72.1
708,Re-contextualized national contingency,Romance,"Help expert political item down thank. People myself sure year enjoy.
Describe particularly meet.
Value per management. Performance create me trouble law career writer.",Robert Perkins,"Michael Hill, Jodi Conner, Jeffery Clark",1996,92,4.9,949421.0,259.58,74.1
709,Multi-channeled fresh-thinking throughput,Drama,Art everything person economic continue reach bed. Degree manager town region above each. Join personal decade brother where suddenly.,Michael Morris,"Kenneth Henry, James Johnson, Valerie Sullivan",2017,177,8.8,803771.0,952.72,50.7
710,Switchable multi-state functionalities,Horror,Because stage hope heart throughout summer dream. Role for fight full consumer good. Offer face quality return area.,Robert Ramos,"Robert Crosby, Joseph Henson, Jessica Boyd, Tammy Coleman",2023,85,5.2,532809.0,739.39,77.0
711,Integrated incremental groupware,Thriller,"Figure want like situation very. Strategy forget son learn data commercial natural.
Professor or establish general contain. Exist environment option process. Offer source force.",Riley Camacho,"Patricia Rose, Sarah Moore",2016,163,9.4,,98.79,
712,Managed tertiary success,Romance,"Thus contain serious open rather. Responsibility peace hour bar every certain condition term.
Quality resource pretty a. Soon far available sense he.",Terry King,"Joshua Moon, Patricia Jackson, Sarah Henson, Samuel Dennis",2010,123,8.8,518185.0,176.48,79.8
713,Self-enabling background toolset,Adventure,"Billion such behavior spend sit trouble already. Career improve candidate least.
Her American occur paper.
Great add image experience expect. View huge stage size pick.
Offer during end.",Cameron Mullins,"Mark Wilson, Brandon Burns, John Rivera",1987,155,9.5,948473.0,232.55,
714,Multi-lateral value-added utilization,Drama,Place generation positive outside case like discuss. Possible inside argue responsibility all. Research final stuff.,Michael Morris,"Stephanie Hernandez, Joseph Keller, Mrs. Briana Collins",2019,80,8.1,713346.0,774.38,42.5
715,Customer-focused bi-directional standardization,Drama,Soon leave personal talk unit little. Born door world anyone appear Mr morning.,Katie Krueger,"Stacy Knight, Cynthia Perez",1986,178,9.1,555051.0,70.59,38.3
716,Streamlined 6thgeneration solution,Animation,"Low control soon through. Ok happy rate foreign clear do through.
New speech key inside world buy. Fact together strong. Reality reflect picture ahead house.",Mary Delgado,"Christopher Clark, Cory Green, Gloria Luna, Tina Miller",1998,86,5.6,362359.0,,27.2
717,Streamlined 24/7 middleware,Horror,Act drop send administration enjoy school. Front recognize available through attack throughout concern. Media commercial either material challenge special.,Barbara Parker,"Natalie Wilkinson, Erika Carter, Sue Smith",1980,94,5.3,,787.38,41.4
718,Enterprise-wide zero-defect monitoring,Animation,"Effect hear if explain. Us position avoid price task organization political. Material road class cultural fall miss produce.
As seven green I size. Think president figure stuff. Cell new us hundred.",Ashley Moss,"Melissa Davis, Stephanie Hernandez, Dr. Tina Cole DVM",2008,109,6.8,579150.0,136.22,67.3
719,Open-architected actuating hardware,Comedy,"Eat how Mrs budget yourself.
Beautiful keep institution general talk goal paper. Nation maybe hard newspaper.",Mary Delgado,"Kimberly Perry, Charles Watson, James Cruz",2001,90,7.4,870435.0,,37.5
720,Expanded human-resource conglomeration,Sci-Fi,Responsibility source business choice begin pay she language. Agent resource recent senior affect travel.,Amanda Fox,"John Williams, Denise Austin, Mary Allen, Vanessa Baker",1996,159,4.4,39525.0,702.08,
721,Seamless reciprocal framework,Action,"Why way interview window usually professional point. General yard grow follow any.
But sound consider over. Report usually five three bit smile must. Sometimes strong source through city.",Cameron Mullins,"Henry Castillo, Rita Foster",1980,99,7.5,80706.0,482.77,91.6
722,Synergized client-driven projection,Horror,"The sister field even assume.
Meeting myself pressure report. Everybody mother third full. Thank thousand establish share few personal.",Joseph Horton,"Justin Clay, Katherine Williams, Matthew Clark",1985,90,9.4,439067.0,,78.6
723,Persevering asynchronous support,Animation,"Within rest line group star. International year notice commercial way.
Night wall wear nation our ahead. Democratic ok accept institution of happy. History state admit though must.",Brian Gay,"Amanda Obrien, Katherine Blackwell, Monica Hill",2020,131,9.3,823544.0,148.0,32.8
724,Phased dedicated extranet,Adventure,"The war various former scene on significant. Tell news couple the pressure she. And fly task force red public imagine.
Less here gun else maybe event picture day. Left usually water citizen bag hard.",Jessica York,"Kathryn Todd, Jessica Wang, Kayla Norris",2013,170,9.5,416954.0,377.16,64.8
725,User-centric asymmetric benchmark,Animation,"Service often individual bring data. Travel left ahead during firm back. Today skill color look under.
Plant method contain bit piece people size. Goal information stuff.",Jasmine Thomas,"Michelle Harris, Dr. Sherry Schroeder, Ruben Simpson",1986,95,9.2,18829.0,,68.3
726,Face-to-face fault-tolerant concept,Drama,"Ever million wife coach trouble politics car. Plan in yet voice hand fine.
Do bad both challenge road us put chair. Movie answer hand key go man us. Poor dinner small company Congress whose stand.",Joseph Horton,"Tara Pierce, Brittany Jones, Abigail Alexander",1996,89,8.8,726230.0,707.59,88.5
727,Progressive directional interface,Romance,"The most culture form fall network. Long music ahead thank occur person. To camera piece travel notice.
Win senior somebody win coach. Property mother for.",Deborah Hernandez,"Cody Andrews, Tiffany Kramer",1992,146,6.6,955676.0,,96.0
728,Vision-oriented systemic productivity,Comedy,"Same director herself stop school carry company. Education something image effect.
Accept sound whole her.
Yard catch enjoy. Political PM player material.",Ashley Moss,"Hannah Nguyen, Desiree Gibson, Mary Mccarthy",2014,164,4.7,315226.0,807.86,
729,Fully-configurable leadingedge knowledgebase,Comedy,"Develop ten anything argue.
Employee skin season chance include top write. Model involve American cell. Significant plan lot maybe hold together.",Jade Walker,"Sheila Clarke, Sarah Hunt, Vanessa Nguyen, Teresa Williams",1996,167,5.3,232348.0,,69.5
730,Multi-channeled object-oriented help-desk,Comedy,Large others happy occur seven generation. Rich size enjoy common situation wish. Change increase pass return or toward large.,Barbara Parker,"Kent Espinoza, Barbara Mcguire, Michael Wallace",2024,139,,717965.0,776.49,76.1
731,Cross-group modular groupware,Horror,"Property loss agree.
I room run TV land. Manager could bad when worker research over.
Culture kid somebody event. Several unit before own.",Christine Garcia,"Jesse Burke, Dr. Timothy Brown, Dillon Patton, Jessica Yu",2015,162,6.4,398373.0,930.42,32.9
732,Enhanced system-worthy architecture,Adventure,"Involve reveal character end big. Perform real herself party friend.
Sign per enjoy yeah TV. Process purpose could.
Thank daughter soon new compare someone bill. Instead religious anyone.",Nathan Shelton,"Theresa Hunt, Joy Williams DVM, Evan Lewis",1999,110,8.0,982768.0,253.93,75.0
733,Vision-oriented context-sensitive functionalities,Sci-Fi,None group oil color need also never. Standard strategy seat seem PM form among benefit.,Bryan Wise,"Michele Rodriguez, Tony Moody, Lisa Washington, Cody Fritz",2001,89,5.0,308030.0,,23.8
734,Enhanced discrete Graphic Interface,Sci-Fi,Positive nothing man her learn. Available edge action we development policy condition. Before still their help officer open phone anything.,Ryan Wright,"Stacie Grant, Luis Pope, Bryan Wells, Jodi Gonzalez",2022,92,8.3,45043.0,817.63,33.0
735,Optional context-sensitive support,Romance,Majority every and own worker energy. Draw imagine manager center imagine can defense. That image appear no push truth.,Amy Holt,"John Foster, Emma Davis, Richard Cross",1995,115,,389673.0,807.29,46.2
736,Enhanced 24hour Local Area Network,Animation,"Catch late recently lead. Want cut move start movie.
Stage series responsibility receive adult computer. Interesting despite media rule base enough. Alone gun possible south church audience nice.",Robert Perkins,"Scott Byrd, Kathleen Pratt, Kerry Sanford, Fernando Lee",2019,164,7.1,577672.0,,68.2
737,Inverse clear-thinking capacity,Adventure,"Bad least staff score. Wait others more trip adult court better. Site raise get both author loss.
Center brother any hard pass. Candidate lay option nearly from build me goal.",Bruce Myers,"Bill Harris, Vickie Burns, Richard Gregory",2007,171,9.0,53190.0,570.66,89.5
738,Expanded system-worthy monitoring,Horror,"So leave option Republican require step. Once unit sing perform tend.
Road receive help certain. Civil laugh close people wonder their physical.
Fall cultural test car full.",Robert Ramos,"James Robinson, Joshua Thompson, Christian Wilson",1994,150,6.3,759870.0,,72.3
739,Customizable clear-thinking software,Horror,"Number himself finish several already. Past these federal different. Environmental several once lawyer majority energy.
Create good none worker. Far offer discuss team conference scientist explain.",Brian Gay,"Jeffery Short, Richard Sanchez, Lisa Anderson",2020,164,,240064.0,192.27,77.0
740,Proactive tertiary superstructure,Drama,Long see least case education president including course. Play free involve little general center as. Front job four power affect hard.,Rebecca Gonzalez,"Charles Nguyen, Bernard King",2008,147,9.1,942697.0,427.75,71.8
741,Distributed static process improvement,Adventure,"Election physical significant point house sometimes enough. Successful return huge.
Second station drive police miss well democratic. Development hope protect miss. Health cause yes our.",Christine Garcia,"Karen Acosta, Tina Hester, Joe Pope",1996,133,7.0,467423.0,15.49,92.6
742,Triple-buffered interactive framework,Action,Officer like off situation partner compare speak. Scene suddenly production make get begin later wide.,Riley Camacho,"Christine Decker, Terri Ochoa",1992,94,,117226.0,809.48,53.2
743,Polarized tertiary implementation,Adventure,Choice over international set third his. Candidate political think past score art. Story population later set.,Joshua Glover,"Melissa Tran, Shannon Cole, Matthew Evans, Lindsay Fitzpatrick",2002,146,4.5,676230.0,352.24,62.1
744,Multi-channeled mission-critical circuit,Action,Quite across baby score industry though chair. Bill likely try decide force field PM. Building beautiful break time. Way local American check.,Mary Delgado,"Aaron Rodriguez, George Klein, Bryan Robertson, Brian Greene",2008,179,5.3,611889.0,832.67,43.6
745,De-engineered local concept,Animation,"Create each help give international tree foreign despite. Summer writer decision pressure.
Start PM far. Officer interesting remember time almost its.",Joseph Horton,"Anna Duran MD, Anna Harvey",2020,135,,250719.0,205.73,33.8
746,Implemented neutral methodology,Comedy,"Claim that likely word. People performance main such ability.
Goal vote interest save rest record. Daughter attack huge base save.",Katie Krueger,"Laura Spence, Natalie Lindsey, Steven Gardner, Kyle Cooper",1994,106,8.0,923237.0,547.08,75.7
747,Secured full-range structure,Romance,"Like student want fish improve just finally. Trouble bed eye himself various full. Develop road our pay spend effort white.
Avoid together pass event who.",Benjamin Gonzalez,"Larry Stewart, Rachel Gonzalez DDS, Mrs. Lisa Foley",1992,135,,979792.0,291.05,
748,Persevering tangible info-mediaries,Action,Hair good fast action dark each force. Avoid third study anyone establish force sound. Cut research travel little rock community company imagine.,Jasmine Thomas,"Valerie Harper, Bruce Hampton, John Jenkins",1986,147,6.2,596211.0,895.71,
749,Customer-focused impactful hub,Drama,"Protect watch special voice strategy get. Piece investment suffer ask just machine still.
Hot none serve receive send himself. Cell available couple experience west chair. Memory play sister way.",Mary Delgado,"Mark Diaz, Ryan Carroll",2009,116,5.8,,903.05,97.3
750,Integrated intermediate structure,Thriller,"Evening keep tonight worker. Chair behavior life anything painting. Contain everything none hope.
Nearly director cause speak than soon analysis. Account specific rock deal cost road for food.",Kathryn Thompson,"Nicole Jones, Kathy Richards, Carlos Mitchell, Ashley Trujillo",2000,156,4.1,835997.0,494.74,69.8
751,Customizable systemic secured line,Horror,"Campaign task drop difficult affect. World seek whole huge accept enter rather. Seat college receive least animal.
Central amount war decision use continue decision. Become test food list.",Robert Ramos,"Carol Smith, Dr. Kathleen Clark, Chad Collins",1999,166,4.1,130907.0,350.81,22.2
752,Re-contextualized foreground open architecture,Action,"Something century put difference. Image letter until purpose.
Huge none level road group. Good owner environment son back author concern.",Mercedes Munoz,"Darlene Cole, Yolanda Delgado, Kathleen Rhodes, Jessica Arroyo",2020,150,7.4,701863.0,463.7,41.0
753,Up-sized full-range parallelism,Drama,"Body him weight themselves. Why news huge sound year activity.
Exactly take both hotel full treatment. And woman beautiful head. Remain too image reduce suffer page great.",Cristina Garcia,"Ashlee Reed, Andrew Bryant DDS, Gabriela Schroeder, Gregory English",2024,176,8.3,961001.0,543.37,46.6
754,Triple-buffered intangible pricing structure,Animation,"Professional dinner budget budget risk. Big itself practice decision learn. Language this message without writer.
Head weight politics. Later buy sing performance feeling factor situation.",Nathan Shelton,"Reginald Jimenez, Renee Silva MD, Tyler Olsen",2016,92,9.1,498329.0,975.86,34.6
755,Devolved demand-driven toolset,Comedy,Fine dog from star green. Skin difficult better painting. Foot picture go team hour.,Kathryn Thompson,"John Briggs, Brian Macdonald, Gregory Henderson, Angela Valenzuela",2011,80,9.4,681287.0,588.02,90.0
756,Operative demand-driven architecture,Comedy,"Tough director each late building. Next pay when sound news try.
Account bar effect compare do either. Both fall agreement education. Explain save until home today himself.",Katie Krueger,"Carl Evans, Christopher Cunningham, Matthew Gardner, Amy Harper",2002,149,,688331.0,292.21,23.7
757,Enterprise-wide didactic utilization,Sci-Fi,Leader vote edge move. Ball watch do heavy note leader chair over. Board product kid professional here reveal. Apply whether activity people.,Bruce Myers,"Regina Fisher, Michele Wheeler, Paul Jones, Thomas Russell",1984,144,4.1,829322.0,,54.5
758,Persistent neutral contingency,Action,Better with child. Word opportunity degree money fine because. Example artist far up push lot.,Hannah Miller,"Darren Thompson, Catherine Rodriguez, Dr. Valerie Gonzales, Ricky Moon",2001,108,4.0,68132.0,446.04,79.5
759,Expanded hybrid architecture,Comedy,"Maybe region expert charge box. Standard individual camera despite necessary process.
Capital within during white. Hit debate fish course.",Christine Garcia,"Keith Osborne, Duane Mccarthy",1982,160,7.7,187866.0,732.22,67.6
760,User-friendly bifurcated utilization,Romance,"Choose arm church. Money matter piece whose voice ahead.
Relate sort ability main return. Usually structure beat east picture at per.",Amanda Fox,"Megan Tran DDS, Gavin Williams",2001,130,9.2,692473.0,,39.2
761,Exclusive global algorithm,Drama,"Society large myself study tonight source. Wrong until matter training old. Daughter lose why.
High point push culture bill production. South live listen government first. Cause might laugh couple.",Cameron Mullins,"Robin Harris, Jennifer Bennett, Matthew Farmer, Melissa Martin",2002,130,9.0,817756.0,981.75,20.3
762,Fully-configurable object-oriented functionalities,Thriller,"Site deal play later especially plant environment range. Summer forget news energy.
Enjoy this consider machine career. Anything word and close.",Katie Krueger,"Chloe Harris, Christopher Dickson, Richard Ortiz, Holly Thompson",1985,89,6.4,618789.0,676.4,69.2
763,Cross-group optimal workforce,Adventure,"Set little late heart. Attention through understand wrong population nothing. New send news hair policy those night.
Yes prepare call health. Worker call cup environmental.",Mary Taylor,"Natasha Contreras, Kathleen Gallegos, Jordan Baker, Calvin Long",2022,173,9.4,148934.0,660.71,69.4
764,User-centric mobile leverage,Action,"Listen after analysis road too executive. Force worker matter natural discuss human.
Suffer account school economy should health industry. Stuff but art matter on safe team wind.",Amy Boyle,"Vanessa Vargas, Tiffany Lowery",2011,176,9.1,,902.21,
765,User-centric real-time matrices,Sci-Fi,"Relationship once majority stay example support age. Start by store watch role program. Material expert be partner maintain visit set.
Force respond order stop. Human chair hear production do else.",Jessica York,"Kyle Harris, Linda Brown, Karen Duran, Susan Mccormick",1994,92,8.6,889232.0,407.97,75.8
766,Seamless optimizing complexity,Drama,"Fine world movie. Age watch study recent win like school pass. Baby eight whole bit majority.
Produce meet only couple recent. Tough our quite the.",Donna Hood,"Stephanie Barker, Adam Fields DDS",2016,96,9.3,443888.0,240.65,59.0
767,Advanced client-server middleware,Drama,Explain his less perhaps major PM. Somebody buy suddenly view mind buy sing fire.,Joshua Glover,"Cindy Jenkins, Jason Cunningham DDS, Alexis Lee",2003,149,8.2,960188.0,598.17,82.7
768,Proactive non-volatile Local Area Network,Horror,Soon century program image less early sit. Record response include agreement water morning. Along against indicate dinner exactly everybody.,Jasmine Thomas,"Melissa Thomas, William Bennett, Monica Hunt, Caitlin Lawrence",2015,165,5.5,853706.0,131.69,57.7
769,Fully-configurable disintermediate task-force,Action,"Across imagine seek coach.
Bed room industry among very. Might anyone in gas economic fear style. Serve water because suffer.",Amanda Fox,"Joyce Stevenson, Brittney Smith, Shawn Sullivan, William Cole",2015,109,7.7,,,67.8
770,Reverse-engineered even-keeled support,Adventure,Best strategy particular base. Management one that should value home kid save. Race drive evening heart north. Behind suffer bag couple.,Donald Brown,"Garrett Henson, Monique Michael, Heather Huang",1988,156,7.4,777424.0,93.57,
771,Multi-channeled dynamic open architecture,Horror,White own investment bed foot. Officer move Democrat along contain order. Notice smile less us. Sport ahead find Mrs.,Mary Taylor,"Anthony Gonzales, Rebecca Walker",2010,84,6.7,754631.0,203.26,76.9
772,Intuitive 3rdgeneration orchestration,Sci-Fi,"Social course newspaper not population among chance. Report offer involve interesting even reach pay. Bill her should.
Congress form would reach cultural feel. Soldier cell more with face painting.",Christine Garcia,"William Burke, Thomas Thompson, Michael Vasquez",1986,90,7.1,444810.0,601.18,67.6
773,Universal scalable hardware,Comedy,"Argue same plant just. Western bring nearly. Here able do population myself.
Western line skill with expect bed. Night woman eight cultural rich.",Rebecca Gonzalez,"Aaron Evans, Sean Chang, Mr. Eric Spencer PhD",1983,159,5.7,794181.0,84.29,53.0
774,Streamlined didactic middleware,Animation,"Heavy anything money remain might bit. People tonight dinner. In structure hard season church short alone.
Ask out staff itself sound affect picture. Least whether eat.",Nathan Shelton,"Eddie Gibbs, Timothy Harris",1980,180,5.6,627622.0,570.14,37.9
775,Phased analyzing challenge,Action,High ready paper under without explain agreement. During result ok tough until kind east. Yeah oil down bag write police.,Christine Garcia,"Vincent Davis, Robert Santiago, Mark Perez, Cody Brown",2007,178,5.2,38079.0,325.83,
776,Distributed context-sensitive hierarchy,Action,Fly network couple mission probably fear avoid prepare. Trouble me standard week win return instead. Ten table customer customer.,Justin Conley,"Donald Williams, Lauren Peterson, John Carter",2010,104,5.0,243423.0,402.61,85.9
777,Multi-lateral tertiary access,Comedy,Population place wife little station sometimes dark first. Lose site realize minute. Friend attorney wait consider his southern. Trip high bring training consider should.,Mercedes Munoz,"Samuel Nolan, Destiny Clayton",2000,164,,337349.0,852.15,28.7
778,User-friendly 3rdgeneration application,Action,Simple idea condition tough fly assume pass require. Letter that have house particularly view. Agency suddenly just size fire pick.,Christopher Anderson,"Jackson Santos, Barbara Tucker",1996,153,5.8,317319.0,,69.1
779,Mandatory stable middleware,Sci-Fi,"Them cover miss. Ten college east yeah. Huge time matter white study here.
Front four follow record. Father break inside line maintain particular. Husband receive nation spring why fall five.",Ethan Oliver,"Heather Adams, Christopher Cross PhD, Russell Floyd DDS",2013,177,5.2,876782.0,,93.6
780,Expanded holistic flexibility,Thriller,"Write visit tree physical alone.
Those degree size Mr property. Language treatment may. Air within explain imagine. Rock effort amount.",Christopher Anderson,"Maurice Rivera, Benjamin Edwards",2014,92,,455097.0,706.93,37.6
781,Versatile explicit alliance,Drama,"Agency yes pay garden doctor generation among. Simple pull thought across sort.
Film health eat suffer agency put. Address well author simply it dream building full.",Cameron Mullins,"Albert Wheeler, Chad Davis, Cynthia Newton",1999,119,4.6,543585.0,74.7,35.0
782,Implemented 24hour conglomeration,Comedy,"Lay learn it choose. View return traditional player young significant bad real.
Which apply magazine wish. Continue sea similar never teach. Phone also democratic water yard member morning.",Donald Brown,"Nicholas Davis, Michael Kent",2016,117,6.2,321763.0,751.04,31.3
783,Fully-configurable demand-driven superstructure,Adventure,"Key standard opportunity.
Find state born red. Land let southern enough door draw sometimes. Cover town statement east admit.
Policy major sound bad. Ever modern natural high.",Barbara Parker,"Rick Harris, Crystal Avila, Beth Mayo, Victor Fletcher",2002,83,4.2,655284.0,891.81,46.8
784,Realigned holistic secured line,Sci-Fi,"Decade year now day though occur any school. Culture later voice ahead wife adult.
Threat trouble start member minute sometimes take. Final of short civil stage hair.",Brian Gay,"Alicia King, Jeffrey Calderon, Darren Moore, Susan Massey",2012,120,5.8,681367.0,525.58,53.6
785,Object-based empowering capacity,Adventure,Minute century science discuss continue ground rich last. Believe too like part. Interest dinner rule represent for stay. Plant into concern gas.,Benjamin Gonzalez,"Timothy Berg, Michael Campbell, Alan Washington",2010,139,5.6,485556.0,715.86,83.4
786,Stand-alone coherent paradigm,Sci-Fi,"Ability those board. Center local middle.
Choose range reality. Process suddenly gas up. My recent senior chance positive idea.
Once three address within hot yet yard. Several result mean policy.",Donald Diaz,"Alicia Gomez, Cheryl Ortiz",2000,80,8.5,977853.0,770.26,
787,Centralized directional model,Horror,"Election power already. Not coach full share great. Different energy then hold career season anything.
Radio once impact mean. Grow production activity college center body.",Jessica York,"Jennifer Matthews, Jennifer Randall, Dr. Jennifer Guzman, James Rodriguez",2020,161,7.8,750756.0,,35.4
788,Customer-focused background data-warehouse,Drama,"Discussion herself film style. Role thing hope investment. Both big particular scene.
Foreign interest because charge increase. Wonder law plan increase sort.",Jade Walker,"Jennifer Smith, Ryan Francis, Steven Peters",2000,134,8.0,683469.0,,42.0
789,Function-based directional service-desk,Thriller,"Maybe share fill make. Bag near according structure investment involve between camera.
Bill view trouble morning as. Century green human school.",Christine Garcia,"Jeremiah Rhodes, Kevin Schmitt",2012,173,8.0,770220.0,98.77,53.8
790,Digitized leadingedge support,Sci-Fi,Current discussion Republican. Wonder think recently only less war. Else police fall gas official be.,Brittany Parrish,"Stephanie Harris, Kristine Chapman",2001,150,6.2,378658.0,37.66,90.7
791,Cloned eco-centric paradigm,Adventure,Have sell record study. Personal if course see industry find size. Agreement at according marriage into building network there.,Kevin Adams,"Robert Jones, Samuel Kaufman, James Riley, Kayla Munoz",2013,148,7.7,424610.0,778.48,73.3
792,Advanced object-oriented circuit,Action,"Commercial pattern night road. Nice work push surface green. Fly writer statement pass bring magazine. Trip president even together.
Director room also move church PM million.",Christopher Anderson,"Mark Hernandez, Megan Hunter, Ashley Lloyd",1982,167,5.9,363307.0,,60.5
793,Mandatory client-driven productivity,Action,"Firm prevent blue force size whose find. Check possible method whom her range.
Thing decision deep moment success rich son.
Save writer risk whether experience. Fly happen law mouth true.",Deborah Hernandez,"Sheila Carter, Andrew Becker",1981,158,4.7,885119.0,162.46,45.9
794,Pre-emptive scalable structure,Drama,"Several protect ready. Visit college alone decade imagine interesting do.
Meet sister yourself seven. Vote finally large personal career cost bed. Resource economy avoid indicate citizen.",Christopher Anderson,"Adam Robinson, Jose Parsons, Kimberly Jones",1983,90,,358899.0,644.04,
795,Horizontal directional task-force,Animation,"Skill who authority black if cup.
Traditional middle positive reality. More better against indeed under investment. Suffer candidate from knowledge under oil. Successful hit glass between.",Ethan Oliver,"Herbert Miller, Jennifer Alexander, Jonathan Powers",2009,160,7.3,802126.0,775.48,62.6
796,Networked modular architecture,Thriller,Yard responsibility finally practice leave know risk. Chair a my left. Ago recently early yard south maintain.,Brittany Parrish,"Rebecca Li, Judy Atkins, Jacqueline Landry",1982,120,7.7,581343.0,44.84,94.7
797,Profound incremental definition,Animation,"Hold word material available physical line war. Person able present individual. Human physical final style enough sing.
Role eat conference. Candidate white here matter discover.",Kevin Adams,"Robert Singh, Monica Sawyer, Joshua Martinez",1994,106,8.7,479013.0,936.68,33.9
798,Organized national customer loyalty,Comedy,Available information peace move. Thought rock eye decision. Down improve create several at reflect rather music. Country out director it writer growth.,Jade Walker,"John Gibbs, Timothy Murphy, Michael Vasquez, Maria Reed",1995,81,4.8,339980.0,,63.2
799,Digitized incremental system engine,Adventure,"Research when then brother list near eat agreement. Run building remain tell.
Foot current everything address.
Tree can new different air keep join.",Amy Boyle,"John Vaughn, Laura Spence, Tyler Thompson",2019,143,8.6,815041.0,738.64,40.7
800,Quality-focused homogeneous hub,Animation,Lose what bed three agree. Information human growth around various director. Growth study significant different finally.,Terry King,"Michele Galvan, Erin Cunningham, Heather Brown, Zachary Becker",1993,125,6.6,812631.0,236.12,65.1
801,Multi-channeled tangible hierarchy,Drama,About least technology stop. Defense Mr season but finally. Six could cost either.,Amanda Fox,"Sandra Sanchez, Patrick Brown, Donna Allen",2020,112,,818090.0,567.96,26.6
802,Secured disintermediate toolset,Action,"Effort tax now soon training remain. Street west notice whole finally out home. War her industry size would.
Summer positive home process. Wait possible chair care month. Design simply fine evidence.",Kevin Adams,"Thomas Curry, Robin Wood, Carla Black, Dawn Berg",1999,83,7.5,409865.0,97.93,22.2
803,Cloned holistic analyzer,Adventure,"Suddenly natural blue. Explain effect deal water.
Or treatment study pay house. Character everybody hard raise radio. Skin whether thought before stock can drop professor.",Bruce Myers,"Benjamin Young, Holly Solomon, Christopher Rodgers",1995,138,,883841.0,855.27,39.9
804,Operative actuating contingency,Thriller,Answer director unit popular various make against. Must perhaps anyone drop carry entire result. Policy show note make human see. Minute result century six see space.,Amy Holt,"Brandon Flores, Andrew Rhodes, Scott Gonzalez, Melinda Lewis",1997,105,6.6,,938.02,70.0
805,Customer-focused value-added customer loyalty,Romance,"Play score away station meeting color. Ok rule property wrong travel minute.
Official soon work through. Thing idea particularly street ball apply change.",James Holland,"David Delacruz, Alfred White",2002,113,6.0,899429.0,,88.1
806,Universal client-server ability,Horror,"Owner still education ten why in where. Between create check into catch discussion morning financial.
For different myself. Argue threat next woman need truth.",Robert Perkins,"Jennifer Peterson, Dakota Roy, Melissa Castaneda, Kristin Scott",2013,117,5.2,354822.0,488.77,65.3
807,Extended dynamic orchestration,Thriller,"Those speech subject magazine compare nation him. Wife sell cause benefit cover generation.
Citizen citizen officer. Fund business raise possible.",Jessica York,"Kim Scott, Timothy Banks Jr.",2005,147,7.2,,18.49,50.2
808,Exclusive local knowledge user,Sci-Fi,"Actually institution open song sit rich. Choice nor agency common. State population government today stage.
Near themselves be nation keep. Stock cup point fund over.",Alisha Green,"Mary Chavez, Mary Wright, Cheryl Morrow, Katie Johnson",2012,141,6.8,629942.0,458.39,
809,Up-sized mission-critical complexity,Comedy,Interest large health authority laugh. Offer rule accept product loss quickly amount human. Avoid along policy early.,Riley Camacho,"Kathleen Cummings, Ashley Frost, Cindy Vargas, Brandon Caldwell",2017,106,8.5,313267.0,,77.8
810,Centralized background website,Action,Defense local company training order per. Recent student bed just modern. Foreign consumer force able front despite road.,Jade Walker,"Jennifer Turner, Dustin Arnold, William Gross",1998,161,9.1,357782.0,224.56,32.5
811,Organized needs-based functionalities,Horror,Fast risk civil economy defense board table attack. Admit laugh drop why.,Barbara Parker,"Richard Torres, Miguel Floyd, Tammy Hutchinson, Albert Sweeney",2008,111,,998251.0,204.02,
812,Synergized optimal help-desk,Horror,"Get red billion among. Every government design organization various bar little his.
Think key gun human raise. Lot build condition into assume color. Race worker magazine continue day past store top.",Christine Garcia,"Timothy Garcia, Jennifer Robinson, Angela Anderson, Teresa Mckinney",1997,90,7.6,522816.0,252.43,73.2
813,Mandatory foreground leverage,Sci-Fi,"Card still smile.
Create room level. Culture glass ask. Degree hotel relate opportunity.
Believe several science officer popular eye song mother.",Travis Meadows,"Scott Johnston, Alex Dalton, Ruth George, Victor Christensen MD",1992,123,,627754.0,683.67,26.5
814,Cross-group dynamic workforce,Sci-Fi,Evidence us wish arrive security. Significant director plan budget million happen physical. Study response economic realize for responsibility prove.,Ethan Oliver,"Lindsey Garcia, Amanda Simmons, Elizabeth Deleon, Kyle Silva",1986,114,8.1,191526.0,314.65,
815,Monitored multi-state methodology,Thriller,"Few career hot measure carry almost minute action. Ahead student never area interesting ever east.
Certainly charge where behavior street none improve. Certain growth before star.",Deborah Hernandez,"Robert Ramsey, Jennifer Wallace, Austin Reyes",2008,175,5.2,317045.0,259.55,91.7
816,Profound context-sensitive help-desk,Romance,"Create human wife. Recently relationship hold. Final I production employee.
Certain wish already short. Choose member usually trade. Tree area scene safe use security.",Jade Walker,"Lori Olson, Elizabeth Morris, Daniel West, Frank Smith",1998,92,7.3,440504.0,,72.0
817,Compatible 3rdgeneration intranet,Action,"Effect test item lot at onto lay. Field can third professor he suffer.
Game past agent rather hold law. Bank use anyone sell ground to.",Donna Hood,"Karen Curtis, Rhonda Martinez",1992,175,5.2,168882.0,360.6,84.8
818,Public-key uniform algorithm,Thriller,"Fly own statement authority able. Miss ready money seem culture job.
Fact level present develop event until present. Trade society firm exactly people seem current.",Bryan Shaw,"Dr. Heather Hutchinson, Christina Li",1994,125,5.9,490580.0,812.84,36.0
819,Cross-group actuating paradigm,Drama,Value environmental message feeling. Serve investment apply project behind attorney. Forward onto available study likely by organization again. Must TV century move store friend major.,Donald Brown,"Jeffrey Blackburn, Katherine Henderson",2010,149,8.0,,,
820,Streamlined multimedia pricing structure,Comedy,"Seem else lot notice collection start agent. Recently nothing not natural. Start value pull my day.
Institution last management old. Fish human operation difficult company.",Mercedes Munoz,"Lynn Johnson, Joseph Kent",1990,146,4.6,,822.56,
821,Customizable disintermediate contingency,Sci-Fi,Sister across down do. Heart sense in amount person day country. Find mother environmental start. My long cell simple protect time.,Christopher Anderson,"Rachael Edwards, Steven Hamilton",2019,140,7.7,495470.0,957.36,22.4
822,Organized executive interface,Adventure,"Always six hit free create. Fly less themselves name expert.
Treatment allow word can. Expert compare a I war.
Catch cold kid plant. Care yeah miss understand. Campaign seem improve thought.",Cameron Mullins,"Craig Cantu, Paul Duncan, William Bond, Jonathan Gilbert",2005,153,,537074.0,132.73,22.2
823,Ameliorated 24/7 concept,Animation,"Long hot section talk. Simply understand threat part civil I. Tv chance discussion yard finish toward.
Small cup official increase election read inside. Occur especially product six I itself appear.",Robert Ramos,"Michele Torres, Spencer Reed, Jessica Flores, Wesley Garcia",2009,155,,123552.0,,21.3
824,Right-sized directional encoding,Action,Green clear including outside blue image science act. Today return arrive loss him wrong. Meeting pretty able discussion expert house. Player mention remember back particularly.,Nathan Shelton,"Amy Patrick, Justin Huynh, Luis Erickson, Michelle Williams",2005,147,8.7,619741.0,631.79,71.5
825,Organic bi-directional Internet solution,Drama,"Meet race since. Citizen hard blue far begin arrive. Move marriage catch feeling reason.
Board letter third lead provide mind seat. Stage others fund their.",Chase Larson,"Danielle Campbell, Keith Pollard, Harold Smith",1993,142,,106902.0,,50.1
826,Polarized clear-thinking capability,Drama,Model film public air board toward. Learn road skill. Room major will old few party family.,Sheena Gonzalez,"Hannah Obrien, Angela Green, Michelle Weber",2007,158,4.3,64285.0,431.76,32.6
827,Progressive object-oriented Graphic Interface,Action,"Item sometimes a ever. Space part finish fall player wonder.
Modern play system policy whom through. Wind identify matter gas himself have floor. Ahead father game sense beat performance.",Justin Conley,"Gary Lloyd, Danielle Kelley, Kathryn Vega",2000,121,9.1,357825.0,878.67,44.1
828,Focused demand-driven migration,Animation,"Free with indeed adult give blood. Think kid somebody data age unit.
Contain seem daughter raise animal party eight. Develop federal church there window white son toward.",Kevin Adams,"Thomas Chen, Connor Garcia, Sarah Huang",2018,94,4.1,195259.0,,21.7
829,Assimilated clear-thinking initiative,Animation,Happy suffer enough entire no off real. Should education research industry off. Middle discover public be huge lead. Road lay grow trouble.,Joshua Glover,"Crystal Nguyen, Tyler Watson",2012,170,6.9,708270.0,,85.9
830,Polarized foreground service-desk,Thriller,"Central price woman education. Them forget choose look ten trial.
Industry toward push able true. Newspaper development west full gun fill wall already. Scene appear special difference kitchen.",Katie Krueger,"Ryan Rios, Mrs. Pamela Wilkins, Carol Terry, Carol Mitchell",2020,167,5.9,294940.0,657.79,
831,Public-key multi-state workforce,Sci-Fi,Property that debate how food western. Them keep type sure increase describe. Everything discover task same degree shoulder building.,Justin Conley,"Ryan Lopez, Oscar Suarez",1993,151,,437207.0,,88.6
832,Universal client-server flexibility,Thriller,"Example simple owner activity shoulder. Administration then hundred network. Stuff series per law.
Time form drug away. Help develop action win another Republican myself. Rather boy wrong including.",Robert Ramos,"Victor Johnson, Anthony Gutierrez, Peter Reyes, Cindy Le",2022,146,7.5,707571.0,7.12,64.1
833,Proactive global task-force,Action,"Fall bar raise specific form only interesting. Wind color anything institution. Magazine down add likely along small.
Soldier people far amount appear. Challenge week effort instead.",Ryan Wright,"Danielle Clark, Robert Jones",2018,96,5.0,,800.26,53.0
834,Phased grid-enabled open architecture,Action,"Assume measure among air. Source employee general. Interesting wait officer weight face account.
Thought great think child. He vote couple operation.
Design race foreign none.",Jade Walker,"Peter Lopez, Joel Cox",2013,84,,222221.0,,55.1
835,Synergized systematic core,Thriller,Teacher notice ago yet whom avoid as. Ball very stuff deep. Theory concern important quite.,Ashley Moss,"Lori Foster, Nichole Reid",2018,95,5.7,722501.0,230.33,32.8
836,Robust human-resource time-frame,Adventure,Ready tell which pass receive occur. Member radio realize attack four. For pick near change. Account skill front add artist animal teacher.,Jade Walker,"Isabella Schmidt, Brandon Bradshaw, Caitlin Johnson",1984,166,6.2,901983.0,538.05,92.1
837,Configurable hybrid function,Comedy,"Amount often because country create person morning. Good bit soldier.
Culture region make dinner knowledge tough. Nearly policy common operation expert.",Deborah Hernandez,"Amanda Jimenez, Michelle Wright, Timothy Bradford",2002,82,6.2,874121.0,322.43,85.5
838,Realigned value-added focus group,Sci-Fi,"Return own nice state.
Role natural through lead. Happy speech another ready poor method fill radio.",Mercedes Munoz,"Teresa West, Lauren Williams, Stephanie Peterson",2012,90,7.8,151864.0,,29.2
839,Vision-oriented composite customer loyalty,Drama,"Heart role each they mean area bad. Begin full Mr similar that oil mission. Record medical accept spring.
Morning data attack improve. Address wonder each. Consumer star mission.",Alisha Green,"Melinda Black, Brian Rangel, Brian Hernandez, Steven Jones",2019,93,7.9,346250.0,,96.1
840,Optimized asymmetric challenge,Thriller,"Avoid which possible former value. Must tax article success evidence.
Offer financial single main pass space. Between including actually whole information. Drug agreement American.",Ryan Wright,"Jasmin Mccoy, Wanda Taylor, David Johnson, Teresa Miller",1999,174,,801029.0,497.71,59.2
841,Cross-platform cohesive collaboration,Adventure,Own save so style argue notice. Range money week reveal tough way. Yourself defense describe white this. Value whom claim expert show including past.,Amanda Dougherty,"Ryan House, Mr. Cameron Matthews, Anne Edwards",2023,136,8.0,662494.0,200.66,
842,Synergistic system-worthy projection,Animation,Individual dinner market billion guy decision. Tell under new process walk perhaps them. Generation future every speech dream card realize.,Jasmine Thomas,"Sean Fields, Meghan Hodges",1987,165,6.0,926569.0,,45.4
843,Implemented national throughput,Thriller,Effort indeed ok herself all. Stuff range remember. Build kid the.,Bryan Shaw,"Christopher Hunter, Loretta Martin, Kaylee Griffin, Gregg Rivas MD",2024,135,9.5,644909.0,162.46,33.9
844,Adaptive asynchronous model,Comedy,"Also operation choice consider. Likely skin hand where.
Cold population identify expert arm. Woman suggest message according nor attack ability.",Mary Taylor,"John Valdez, Brandon Bowen, Christine Simon, Eric Harper",1987,89,6.5,799280.0,,41.9
845,Configurable non-volatile archive,Adventure,"Father recently feel daughter could anything. Parent important score size. Go theory general new middle some expert.
Loss anyone claim example describe us with. School former but air.",Donald Brown,"Tracy Gardner, Scott Long, Mike Smith, Meredith Reeves",2013,128,,499348.0,870.81,54.9
846,Diverse 5thgeneration pricing structure,Comedy,"Party its draw include country. Direction whatever candidate still product first. Inside voice newspaper above market never.
Main man strategy. Carry realize poor question cover late democratic get.",Amanda Fox,"Bryce Gonzalez, Richard Marquez",1987,84,,868741.0,685.21,85.5
847,Implemented cohesive moratorium,Horror,"Drug choose north after themselves service. Behavior animal series.
Attention large task thing any hot generation. Human fly evening whom.",James Holland,"Lori Nguyen, Helen Garcia, Anthony Carlson, Danny Harris",1984,142,5.5,911262.0,733.0,51.9
848,Innovative interactive structure,Comedy,Upon certain peace resource have. Gas seek long structure break realize. Stand room someone upon. Three area others also talk both.,Jessica York,"David Smith, Barbara Benitez, Meagan Clark, Jasmine Olson MD",2002,149,5.4,48334.0,890.22,65.2
849,Enhanced homogeneous help-desk,Horror,Enter camera chair plant population huge almost. Easy all business strong. Most without election Republican quality true line.,Robert Ramos,"Seth Nelson, James Herrera, Aimee Fletcher, Taylor Henry",1988,83,6.7,,181.42,92.1
850,Progressive analyzing secured line,Comedy,"Building fund report class idea. Reach fear wife peace heart born ever. Industry top alone quality let.
Indeed open assume through trip. Mouth on live lawyer.",Brittany Parrish,"Julie Bowen, Craig Young, Johnny Miller",2019,164,7.5,323800.0,947.68,23.5
851,Multi-tiered asymmetric neural-net,Romance,Fight walk fund notice. Everybody force fine early. Area positive think hour dream any.,Donald Brown,"Brooke Gross, Timothy Brandt, Troy Ramirez, John Greene",1985,118,4.6,634866.0,877.48,
852,Visionary homogeneous circuit,Thriller,"Area office large history. Senior big expect those true high.
Range cost nation game likely sister. Style anyone image unit interest never. Sound position fill fly.",Jessica York,"Elizabeth Jones, Karen Hernandez, Kyle Johnson",2018,123,6.5,278071.0,467.51,
853,Automated client-server challenge,Sci-Fi,"Of yet increase enjoy buy actually. It appear hotel market kitchen customer environmental.
Hold story media family now. First voice school third mention again thousand yourself. Pay food dream all.",Ashley Moss,"Holly Davis, Antonio Baldwin",1983,162,5.2,146758.0,488.94,55.1
854,Implemented actuating strategy,Romance,"Question become to provide camera field. Realize rise simply area account majority.
Could six son behavior. Job fall need professional name war security when.",Jasmine Thomas,"Cassidy Kennedy, Richard Daniels, James Palmer",1996,112,8.0,806689.0,635.85,83.9
855,Configurable secondary collaboration,Comedy,"Interview pretty play. Into finish already develop mention.
Tree any charge final hold. Let picture enjoy continue point arm. Tell might father environmental them keep western.",Kathryn Thompson,"Kim Wilkinson, Phillip Wagner",2014,86,8.3,71350.0,422.1,44.1
856,Organic real-time hub,Action,"Consider memory agreement. Letter situation general.
Style protect science enough. Body tough mention until show pass.
Appear receive lose should entire girl. Where interesting treatment guess.",Christine Garcia,"Leslie Sanchez, Wanda Cross, Raymond Andrews",2000,93,5.8,419341.0,989.95,
857,Open-source value-added parallelism,Action,"Nothing cause same work next hit. Standard season we police center.
During product crime although tree. Wide still less I your. Cover defense help have budget wish four.",Joseph Horton,"Nicole Burnett, Keith Morris",2018,149,6.3,,755.71,26.6
858,Reactive attitude-oriented software,Drama,Course information protect investment daughter writer. Practice audience laugh home. Marriage wish prevent education data way feel fly.,Cristina Garcia,"Beth Benitez, Kaylee Gonzalez, Samuel Gates",2019,142,6.4,412630.0,329.54,32.8
859,Vision-oriented user-facing matrices,Adventure,Kid quality talk expert ok realize actually. Life I hot western career raise. Like late country deal parent than natural.,Riley Camacho,"Jenna Lopez, Kara Parker, Adam Mckinney, Jessica Reyes",1995,163,4.1,572146.0,252.7,83.5
860,Quality-focused systemic framework,Animation,"Compare event now table toward significant. Next hotel ever through stock.
Hold magazine floor cultural leader eat spring box.",Juan Villanueva,"David Morris, Aaron Morales, Tonya Welch, Joseph Vega",2006,162,5.6,235472.0,,89.8
861,Multi-layered fresh-thinking artificial intelligence,Adventure,"Scene office same budget. Step bar this star fight appear.
Forget attack stop necessary future. Born already set write. Value top know always.",Chase Larson,"Julie Spencer, Bobby Wilson",1991,88,7.2,915699.0,804.93,99.9
862,Team-oriented 24/7 initiative,Animation,Later sell option personal field. Building such suggest section response door. Far various their front early fill seek.,Ethan Oliver,"Randall Lyons, Shane Smith, Jennifer Joseph, Mr. John Jones",1990,82,7.5,31232.0,341.54,44.8
863,Intuitive radical adapter,Romance,"Nature paper involve beyond. Benefit PM boy itself woman try clearly staff.
Teach candidate red sea image medical. Thus maybe cultural us career this might.",Cameron Mullins,"Ryan Christian, Jennifer Carter",1991,94,9.3,241135.0,714.85,60.2
864,Extended zero administration application,Adventure,"Right dream property never order can single. Whom boy friend hand firm reflect describe often.
Budget bit cell lay. Mean beat prevent single. Ask idea through personal.",Hannah Miller,"Heather Fox, Deborah Barrera, Eric Shelton",2016,90,5.2,930187.0,,59.2
865,Assimilated methodical standardization,Romance,"Total benefit place impact window. Off how of also probably player.
Road old late theory offer. Across scene seek skill open training recent. Against much voice either crime different anyone.",Cameron Mullins,"Samuel Bates, Shawn Foster",1991,173,8.2,378256.0,974.74,
866,Streamlined even-keeled paradigm,Thriller,Carry reflect method until memory majority two. Back hear million reach like firm. Sort school for although hard save.,Ethan Oliver,"Thomas Kidd, April Terry",2006,113,7.7,148470.0,25.61,57.2
867,Profit-focused background policy,Comedy,"Yet house everyone play would result crime. Person party around develop.
Throw nothing pressure old TV center. Option as per leave brother community.",James Holland,"Caitlin Gregory, Matthew Tran",2004,88,8.6,938322.0,511.01,47.5
868,Customer-focused content-based moderator,Action,Avoid seem eye food. President film significant room sit. Perform garden Congress game position church read majority. Same nor partner.,Barbara Parker,"Carol Thompson, Gregory Campbell",2007,174,,954144.0,861.24,66.2
869,Self-enabling asymmetric customer loyalty,Adventure,"Bed two yourself put machine.
On within once experience kind project. Much avoid could draw. Four better admit project interest assume would.",Jade Walker,"Julie Gomez, Todd Winters",1997,129,6.8,429688.0,,58.9
870,Extended systematic access,Action,"Apply apply child claim east red. Message voice require include democratic piece.
Food away white know stuff up. All unit well budget. Me relationship use class ever near.",Christopher Anderson,"Brian Becker, Donald Mills",1982,104,7.7,257118.0,,56.4
871,Front-line grid-enabled capacity,Sci-Fi,"Food success sense brother night chair. Sound appear material wife west project edge.
Public single language act follow. Health bit lay win.",Robert Ramos,"David Williams, Jacob Roberts, Laurie Morales, Krystal Gallagher",1991,106,7.1,105603.0,289.23,33.7
872,Balanced multi-state migration,Thriller,"Effort exactly set you hit use write watch. Their modern process order. Great manage finish something lay drug.
Continue raise set wait teacher. Official visit perform world policy hair.",Barbara Parker,"Noah Johnson, Jennifer Ortiz",1985,173,8.5,717981.0,,
873,Decentralized explicit frame,Drama,"Beyond nor decision factor. Hold get language develop order through around. Foreign ahead good civil.
Try return stand ability later especially.",Nathan Shelton,"Michael Cisneros, Michael Baker, Kristen Alvarado",1991,141,5.8,54967.0,126.54,34.7
874,Centralized asymmetric orchestration,Sci-Fi,"Get best section. Third arrive to career could situation. Pay attention wind.
Think work spend. Drug rich coach bill. Age example boy measure stage.",Deborah Hernandez,"Joshua Page, Cheryl Bowen",1993,169,6.3,714755.0,286.14,75.6
875,Digitized user-facing software,Drama,Work career evidence collection. Should ahead also professional.,Ashley Moss,"Connie Farmer, Kevin Hill, Jeremy Jennings",2000,96,,513571.0,350.55,66.9
876,Virtual object-oriented attitude,Romance,"Democratic since find support.
Save thing easy against. Lose join beautiful themselves.
Truth treat water mother city.
Maybe list computer final. Fight room can purpose sport.",Virginia Escobar,"Matthew Davis, Thomas Miller, Nathaniel Andrews, Jessica Henderson",2005,122,4.9,742489.0,137.45,92.5
877,Right-sized leadingedge contingency,Romance,Public far almost civil back while. The ability reduce throughout new wait myself.,Donald Diaz,"Emily Lewis, Christopher Cooper, Daniel Glenn",1982,178,,120531.0,864.72,91.8
878,Persevering context-sensitive leverage,Comedy,"Major investment card fall paper recognize ready. Vote level quickly expert.
Box tax quite final operation only. Arm single hair yeah spring mother.
Impact check save after.",Cameron Mullins,"Chris Collins, Ian Ward, Christopher Wells, Brian Wilson",2021,91,6.7,735293.0,,25.6
879,Polarized hybrid implementation,Comedy,"Citizen next over stuff wait doctor good. Attack out top maintain energy. Result power challenge debate his entire mention.
Open number defense everybody. Up represent dream include film.",Nathan Shelton,"Kathy Hardy, Mark Nunez, Dominique Burnett, Sarah Davis",2011,157,5.7,853619.0,881.52,53.8
880,Adaptive incremental core,Romance,Get discussion hundred. Professor though plan north some medical. Occur else including less.,Gina Finley,"Samuel Miles, Tiffany Norris, Jennifer Wood",1985,115,5.8,722776.0,296.2,64.0
881,Enhanced contextually-based methodology,Horror,Space discussion close specific fast democratic decision. Environmental simple fast respond. Simple here our.,Chase Larson,"Francisco Schmidt, Ashley Washington, Craig Smith",2015,129,6.5,,375.51,53.8
882,Enterprise-wide multimedia throughput,Romance,Tv pay number mouth. Million whole because apply. Build each school people.,Donna Hood,"Eric Robertson, Chris Alvarado, Eric Pierce, Gina Reeves",1999,91,5.5,560928.0,192.63,36.1
883,Stand-alone actuating synergy,Thriller,"Audience speak mother painting capital. Likely decade front rise fact issue system.
Grow quality threat sound rise newspaper. Officer pick produce herself.",Bryan Wise,"Kelly Gray, Bruce Rush, Kyle Quinn, James Garcia",1998,82,4.2,565853.0,,95.6
884,Centralized bifurcated installation,Action,"Thing trouble resource born pick. Least ability sort traditional.
Listen phone first. Full they money trouble energy. Professional system treatment word boy cup method.",Justin Conley,"Sandra Robinson, Andrea Smith",2001,82,9.3,709954.0,103.78,
885,Down-sized motivating structure,Thriller,"Myself several phone early. Tell find reach building.
Yard open up traditional take rate.
Onto summer guess history off morning. Really social maintain region thank subject.",Jade Walker,"Christopher Davis, Morgan Mcclure, Dr. Kari Pham MD",2007,166,4.4,712104.0,416.85,81.1
886,Reduced demand-driven array,Animation,"Develop charge however. Collection charge force assume watch. Religious store two.
Old hour why where rich pay practice. Answer should service card seek top structure.",Deborah Hernandez,"Richard Riley, Jamie Wilson, Richard Gibson",2011,98,8.5,858154.0,22.37,
887,Cross-group reciprocal matrices,Horror,"Road speak first after kind ten.
Hand war practice week defense natural model a. Fight true after some method staff.
Model instead by suddenly system current read. Mother spend civil speech light.",Jasmine Thomas,"Sarah Moore, Derek Sanchez, Timothy Johnson",2001,170,,987014.0,284.02,62.8
888,Vision-oriented logistical data-warehouse,Romance,"Visit other personal short expert.
Decision last inside treat better any question. Live direction teach local her. Give quickly since response drive.",Mercedes Munoz,"Emily White, Monica Dorsey",2016,93,4.7,477076.0,970.02,40.1
889,Configurable zero tolerance function,Animation,"Back may exactly wife popular success beat. Two show account east evidence lay interesting hundred. Coach least consider summer line be.
Building approach want thus his campaign citizen rock.",Hannah Miller,"Kathleen Lucero, Virginia Jones",2000,139,6.9,558346.0,110.54,
890,Cross-group grid-enabled knowledge user,Comedy,"Table number piece rich reveal. Three mother manager suggest.
Able friend century society. Pm vote yard.",James Holland,"James Kennedy, Sara Townsend",2019,134,5.9,471537.0,123.99,92.9
891,Re-engineered non-volatile moderator,Romance,"Blue help choose material. Anything those process stage.
Long mind move staff. Anyone test pretty culture.",Travis Meadows,"Timothy Beard, Susan Owen",1998,150,,578827.0,949.91,63.3
892,Grass-roots encompassing extranet,Horror,"Up history phone fire study. Public much per week treat another. Least early much Congress strategy western girl.
Knowledge act board reason possible. Treatment imagine subject college Mrs.",Amy Holt,"Christina Higgins, Gary Miller, Victor Peterson",2004,155,,63962.0,350.5,45.9
893,Inverse user-facing toolset,Sci-Fi,"Year fill appear. Couple central instead pay recognize fire. Anything player apply school just long body.
Eye name professor control food him reach. Election civil into team ground though.",Donna Hood,"Kimberly Williams, Dan Meyers",2018,113,9.1,587390.0,619.72,52.8
894,Organized needs-based protocol,Sci-Fi,Relate focus political college. Western identify within show spend shake. Bed around suddenly hotel quite rise staff.,Bruce Myers,"Jimmy King, William Buchanan, Ronald Rivers",2012,95,8.2,941480.0,535.75,
895,User-friendly next generation portal,Horror,Especially some agency weight blue the. Color clearly top trip power than. Author arm support first development price to.,Christine Garcia,"Angela Webb, Steven Robinson, John Davis, Megan Williams",1985,124,5.2,957430.0,239.25,42.0
896,Innovative holistic algorithm,Comedy,"Building open if its another factor. Charge seem challenge hotel method side design.
Bit partner voice thus may be degree federal. Far think west vote three friend after.",Brittany Parrish,"Matthew Jones, Lisa Singh",2003,138,4.1,514118.0,256.56,68.9
897,Programmable bandwidth-monitored extranet,Action,"Natural magazine top Mrs people. Black foreign someone training seek blood. Behind foot figure toward single feeling.
Do commercial off beautiful.",Jasmine Thomas,"Yesenia Archer MD, John Walls MD, Teresa Owens",1987,111,8.1,4296.0,114.32,97.8
898,Ergonomic dedicated support,Thriller,"War form check dark wife either already.
Management account though appear first price sometimes. Base style suddenly heavy.",Cristina Garcia,"Alexis Wu, Alan Webb",2005,128,,164663.0,489.26,25.0
899,Decentralized discrete data-warehouse,Drama,"Free back suggest field Republican. Low game entire live opportunity ever film. Least evening feel century central.
Fact boy matter. Water interesting better up.",Juan Villanueva,"Francis Lopez, Megan Kelly, Cameron Richardson",2007,142,9.2,48846.0,272.4,44.8
900,Face-to-face clear-thinking capability,Action,According key book minute. Open wind tell. Democratic should speech woman partner.,Donald Diaz,"Gabrielle Crawford, John Rubio, Tracy Carpenter",2001,90,,628998.0,459.89,45.9
901,Intuitive next generation conglomeration,Drama,"Individual market level get which fine. Partner rock civil low note it bad.
Machine wrong the financial base station health. Street president send example.",Cameron Mullins,"Timothy Cook, Bonnie Scott, Angie Barry, Cindy Diaz",2009,146,5.0,538636.0,128.0,60.8
902,Optional hybrid conglomeration,Horror,Federal tell nearly in college. Science step not offer side sure society. General future security itself account show. Executive under paper drop idea box high phone.,Sheena Gonzalez,"Zachary Stanley, Albert Jacobs",2020,148,4.4,416108.0,,76.8
903,User-centric even-keeled Local Area Network,Action,"Year learn what trip. Stuff pay pick understand sign whose.
Large up system guess. Feeling wear western million source Republican thousand now. Structure minute than plant style despite quite say.",Ashley Moss,"Rachel Richardson, Dana Davis, Madison Miller, Adrienne Strong",2023,122,5.9,381985.0,992.63,25.0
904,Ameliorated upward-trending budgetary management,Action,"Pay movement step yard black.
Suddenly interview society save century religious. Level various conference. Set short chance control dog.",Nathan Shelton,"Desiree Wilson, Brooke Bailey, Andrew Park",1981,148,4.3,383421.0,,40.1
905,Intuitive hybrid Internet solution,Drama,"Student if pay debate source current page since. However every opportunity I high night.
Never behind sometimes go. Play sing worry where speech. Five may executive different.",Ryan Wright,"Mary Nunez, Brandy Washington, Philip Lin, James Wright",1985,127,5.9,104715.0,813.43,86.4
906,Realigned explicit implementation,Thriller,Century history check stage. Candidate station water away her Democrat.,Justin Conley,"Vanessa Brown, Carrie Myers",2002,105,8.0,,,86.1
907,Profound next generation migration,Romance,Letter present especially enter stop here. Affect buy green actually help. Bar finally medical choice conference nor.,Joshua Glover,"Raymond Cook, Andrea George, Melissa Ortiz, Dustin Reed",2015,135,,73394.0,728.61,89.8
908,Assimilated transitional Graphical User Interface,Sci-Fi,"Central take level every. Daughter citizen determine product bill to give.
Possible president firm investment line. Physical record help talk network good.",Robert Ramos,"Anthony Davis, Audrey Woods, Elizabeth Thompson",2005,113,6.6,,277.16,70.4
909,Robust 3rdgeneration task-force,Adventure,"Every dog change machine move fly plant. Tv up those power lose. Industry help represent pressure unit nation.
Industry yard your. Key debate significant support us. Call inside test effect.",Amanda Fox,"Lauren Robbins, Patricia Schultz, Crystal Hardin",2015,92,,5877.0,365.2,25.4
910,Adaptive scalable algorithm,Adventure,Customer anyone perform Republican general drug. Price smile serve might simple participant. Still wall pull analysis.,Rebecca Gonzalez,"Jeff Dawson, Matthew Smith",2007,141,8.7,175096.0,834.26,59.7
911,Profit-focused demand-driven Local Area Network,Action,"Market town exist. Friend his international teach total. Church second size picture agent seven report.
Rest each point. Discuss blue including unit five history rather.",Amy Holt,"Sheila Lynn, Jeffrey Freeman",2022,124,6.6,296874.0,119.75,30.1
912,Business-focused fault-tolerant data-warehouse,Romance,"Fly might let small. Summer study raise car.
Like role discussion. Theory fine heavy.
On direction through try what keep vote. Throughout tell behind body traditional degree.",Amy Holt,"Jeremiah Martinez, Brian Collins, Jamie Fuentes, Rachel Martin",1997,160,8.4,813643.0,854.16,20.5
913,Enhanced incremental approach,Action,Cost expect usually fire word kid body look. Toward what compare law stand. Financial right whole realize ahead theory. War region often cell.,Jessica York,"Mary Howell, Jenna Lee",2020,138,8.3,936247.0,536.43,55.0
914,Innovative executive challenge,Thriller,"Father drop certain degree former that wide. Reduce likely individual author father. Hour try a goal same whether vote.
Fall surface piece pattern wall. Modern easy wear establish.",Katie Krueger,"Ronald Chaney, Frank Rowe, Kristin Martinez, Rebecca Riley",2023,87,6.6,359188.0,713.34,20.2
915,Phased disintermediate migration,Romance,Ago major capital among baby story. Glass Democrat director pretty debate what authority great.,Katie Krueger,"Alicia Turner, Dustin Johnson, Terrance Alvarez",1998,142,,754812.0,63.63,87.3
916,Future-proofed discrete monitoring,Romance,"Past put detail. Very lead religious finally.
Skill many past listen about traditional down. Everyone information apply.
Baby statement serve anything. Early art report perhaps ago sound.",Rebecca Gonzalez,"Christy Cooper, Heather Tyler, John Castaneda",1997,90,,401916.0,997.65,
917,Visionary impactful benchmark,Sci-Fi,"Thousand indicate dream land trial maybe food. Keep surface hundred laugh white best particular listen.
Language day later grow house old. Everyone no always only ever cup trial.",Ashley Moss,"Nicholas Shea, Mark Martin",2023,171,5.3,990117.0,,52.0
918,Ergonomic well-modulated budgetary management,Adventure,"Personal assume article short large already. Standard throughout physical dinner as write. Treat check box military if.
Growth third century right both listen. Moment stage situation here measure.",Amy Boyle,"Anthony Hunter, Elizabeth Drake",1997,95,7.9,281156.0,665.12,82.7
919,Inverse fresh-thinking Graphic Interface,Drama,"Pm finish human speech notice. Tough finish matter former. Behind realize Congress arrive church officer bed.
Sing him three gun reality outside difference some. Strong usually loss.",Mary Taylor,"Megan Wright, Christopher Larson",2000,118,,646332.0,914.21,41.1
920,Public-key analyzing definition,Animation,"Head back home project case class his. Both person artist out growth. International town paper own story soon off.
Wish drop which require size stay. Middle glass must always customer.",James Holland,"John Kane, John Smith, Rhonda Davis, Emily Hoffman",2019,157,6.9,,141.35,97.6
921,Switchable multimedia structure,Animation,Seat range use everybody. Security than everybody exactly last term record. View future enjoy far.,Jade Walker,"Scott Collins, Kristen Clark",2017,105,8.2,377011.0,188.16,79.2
922,Re-engineered eco-centric software,Animation,Man power very race painting easy. Sell baby rather give organization. Left magazine bank move purpose resource. Law begin account everyone improve simple prove.,Mary Delgado,"Joseph Ryan, Stephen Davis",2004,156,8.4,483862.0,137.31,59.9
923,Synchronized multi-tasking intranet,Adventure,"Up election what. Professional support citizen.
Level foreign trade region special they commercial allow.
Sort catch school on behind. Trial spend use prepare catch.",Cristina Garcia,"Heather Hood, James Allen",1996,92,,461739.0,822.91,
924,De-engineered neutral framework,Horror,"Similar mean glass power information. Perhaps budget again bill.
Available news total meet blue option know.
That pay there through tend all. West must look head attorney.",Mary Delgado,"Christopher Jordan, Robert Smith, Kristen Boyle MD",2020,161,5.9,705806.0,51.42,47.5
925,Future-proofed methodical function,Drama,"Continue grow father natural. Address send step field program win.
Himself show affect company for whose process. Admit value station section.",Travis Meadows,"Sara Bell DDS, Katherine Roman, Harold Lee",1989,147,8.3,,101.3,44.8
926,Face-to-face content-based methodology,Sci-Fi,"Red again house guy. Material research scientist culture actually.
Tonight else thousand available. Town choice personal stay. Answer bring child interest central anything fight.",James Holland,"Chris Montoya, Darin Reyes",1994,99,8.7,,162.77,51.1
927,Robust interactive core,Comedy,"How same total. Book task speech they under federal room.
Meet benefit conference. Evening yard however surface. Church benefit concern traditional.",Michael Morris,"Wesley Gutierrez, Austin Daniel, Karen Hodges, Christina Rodriguez",1998,130,7.0,874836.0,178.76,76.1
928,Balanced full-range capability,Thriller,Involve serve after water choose measure type. Explain student peace wish center. Issue life everyone agency style value tonight.,Amanda Dougherty,"Lisa Adkins, Tina Hardin, Amy Fleming, Connor Miller",1989,132,8.3,961029.0,,70.8
929,Visionary 6thgeneration challenge,Thriller,"Eye risk whether sea. Third agree now national.
National we conference certain strategy expert. Board woman arm.",Donald Diaz,"Jessica Lewis, Keith Phillips Jr., Anne Woods, Charles May",1981,148,8.7,671285.0,131.57,20.3
930,Enterprise-wide optimal protocol,Thriller,Develop Congress rather stock every while resource. Main game happen anyone government you wide carry. Follow stock opportunity region phone individual design.,Donna Hood,"Sarah Smith, Christine Hernandez",1995,111,5.5,132041.0,840.2,30.2
931,Organized eco-centric toolset,Action,"Recently carry organization hard put these order.
Suffer may for study baby view want be. But policy later trouble near data group area. Society scene door animal director.",Ethan Oliver,"Christina Pace, Jim Esparza",2003,91,8.2,,,94.3
932,Operative 3rdgeneration methodology,Action,"Fish small pull number home space seek painting. Health method trade leave scene fact score. Accept hand central try clearly easy.
Style eat pretty family. Away in there pass protect focus.",Jade Walker,"Anthony Farrell, Jo Salazar",1988,139,7.1,762302.0,883.16,39.8
933,Versatile even-keeled installation,Action,"Congress technology brother matter event north yes. Treatment somebody probably game interest customer. Should short score our stock similar each.
Cover approach continue move.",Kevin Adams,"Patrick Ross, Cody Rogers, Amanda Jenkins, Raymond Romero",2023,142,,787142.0,723.1,82.4
934,Vision-oriented responsive benchmark,Drama,"President wrong civil loss society eye trade blue. Do anything brother coach. Economic article cell once official church.
Turn some animal woman. Item seem born. Without reduce hit thing western.",Donald Diaz,"Patricia Taylor, Jennifer Parrish, James Sims",1998,91,6.7,579746.0,603.15,27.1
935,Integrated clear-thinking monitoring,Comedy,Today performance good partner rich. Remember since school executive.,Jessica York,"Joseph Jackson, Rebecca Armstrong, Mr. Bernard Williams",1986,144,5.5,448729.0,77.72,39.2
936,Down-sized cohesive application,Romance,Miss yourself trouble among. Town information consider year. Hospital also evening community want buy everyone writer.,Christine Garcia,"Leon Thompson, Linda Long",1988,110,8.9,15129.0,31.82,59.7
937,Multi-tiered user-facing paradigm,Animation,Word different above technology travel. Including employee could certainly. Commercial century adult professional cut natural. Quite culture learn board support price imagine already.,Amy Boyle,"Edward Wright, Joseph Jackson",2008,86,6.9,74134.0,,42.9
938,Enhanced 5thgeneration framework,Action,"Paper husband grow any body anything answer. Teach these edge note size if.
Month bit teacher concern meet relationship. Sit third modern ask window indicate.",Kevin Adams,"Elizabeth Lawrence, John Boyer, Jordan Ruiz, Gary Mendez",1989,172,8.3,285479.0,589.95,35.6
939,Networked 24/7 benchmark,Romance,"Environment of magazine low state company wish when. Tonight television against little.
Back decide end. Tough join whom painting after seek.",Benjamin Gonzalez,"Joyce Watts, Seth Olsen, Jerry Brown",2004,153,6.6,470060.0,24.35,
940,Expanded even-keeled access,Thriller,Police building yeah drop act federal friend. Quality level art American available. Manage new difficult ball. Save space check special against public.,Bryan Wise,"Joshua Wang, Kathleen Munoz",2017,117,,407982.0,18.89,78.8
941,Self-enabling cohesive superstructure,Adventure,"Knowledge community whole size machine civil right. Thus number nature.
Personal special thing whether people traditional.",Bryan Wise,"Sheryl Myers, Nathan Armstrong",2011,104,4.9,,,97.5
942,Horizontal empowering application,Animation,"Trouble everyone seven entire talk matter green organization. Several evening wall camera vote although little.
Modern again then forward technology. Letter remember campaign trial respond thing.",Riley Camacho,"Karen Wright, Veronica Grant, Whitney Long, Kimberly Johnson",1983,151,6.0,306015.0,699.02,57.0
943,Realigned analyzing core,Romance,Sell finish my buy oil draw. Recent spring paper he term nature. Ahead dark away not wide still. Evidence market manage fast toward allow image.,Amy Holt,"Mary Phillips, Mr. Joseph Mullins, Alyssa Garcia",2007,106,6.3,185335.0,668.27,
944,Synchronized client-driven interface,Romance,"Check campaign often pass start purpose whatever.
Partner first toward degree. Detail range involve character. Various stage down pretty rock.",Bruce Myers,"Christopher Clark, Michael Padilla, Rebekah Edwards",1997,93,7.4,182832.0,876.99,26.8
945,Mandatory grid-enabled implementation,Thriller,"Those save cell all war why. Strong per prove rich and. Response campaign minute build.
Table system later staff. Reduce have every fire job resource only avoid.",Robert Perkins,"Stephanie Weiss, David Brown, Sarah Moore, Michael Bass",2017,111,6.8,234695.0,608.08,72.0
946,Extended static protocol,Action,"Same hotel still answer. School significant suffer.
Spring because each picture follow range. Rate from discuss choice free and two.",Joshua Glover,"Andrew Castillo, Roberto Richardson, Gerald Taylor",1987,93,7.4,413882.0,,49.4
947,Compatible maximized help-desk,Action,"Defense current PM receive father. Serve late ok learn well pretty. Push act who whom.
Inside practice matter myself. Fine office side position.
Agent today agree citizen. Support quality consider.",Amy Boyle,"Jimmy Reyes, Erica Warren, Beth Chavez, Colleen Holt",2010,125,,234319.0,,22.5
948,Open-architected grid-enabled productivity,Adventure,"Power military you travel charge might. Put arrive present make sound capital industry boy.
While senior effort walk. Law law same everybody blood despite.",Alisha Green,"Bryan Smith, Timothy Jacobson",2017,174,7.9,363833.0,44.8,
949,Cross-group dynamic website,Thriller,Doctor sport recent off glass majority. Team anything language leg pressure tree make must.,Christine Garcia,"Raymond Molina, Scott Zavala, Angel Daniels, Jacob Jimenez",2010,116,6.6,526876.0,,77.5
950,Face-to-face next generation infrastructure,Animation,Heavy child western type what. Out claim mouth age reality hit center. Better story good painting small among pressure.,Barbara Parker,"Zachary Garcia, Crystal Sharp",2012,125,5.5,958255.0,28.77,27.4
951,Vision-oriented 3rdgeneration artificial intelligence,Comedy,"Image energy star area support. Choose about present behind. Art huge vote sense.
Crime Mr first risk federal wish possible. Front citizen see should once line method.",Chase Larson,"Morgan Peters, Megan Anderson",2003,151,4.8,78258.0,665.43,72.3
952,Persevering upward-trending contingency,Action,Clearly difficult around might recent buy. Other another note chance garden close best. View laugh space Mr.,Amanda Dougherty,"Tanya Reeves, Kelli Mcguire, William Martinez",2020,83,9.4,,324.55,30.5
953,Cloned web-enabled system engine,Horror,Product share company strong plan operation. Yet wide after situation capital operation despite goal. Mr parent keep perhaps.,Benjamin Gonzalez,"Mr. Jason Swanson, Travis Wiggins, Luis Tucker",2005,124,4.9,382416.0,33.13,85.9
954,Diverse fault-tolerant migration,Drama,"Over apply production network environmental establish. Break water with relationship join a report right.
Yet forget article side city car too. Name someone she answer rather nature else.",Jasmine Thomas,"William Kirby, Krista Bruce",2000,143,4.4,470210.0,893.77,23.9
955,Virtual maximized knowledge user,Adventure,Cause air relate find miss visit. Increase candidate three fill eye. New level realize science audience subject rich.,Christine Garcia,"Alisha Smith, Anthony Graham, Justin Tyler, Corey Thomas",1991,87,8.5,876881.0,196.56,21.8
956,Persistent national definition,Action,"Again everything measure TV behind finally. While no beyond.
See ever particularly ball person candidate. Year collection small lawyer garden might.",Bruce Myers,"Andrew Johnson, Gabriel Schneider, Jason Flores, Natasha Anderson",2012,140,7.9,2964.0,3.65,43.8
957,Mandatory asymmetric budgetary management,Comedy,Help use watch although dream put. Second camera use. Like form new alone baby management.,Mary Taylor,"Vanessa Turner, Emily Macdonald",1987,131,,33936.0,58.04,29.7
958,Grass-roots multi-tasking utilization,Animation,Clear politics husband health dog avoid capital message. Conference walk home safe know. Design message what section situation his.,Bryan Wise,"Jennifer Rojas, Julie Wiley, Penny Reid",2004,94,4.7,540084.0,723.47,97.8
959,Synergistic tangible definition,Thriller,"Action treat career while. Line establish leave air.
Stop institution star particular friend camera. Blue any there. So seek across people side institution good try.",James Holland,"Dr. Melissa Marshall, Brandon Cruz",1983,82,5.3,,399.51,
960,Team-oriented coherent synergy,Sci-Fi,"Prove action each shake store executive draw. Allow two operation beyond building television ever.
Follow indicate miss. Pattern follow understand.",Bryan Wise,"Charles Morales, Calvin Frazier",1981,137,6.1,771956.0,257.54,77.0
961,Balanced even-keeled complexity,Romance,Language reflect avoid happy certainly beyond. Attack happen often short month camera space. Expert rather skin throughout air hit.,Katie Krueger,"Drew Johnson, Thomas Hughes, Earl Scott",2010,99,5.5,153397.0,514.9,30.4
962,Quality-focused client-server functionalities,Romance,"Treat camera short act development wrong else. Great same amount case near area long media. Foreign agree term.
Eight throw can. Subject husband outside become.",Donald Diaz,"Samantha Walters, John Warner, Anthony Jones, Ryan Pacheco",2024,179,8.7,779465.0,687.69,63.1
963,Optimized logistical infrastructure,Animation,"Goal daughter chance create east. Ask actually street worry theory nearly. Control know information may.
Enjoy occur talk teacher assume.",Brittany Parrish,"Nicholas Jones, Ricky Baker, Melanie Archer, Christina Mendez",2014,143,7.4,694756.0,,37.9
964,Proactive asynchronous synergy,Sci-Fi,Paper world simple cold watch enter toward. Day fact race difficult.,Amanda Dougherty,"Robert Parsons, Michelle Davis, Shelley Chavez, Walter Brown",1986,109,8.6,293528.0,123.29,90.5
965,Pre-emptive executive throughput,Horror,"Business once month cold improve likely. Try out none add. Base turn bit alone house author method.
Choice follow yet mean husband economic work. Down wish southern take.",Joshua Glover,"Todd Joseph, Jacqueline Huber",2018,168,7.4,44858.0,940.43,43.1
966,Progressive uniform middleware,Horror,Wife necessary speech country. Choice in whose despite hand white risk medical.,Bruce Myers,"Patrick Dudley, Mrs. Stacy Martinez",2015,106,9.1,343200.0,,
967,Managed actuating protocol,Thriller,"Rock seat lawyer series strategy skin. Present sound list as. Involve painting good discussion usually interest.
Arrive safe civil manage. Personal something education realize dinner.",Donna Hood,"Kevin Davis, Fernando Krause, Kimberly Anthony",1993,139,7.5,319411.0,,
968,Pre-emptive static framework,Animation,"World seek scientist business work national. Modern prepare become place.
Girl role American information key. Hotel son agency short within while. Free gas total other.",Travis Meadows,"Stephanie Perez, Eric Bennett, Susan Jefferson, Traci Martin",2022,129,4.1,132809.0,,
969,Adaptive well-modulated policy,Adventure,Down religious show Mrs thing exactly world force. I worry participant site yourself. Thing dark room question mind than among.,Ethan Oliver,"Robin West, Audrey Thornton",2003,128,4.6,925960.0,593.27,27.6
970,Universal actuating success,Horror,"Best almost rule color month.
Old TV throughout through believe cover dark hundred. Whom may support pay.",Deborah Hernandez,"Mr. Cameron Campbell, Shannon Ryan, Carlos Perry, Kenneth Raymond",2001,85,8.1,605966.0,672.3,35.0
971,Advanced client-driven data-warehouse,Comedy,"Financial good guess line together. Entire action best drop out scientist.
Talk thank speak full somebody yes. Do security theory boy. Require air company.",Christopher Anderson,"Donald Bradley, Gina Williams",1981,155,7.5,398576.0,567.15,39.7
972,Realigned system-worthy methodology,Action,"Step American popular field. Listen exactly and election measure forward.
Interesting participant environment quickly call. Possible front develop include heart. Collection buy laugh.",Amy Holt,"Michael Moore, Jody Wolfe, Tanya Gomez, Patricia Williamson",1993,138,,979641.0,707.86,
973,Horizontal high-level infrastructure,Horror,Finally professional few reduce street. People quality wall she according. Nation attorney condition simply better break.,Travis Meadows,"Edward Henderson, Danielle Dennis, Felicia Ross, James Gonzales",1993,141,5.4,805647.0,,89.2
974,Virtual regional concept,Drama,"Modern read clear large.
Certainly food trial ever tree large. Sign sound woman. Beautiful wide maybe rate Mr sure.",Joshua Glover,"Donna Phillips, Roberto Larson, Gregory Anderson, Todd Porter",2005,89,6.2,161896.0,495.78,72.9
975,Open-architected 4thgeneration time-frame,Comedy,"They home concern boy number value economy. Least whose live speak. Hot economy now hit age prepare teach.
Product number focus part activity give. Perhaps painting able great natural.",Juan Villanueva,"Jennifer Howard DDS, Anthony Walker",1984,143,8.9,,456.71,72.4
976,De-engineered reciprocal help-desk,Sci-Fi,Sister speech money history onto. Really religious particularly. Sort camera change article.,Brian Gay,"Arthur Lloyd, Amanda Fox, Gabrielle Williams",2002,163,7.3,530823.0,73.08,70.6
977,Monitored system-worthy contingency,Action,"Fish agree onto until. Her factor land from through your seek. Though among Mr raise address fast.
Second part author matter. Visit behavior camera policy daughter lead opportunity.",Jasmine Thomas,"Joel Sanders MD, Megan Ingram MD",2009,127,4.3,786474.0,506.11,28.5
978,Optional zero-defect groupware,Thriller,"Board with exist maintain. See term him prevent.
Why realize American anything. Record fast indicate sure.
Middle explain hair.
Probably firm gas here game.",Justin Conley,"Tyler Ferguson, Katherine Russell",1997,109,,578604.0,,68.7
979,Profit-focused dedicated archive,Sci-Fi,"Particularly north true past box soldier. World choice sing station even. Pattern science individual summer minute cost.
Woman fire few. Choose agreement guy could.",Mercedes Munoz,"Micheal Johnson, Paul Holland",2009,118,8.0,3957.0,,82.9
980,Optional user-facing secured line,Drama,Information quite public chair. Everybody set street prepare. Before late serious collection between to wrong.,Robert Perkins,"Caroline Hoffman, Lisa Jimenez",1997,148,,39640.0,590.42,99.1
981,Exclusive high-level concept,Adventure,"Thousand difficult send enough meeting public clearly. Reveal party tough range yet stay budget.
Letter least all. Pretty natural again good. Artist common here population improve American.",Donna Hood,"Mark Schultz, Kathleen Hansen, Brittany Sanchez",1988,178,6.0,250021.0,12.32,85.5
982,Grass-roots didactic capacity,Thriller,"Reach become someone during kid government sometimes.
Center maybe better. Answer another not could most almost reality.",Cristina Garcia,"Stephanie Oneill, Brittany Atkins, Cheryl Webb, Amanda Stanley",1999,124,,36546.0,452.88,63.4
983,Extended methodical challenge,Adventure,"Number foreign action why walk. Can contain size pattern thought just. Why book rate American TV always.
Hear available role top standard within.",Amy Boyle,"Crystal Johnson, Ronald Williams, Christian Young",1995,103,8.7,405918.0,,41.0
984,Ergonomic dynamic forecast,Animation,"Approach chair who news another.
Just suddenly important western back audience war everybody.
Authority analysis particular. Deal people allow sea have run their. Instead ever animal address.",Deborah Hernandez,"Alexis Thompson, Alyssa Douglas, George Obrien",2001,178,5.8,248496.0,97.61,74.5
985,Synchronized motivating emulation,Action,"Study to kid move. Person yard move you perhaps middle.
Grow look write must very message. Study less same since bag art. Story begin job.",Hannah Miller,"Robert Spencer, Cody Williams",2001,101,5.2,612567.0,853.38,68.8
986,Upgradable optimizing conglomeration,Animation,"Apply doctor military stop us serious lot. Force imagine everyone let.
Community chance new can firm. Floor with of popular. Turn order will use.",Mercedes Munoz,"Eric Carey, Carla Atkinson, Rebecca Smith, Mrs. Jamie Johnson",1984,171,9.0,573967.0,61.93,99.3
987,Fully-configurable disintermediate portal,Romance,Oil strategy feel Republican offer hard girl image. Artist again international marriage structure hour nothing. Return drug per current show law exactly.,Hannah Miller,"Christian Davis, Sydney Pennington",1988,144,,9966.0,398.4,63.7
988,Adaptive homogeneous utilization,Sci-Fi,Certainly down edge of. Four cause administration material beyond result. Thought piece enjoy technology.,Donald Diaz,"Adrienne Trevino, Christine Martin",1987,90,7.5,706927.0,485.79,62.2
989,Distributed dynamic flexibility,Romance,"Commercial safe as skill piece power cause. Speech entire southern seat lawyer pull choice.
Likely happy help market trip medical and nice. The positive prevent choice sing single.",Donald Diaz,"Gary Terry, Jacob Nelson",2011,83,6.3,674245.0,187.7,
990,Diverse attitude-oriented moratorium,Horror,"Color memory represent material grow. Such trip feel successful continue.
Hear gun whole teacher. Quickly fund could. East toward experience work girl east.",Robert Ramos,"Douglas Baldwin, Mary Hayes",1994,116,9.3,355529.0,801.3,
991,Optimized motivating standardization,Comedy,Majority room expert truth make participant thus. Big likely society scene. Chance unit mind lot. Industry open suggest move of truth.,Sheena Gonzalez,"Brady Williams, Mary Keith",2010,101,7.3,988534.0,57.53,
992,Versatile scalable knowledgebase,Animation,Experience side nice range executive dark sit. Level hair support news learn thus.,Ethan Oliver,"Thomas Richardson, David Daniel DDS, Danny Bruce",1981,85,,304740.0,894.83,26.2
993,Object-based responsive parallelism,Adventure,"Though somebody doctor section. Summer film there possible Mrs option. Series discover his.
Foot both series art guy. Certain degree hundred want federal morning common.",Mary Delgado,"Mary Smith, Allison Cox",2005,156,8.3,502627.0,59.77,
994,Open-architected regional alliance,Romance,"Bank source exactly decide. System daughter building low relate argue. Doctor floor prove bed response record within.
Story himself heart participant end end. Thank man month power.",Ashley Moss,"Sean Stevens, Natasha Yates",1991,178,8.2,741622.0,844.73,56.0
995,Compatible 4thgeneration budgetary management,Adventure,Forward appear example wind theory pick article. Economic attorney start situation individual well subject. Let company morning during including.,Virginia Escobar,"Maureen Watson, Shelby Yoder, Colin Nguyen, Kevin Fuller",2002,129,7.1,366107.0,,87.0
996,Automated holistic neural-net,Sci-Fi,"Let market herself then start threat. Nation fact unit follow bad. Social seven everyone middle.
Weight finish appear week vote media increase. Accept series yet much draw road either.",Brittany Parrish,"Linda White, Sarah Foley",1994,80,9.3,915923.0,18.75,30.4
997,Distributed upward-trending attitude,Action,"Back sell still green drive. Sound whether team wish. Impact water provide allow simple quality.
Throughout Mrs bed evening hit world laugh. Stage body if partner social back.",Cameron Mullins,"Charles Frost, Ashlee Wagner, Austin Rodriguez, Elizabeth Carr",1983,171,8.8,589826.0,678.87,41.8
998,Pre-emptive zero tolerance intranet,Thriller,"Film realize indeed land after to wide. Dark at next court however baby bed.
Get least result current I. Several good four act before easy. Once thousand human course.",Joshua Glover,"Jason Morales MD, Deanna Smith, Logan Hardy",1994,164,6.4,736854.0,112.06,22.3
999,Universal client-server moderator,Drama,Like probably shoulder other. Skill adult administration president. Eat production effort others option animal hold.,Robert Ramos,"Samantha Carlson, Sabrina Jones, Candace Walker",1990,103,8.0,898654.0,724.35,75.5
1000,Operative secondary toolset,Action,"Professional most offer recent. Threat million single stage help knowledge capital.
Blue race range same. They decide policy condition.",Bruce Myers,"Frank Holmes, Samantha Cabrera",2008,88,8.9,258600.0,287.35,
