store_id,city,channel,gender_group,age_group,wkd_ind,product,customer,revenue,order,quant,unit_cost
93810,上海,网购,女,青年,周末,运动户外,53,21911.43,44,70,133.53
13905,上海,网购,男,青年,周末,美妆护肤,102,76258.21,92,167,194.46
68878,西安,自提,男,中年,周末,运动户外,217,28952.88,88,72,236.11
54118,上海,网购,女,青年,周间,美妆护肤,136,8172.57,12,24,114.91
59615,上海,门店购买,女,中年,周间,美妆护肤,99,2555.92,91,18,52.31
47930,上海,网购,男,青年,周间,运动户外,428,28611.88,94,42,247.19
44993,上海,门店购买,男,青年,周末,服装鞋帽,237,34691.99,98,70,243.84
83000,深圳,门店购买,女,中年,周末,服装鞋帽,421,2733.38,9,11,79.48
84341,成都,网购,女,青年,周间,服装鞋帽,136,12572.65,36,32,181.4
86622,重庆,门店购买,女,青年,周末,美妆护肤,253,2133.32,24,4,184.45
30969,重庆,门店购买,男,青年,周间,美妆护肤,129,894.44,3,2,206.21
44973,成都,网购,女,青年,周间,电子产品,489,1185238.64,185,369,1445.98
33416,南京,网购,女,中年,周末,服装鞋帽,192,33632.89,42,70,277.1
10074,西安,自提,女,青年,周间,食品生鲜,123,576.56,8,8,42.09
21226,武汉,网购,男,青年,周间,美妆护肤,85,36636.21,34,68,230.02
37760,南京,门店购买,男,中年,周间,运动户外,333,154753.31,96,113,596.34
42493,深圳,网购,女,青年,周末,美妆护肤,113,919.53,1,2,146.05
18834,北京,自提,男,青年,周间,运动户外,249,26040.38,55,70,216.01
84847,西安,自提,男,中年,周间,服装鞋帽,49,2871.46,7,11,111.48
71213,北京,门店购买,男,青年,周间,电子产品,128,124646.44,50,25,1705.44
34050,杭州,自提,男,中年,周末,家居日用,414,1968.6,141,51,23.15
11934,上海,网购,男,青年,周间,服装鞋帽,443,2386.36,103,16,44.84
61173,杭州,自提,女,青年,周间,服装鞋帽,98,13632.02,38,28,230.65
81066,北京,门店购买,女,青年,周间,美妆护肤,471,11931.48,136,81,66.63
34356,上海,门店购买,男,青年,周末,家居日用,62,14460.31,61,114,60.08
15209,西安,网购,女,青年,周间,食品生鲜,105,2471.68,86,81,12.78
98039,杭州,自提,女,中年,周末,电子产品,235,2304667.18,160,289,2567.66
37938,南京,自提,男,中年,周末,服装鞋帽,190,10825.54,73,41,122.24
49651,西安,门店购买,男,青年,周间,运动户外,54,3150.52,9,9,116.26
82512,广州,自提,女,青年,周间,服装鞋帽,352,39748.97,163,136,109.7
16658,上海,门店购买,女,中年,周末,电子产品,171,86709.62,34,34,1103.13
66057,南京,网购,男,青年,周末,美妆护肤,19,7319.03,12,19,165.23
15482,杭州,自提,男,中年,周末,运动户外,128,27925.48,27,23,686.29
63264,西安,门店购买,男,中年,周末,服装鞋帽,500,4791.74,46,53,47.1
53540,重庆,门店购买,男,青年,周末,家居日用,447,1085.02,10,16,36.96
70332,成都,自提,男,青年,周末,家居日用,169,3498.68,72,18,74.59
94080,南京,自提,女,中年,周末,食品生鲜,92,1189.1,75,68,8.38
55309,成都,自提,男,青年,周末,食品生鲜,23,423.08,23,28,8.73
80575,深圳,自提,女,青年,周间,美妆护肤,161,14173.33,32,39,181.73
52753,重庆,门店购买,女,青年,周末,家居日用,341,27349.82,98,174,55.36
84593,杭州,自提,男,青年,周末,家居日用,403,17992.92,149,165,47.18
38010,南京,自提,男,青年,周间,美妆护肤,340,89323.14,163,318,153.23
40784,杭州,网购,男,青年,周末,服装鞋帽,244,10308.44,157,38,153.5
85454,深圳,门店购买,女,青年,周末,服装鞋帽,336,1364.75,177,3,253.9
23970,重庆,网购,男,中年,周间,电子产品,286,142944.06,64,32,2414.08
97500,南京,门店购买,女,老年,周间,美妆护肤,418,84132.41,185,259,185.82
68446,广州,门店购买,女,青年,周末,运动户外,142,252678.47,134,249,388.03
20155,杭州,网购,女,青年,周末,服装鞋帽,78,9286.47,30,25,190.16
18418,重庆,自提,女,青年,周间,电子产品,106,369072.51,54,50,3507.84
12560,西安,自提,女,青年,周间,食品生鲜,386,5398.31,100,108,26.01
89069,深圳,自提,男,青年,周间,电子产品,200,1017280.63,87,172,2491.72
31632,武汉,网购,男,中年,周末,电子产品,330,249708.68,110,35,2529.33
44099,重庆,自提,男,青年,周间,家居日用,143,11175.77,108,65,75.84
80702,北京,自提,男,青年,周末,电子产品,487,361659.35,64,52,3382.91
41266,广州,自提,男,青年,周末,家居日用,359,5559.79,66,95,28.22
25012,广州,自提,男,青年,周间,美妆护肤,347,58334.4,97,102,205.6
87607,深圳,网购,女,中年,周末,美妆护肤,401,4508.61,11,12,187.28
19038,南京,门店购买,女,青年,周间,家居日用,55,3313.19,28,24,75.74
30052,重庆,网购,女,青年,周间,家居日用,224,22990.68,188,304,42.01
21359,杭州,自提,男,中年,周间,食品生鲜,15,295.02,8,11,9.75
43862,成都,自提,女,青年,周末,电子产品,124,490954.38,93,105,2466.22
72402,武汉,自提,男,青年,周末,家居日用,355,5714.93,63,40,58.68
82544,南京,自提,女,老年,周间,食品生鲜,360,2445.13,117,70,12.89
35242,成都,网购,男,青年,周间,食品生鲜,371,14469.89,151,269,31.96
35443,杭州,网购,女,青年,周末,运动户外,274,9330.13,33,36,81.99
48290,广州,门店购买,女,青年,周末,美妆护肤,146,40765.28,121,123,117.76
16734,杭州,自提,男,中年,周间,家居日用,38,390.56,37,7,30.32
49824,上海,网购,男,青年,周间,美妆护肤,306,57110.62,159,116,203.88
68028,杭州,门店购买,女,青年,周末,美妆护肤,492,29317.01,190,51,208.29
37659,杭州,门店购买,男,青年,周末,美妆护肤,39,316.09,11,1,160.2
71592,杭州,网购,男,青年,周间,运动户外,441,20778.41,117,19,631.2
91927,西安,门店购买,男,青年,周末,运动户外,77,5563.82,35,19,102.43
50319,西安,门店购买,女,青年,周间,运动户外,156,59542.97,104,70,381.19
20543,西安,网购,女,中年,周间,电子产品,47,152542.08,15,22,3276.6
12719,杭州,门店购买,男,中年,周末,家居日用,266,42161.25,167,227,65.83
86720,重庆,门店购买,女,老年,周间,食品生鲜,210,4860.37,86,83,32.64
53228,重庆,门店购买,女,青年,周间,美妆护肤,19,812.9,15,3,107.57
62976,南京,网购,女,青年,周末,美妆护肤,186,107570.23,160,256,221.86
36680,杭州,门店购买,男,中年,周间,运动户外,249,5860.36,32,4,707.14
41365,广州,自提,男,青年,周末,服装鞋帽,431,14332.97,30,30,236.17
30181,武汉,门店购买,女,青年,周间,家居日用,428,8643.54,124,121,33.24
60277,深圳,门店购买,男,中年,周间,家居日用,175,23220.6,130,137,65.23
49132,西安,门店购买,女,中年,周间,美妆护肤,248,33103.15,89,86,178.23
69682,成都,网购,男,青年,周末,家居日用,23,2398.22,11,16,81.45
60604,广州,自提,男,青年,周间,电子产品,448,127885.73,113,26,2149.85
28894,重庆,门店购买,男,青年,周间,食品生鲜,320,11676.83,178,204,31.8
98389,南京,自提,女,青年,周间,美妆护肤,19,1691.83,3,4,243.74
39817,上海,自提,男,中年,周末,家居日用,86,151.27,39,4,20.38
48452,成都,自提,女,青年,周间,美妆护肤,350,4488.73,47,22,98.52
60140,西安,门店购买,男,青年,周末,服装鞋帽,237,35765.57,164,131,136.52
70981,杭州,门店购买,男,青年,周间,美妆护肤,154,42488.35,109,177,132.89
36111,重庆,自提,男,青年,周间,美妆护肤,152,3536.48,76,6,293.21
45976,北京,门店购买,男,中年,周间,食品生鲜,398,5235.8,59,78,24.55
34920,西安,自提,男,青年,周末,食品生鲜,404,474.05,113,9,27.37
21813,杭州,自提,女,青年,周末,美妆护肤,449,49077.16,94,136,137.76
31567,杭州,自提,女,中年,周间,电子产品,240,64019.85,20,10,2353.91
98647,重庆,门店购买,女,青年,周间,电子产品,136,229852.6,32,59,2044.14
44362,西安,自提,女,青年,周末,家居日用,13,1543.7,10,18,41.42
94889,上海,门店购买,女,中年,周间,运动户外,210,2330.56,30,9,80.58
74569,上海,网购,男,中年,周末,家居日用,233,32919.89,95,172,97.41
80804,重庆,门店购买,男,中年,周末,家居日用,316,2560.45,105,72,14.62
68115,武汉,网购,女,青年,周间,美妆护肤,462,27427.78,166,184,57.06
26011,武汉,网购,男,青年,周末,电子产品,403,499422.16,86,63,4249.79
36896,上海,门店购买,男,青年,周末,食品生鲜,397,33.02,38,1,19.65
27038,南京,自提,男,青年,周末,服装鞋帽,8,1309.27,6,4,99.74
44782,北京,网购,女,青年,周末,家居日用,230,21808.58,200,186,39.01
76039,深圳,门店购买,男,中年,周间,家居日用,330,399.52,8,2,110.7
65872,上海,自提,女,青年,周末,食品生鲜,312,208.82,38,9,11.31
86724,南京,门店购买,女,青年,周间,家居日用,259,10356.13,155,221,23.92
95814,南京,门店购买,男,青年,周末,家居日用,174,10373.98,117,103,33.09
65936,成都,门店购买,女,青年,周末,运动户外,473,5734.66,122,18,103.74
66606,上海,门店购买,女,中年,周末,美妆护肤,490,80130.26,144,288,93.67
56346,重庆,门店购买,男,老年,周间,食品生鲜,54,1873.82,37,65,14.33
39392,上海,自提,女,青年,周间,美妆护肤,116,57824.19,104,110,311.39
91490,西安,门店购买,男,青年,周间,电子产品,93,299599.76,35,40,3035.75
33777,广州,门店购买,女,青年,周末,电子产品,383,437924.26,136,111,1720.5
30631,成都,自提,女,中年,周末,电子产品,80,72938.25,21,40,591.66
68079,重庆,自提,女,青年,周末,美妆护肤,59,4850.36,23,28,87.21
87743,武汉,门店购买,女,青年,周间,美妆护肤,29,1058.73,1,4,96.18
27987,杭州,自提,女,青年,周间,运动户外,221,11802.58,45,17,354.84
75570,南京,门店购买,女,青年,周末,家居日用,10,529.68,8,3,83.46
85156,重庆,门店购买,女,青年,周间,电子产品,495,295178.14,84,44,3256.6
57428,上海,自提,男,青年,周间,美妆护肤,41,9559.73,26,20,175.17
32037,上海,门店购买,男,青年,周末,食品生鲜,180,2307.17,166,76,10.44
35856,广州,门店购买,男,中年,周末,服装鞋帽,488,92584.39,198,322,151.34
85952,武汉,门店购买,女,中年,周间,服装鞋帽,226,8237.55,18,31,103.86
46002,西安,网购,女,青年,周间,家居日用,232,185.37,10,2,35.79
94497,上海,门店购买,女,青年,周末,家居日用,466,8211.98,147,97,37.48
29773,北京,自提,男,中年,周间,运动户外,44,5770.35,33,23,128.52
67595,南京,门店购买,男,青年,周间,家居日用,210,25301.79,199,174,45.91
92691,成都,网购,女,青年,周间,食品生鲜,130,872.8,39,43,10.13
55851,杭州,门店购买,女,青年,周末,食品生鲜,287,10965.57,97,165,36.15
97833,南京,网购,女,青年,周末,食品生鲜,159,1041.95,47,28,19.72
35166,深圳,网购,男,青年,周末,美妆护肤,395,37292.08,139,270,55.39
91006,广州,门店购买,女,青年,周末,运动户外,395,96690.72,160,85,356.17
57749,深圳,自提,女,中年,周间,服装鞋帽,274,19422.02,62,40,259.92
35430,成都,门店购买,女,青年,周间,家居日用,258,41767.1,136,215,105.89
89254,广州,自提,男,青年,周间,美妆护肤,479,24197.3,27,46,292.13
47363,上海,网购,女,青年,周末,家居日用,47,2880.68,15,27,43.2
13495,重庆,网购,女,青年,周末,家居日用,42,521.88,24,15,20.15
95191,成都,网购,男,青年,周间,运动户外,426,47774.1,36,61,236.19
20384,北京,自提,男,中年,周间,电子产品,398,210906.45,74,61,1086.77
65027,西安,自提,男,青年,周间,美妆护肤,275,3564.21,5,9,204.18
48177,重庆,网购,女,青年,周间,服装鞋帽,341,13193.99,172,44,122.4
78951,南京,门店购买,男,青年,周间,电子产品,326,302277.76,100,96,959.96
18855,成都,网购,男,中年,周间,服装鞋帽,23,3999.42,12,18,109.5
99742,武汉,门店购买,女,青年,周末,电子产品,367,408992.74,199,235,627.37
36144,北京,自提,女,青年,周间,食品生鲜,19,191.02,7,5,20.41
95948,成都,自提,男,中年,周间,家居日用,381,8675.99,113,99,31.2
75211,成都,门店购买,女,中年,周间,电子产品,221,469239.27,155,93,1999.88
20494,成都,门店购买,女,青年,周间,服装鞋帽,354,24101.5,114,90,138.73
56210,西安,自提,女,青年,周末,电子产品,344,803196.65,164,208,2086.49
99051,广州,网购,男,中年,周间,电子产品,65,52482.8,9,8,2689.08
60181,西安,网购,男,青年,周间,食品生鲜,228,2092.2,196,40,24.0
62171,成都,门店购买,女,青年,周末,电子产品,377,311382.03,48,64,2793.01
25435,杭州,自提,女,青年,周间,运动户外,470,18690.29,126,52,199.79
69250,广州,门店购买,女,老年,周间,运动户外,178,25815.89,17,19,754.65
93584,广州,自提,男,青年,周末,服装鞋帽,122,11561.99,102,127,42.44
58353,武汉,门店购买,男,青年,周末,电子产品,159,1135768.11,102,184,2825.28
63665,西安,网购,男,老年,周末,家居日用,239,23470.39,175,265,49.9
82260,西安,网购,男,青年,周末,电子产品,266,100240.57,40,39,1019.88
39552,成都,门店购买,女,中年,周间,服装鞋帽,326,18692.58,142,141,51.82
79924,上海,门店购买,男,青年,周末,服装鞋帽,338,68758.07,160,310,128.02
15399,北京,网购,男,中年,周间,运动户外,108,109009.73,99,147,364.62
75278,南京,自提,女,青年,周间,食品生鲜,233,101.1,19,4,10.73
70875,深圳,自提,男,青年,周间,运动户外,441,38109.59,89,103,152.13
83616,上海,自提,男,青年,周间,家居日用,127,270.22,19,7,22.53
90658,重庆,网购,男,中年,周间,服装鞋帽,391,31891.66,41,64,219.28
50441,武汉,网购,男,中年,周间,服装鞋帽,111,9139.71,75,91,38.61
88317,武汉,自提,男,中年,周间,服装鞋帽,452,37677.07,68,94,164.25
62505,北京,门店购买,男,青年,周间,电子产品,198,1494252.78,130,231,2483.41
91689,西安,网购,男,老年,周间,食品生鲜,407,10872.53,87,143,40.03
36090,西安,门店购买,女,青年,周末,电子产品,71,297415.42,43,61,1680.55
77568,广州,自提,女,青年,周间,美妆护肤,173,115508.97,130,251,179.45
12180,成都,自提,男,老年,周间,运动户外,447,75789.14,177,323,103.8
95929,西安,门店购买,男,中年,周间,服装鞋帽,269,128896.39,162,318,167.83
99224,深圳,网购,男,青年,周间,食品生鲜,215,3173.77,39,53,25.34
90147,武汉,门店购买,男,中年,周末,美妆护肤,167,40618.25,123,135,176.62
70249,南京,自提,女,青年,周间,美妆护肤,248,8125.54,50,32,98.92
49008,杭州,门店购买,男,青年,周间,食品生鲜,246,10899.44,90,144,40.77
45842,杭州,网购,女,中年,周间,食品生鲜,489,2540.96,198,75,13.09
20358,成都,自提,女,中年,周末,服装鞋帽,424,65589.94,138,139,240.11
27992,上海,门店购买,男,青年,周末,运动户外,120,1474.58,7,2,379.86
23178,广州,网购,男,青年,周间,家居日用,334,18804.94,52,97,76.84
94659,北京,网购,男,青年,周末,服装鞋帽,214,2494.06,46,5,209.05
74930,广州,门店购买,女,中年,周末,食品生鲜,291,4144.23,155,55,30.18
69552,南京,门店购买,女,中年,周末,美妆护肤,240,25411.53,70,50,202.89
70150,杭州,门店购买,男,青年,周间,食品生鲜,291,2614.31,173,99,14.7
63148,重庆,门店购买,女,青年,周末,服装鞋帽,72,19867.96,62,42,142.88
60275,深圳,自提,女,老年,周间,美妆护肤,371,1473.27,147,6,100.15
40972,北京,门店购买,男,青年,周末,家居日用,352,23575.9,129,160,72.44
48671,成都,门店购买,男,青年,周末,家居日用,79,19017.84,59,96,81.64
81989,武汉,门店购买,男,中年,周末,美妆护肤,229,29293.01,136,186,73.9
18094,南京,门店购买,男,青年,周末,服装鞋帽,168,29242.32,134,227,46.58
86434,武汉,网购,女,中年,周间,服装鞋帽,263,37070.6,107,117,148.17
98181,杭州,门店购买,男,青年,周末,运动户外,112,4918.66,75,19,104.42
18357,南京,网购,男,老年,周间,电子产品,147,305420.97,105,47,3442.47
94656,重庆,自提,女,青年,周间,家居日用,42,2539.81,35,18,57.05
33392,南京,自提,男,中年,周末,电子产品,388,22547.63,6,5,2325.69
65591,南京,自提,男,青年,周间,服装鞋帽,142,37340.04,49,93,124.33
96533,重庆,门店购买,男,青年,周末,电子产品,305,80784.03,9,15,2751.97
16380,深圳,门店购买,男,青年,周末,美妆护肤,112,2808.98,97,15,111.99
40692,西安,自提,女,青年,周末,运动户外,267,31304.52,57,53,188.0
87550,广州,门店购买,女,青年,周末,食品生鲜,483,12951.15,165,196,26.14
64568,重庆,网购,女,青年,周间,服装鞋帽,435,17166.53,58,39,151.11
70689,北京,门店购买,女,老年,周末,家居日用,125,2325.91,33,27,27.89
68954,成都,网购,男,青年,周间,运动户外,310,28049.84,155,21,476.11
87015,南京,网购,女,青年,周间,食品生鲜,490,303.66,4,4,44.69
25376,武汉,网购,男,青年,周末,美妆护肤,165,33692.42,73,98,170.05
50425,杭州,自提,女,青年,周间,食品生鲜,469,1696.32,53,48,11.09
39002,广州,网购,女,青年,周间,食品生鲜,79,658.93,26,22,14.11
42208,武汉,门店购买,女,青年,周间,运动户外,329,201367.58,190,252,415.39
56160,广州,网购,女,青年,周末,美妆护肤,18,486.88,3,1,206.3
92667,深圳,网购,男,青年,周间,食品生鲜,31,2973.15,20,40,37.0
12061,北京,门店购买,女,青年,周间,美妆护肤,147,4592.84,5,9,256.29
33496,上海,网购,男,青年,周间,食品生鲜,137,824.22,102,21,16.56
84055,深圳,门店购买,男,青年,周末,运动户外,440,5466.36,167,17,133.05
82443,武汉,网购,男,中年,周末,家居日用,433,27115.1,112,166,76.73
22499,南京,网购,男,青年,周间,食品生鲜,24,367.28,3,5,34.45
14312,广州,自提,男,老年,周末,运动户外,421,11781.2,102,20,276.38
84277,重庆,门店购买,女,青年,周末,运动户外,371,38580.09,21,33,472.03
22803,重庆,网购,男,青年,周间,食品生鲜,16,703.34,9,15,19.07
59207,重庆,网购,女,青年,周间,服装鞋帽,366,1155.29,19,6,79.72
93086,广州,门店购买,女,青年,周末,电子产品,3,30715.71,2,8,1462.57
27367,上海,网购,女,青年,周间,电子产品,14,30614.57,2,6,2444.46
52523,重庆,网购,女,青年,周末,运动户外,462,117943.57,144,125,331.07
59903,广州,网购,女,青年,周间,服装鞋帽,33,2742.66,11,14,76.39
20082,成都,自提,男,中年,周间,美妆护肤,316,10109.46,51,59,67.06
61864,成都,门店购买,女,中年,周间,家居日用,172,35530.21,111,209,84.2
87908,广州,自提,女,青年,周末,家居日用,161,9928.85,46,51,75.43
92955,武汉,门店购买,男,青年,周间,家居日用,187,7551.28,30,60,60.12
81516,广州,门店购买,男,老年,周间,运动户外,108,59609.25,57,103,293.91
63627,武汉,网购,女,青年,周末,运动户外,217,14891.95,97,19,375.73
86315,重庆,门店购买,女,青年,周间,运动户外,459,15055.93,138,44,128.14
97122,成都,网购,男,青年,周间,食品生鲜,495,439.2,111,28,5.92
76935,南京,门店购买,男,青年,周间,家居日用,396,44507.05,174,302,50.88
13219,武汉,网购,女,青年,周末,电子产品,426,274781.95,187,73,1516.65
37114,南京,自提,女,青年,周间,运动户外,357,23560.78,116,82,90.05
25084,北京,自提,男,青年,周末,运动户外,125,41286.75,67,45,366.35
65885,武汉,网购,女,青年,周末,运动户外,337,24270.9,111,102,115.22
35863,武汉,门店购买,女,青年,周末,服装鞋帽,143,2910.54,17,7,191.71
57945,成都,网购,女,青年,周间,美妆护肤,495,65453.91,164,161,196.52
86939,上海,自提,女,中年,周末,运动户外,362,47146.99,77,152,105.52
25448,深圳,自提,男,青年,周末,美妆护肤,199,28484.97,108,153,77.28
34347,武汉,门店购买,男,青年,周间,食品生鲜,72,1464.31,24,21,33.88
57059,北京,自提,男,青年,周间,美妆护肤,259,80361.66,168,254,141.59
68176,武汉,网购,男,青年,周末,食品生鲜,17,399.56,9,8,17.5
69942,西安,门店购买,女,青年,周末,美妆护肤,59,18031.15,18,35,211.25
15453,武汉,门店购买,男,老年,周末,运动户外,425,74551.75,168,127,352.09
68947,杭州,自提,男,青年,周末,服装鞋帽,108,61789.4,104,189,132.47
89988,重庆,网购,男,中年,周末,电子产品,292,455806.21,90,137,1535.87
52421,杭州,自提,女,老年,周末,服装鞋帽,493,98301.28,193,211,278.48
95969,广州,门店购买,男,青年,周间,服装鞋帽,390,57685.68,174,202,135.14
45221,重庆,自提,女,青年,周末,家居日用,264,21178.24,192,143,83.41
69597,武汉,自提,男,中年,周末,运动户外,498,173332.08,118,163,433.29
18300,南京,自提,男,老年,周末,家居日用,138,6381.54,83,73,41.38
84205,武汉,自提,男,青年,周间,电子产品,64,129553.67,21,29,2669.48
66072,深圳,门店购买,男,中年,周间,服装鞋帽,448,8518.25,71,24,133.14
58738,广州,网购,女,青年,周末,家居日用,336,2124.34,24,46,16.81
20215,广州,门店购买,男,青年,周间,电子产品,5,15846.01,3,2,3380.7
27324,武汉,网购,男,青年,周末,电子产品,161,184133.21,95,77,1272.28
27451,广州,网购,男,青年,周末,家居日用,180,12733.66,55,81,90.55
90750,武汉,网购,男,中年,周末,电子产品,302,745641.39,187,197,1623.06
28327,深圳,自提,男,青年,周间,运动户外,14,29565.96,14,28,412.33
77862,西安,门店购买,男,中年,周间,运动户外,28,73494.72,26,51,646.27
24777,深圳,自提,男,青年,周末,食品生鲜,479,1364.91,82,34,22.15
65163,成都,门店购买,男,中年,周末,电子产品,301,3204.2,18,1,999.54
17925,重庆,门店购买,女,青年,周间,家居日用,360,3055.61,103,22,64.07
30012,杭州,网购,女,青年,周末,服装鞋帽,275,32956.66,84,101,172.6
95175,上海,自提,女,中年,周末,电子产品,126,31554.78,12,14,1090.19
17212,杭州,门店购买,男,青年,周末,运动户外,6,11511.37,2,8,657.45
43980,广州,自提,男,中年,周间,运动户外,454,68493.33,31,50,548.64
66272,杭州,门店购买,男,青年,周末,家居日用,234,7293.56,131,185,21.99
31873,成都,网购,女,中年,周末,服装鞋帽,380,196.99,131,2,55.05
42053,北京,自提,女,青年,周末,服装鞋帽,477,7511.55,10,18,214.58
95944,重庆,网购,女,青年,周间,食品生鲜,423,1451.6,20,37,17.68
16903,广州,网购,男,老年,周末,家居日用,444,6851.29,73,80,39.9
11044,成都,网购,女,青年,周间,运动户外,319,40725.34,63,60,401.52
35614,南京,网购,男,青年,周间,电子产品,120,501392.35,70,89,2862.1
11257,成都,网购,女,中年,周间,电子产品,106,257956.98,68,61,2488.04
28661,杭州,网购,男,中年,周间,运动户外,459,173096.7,96,118,477.44
22527,南京,网购,女,青年,周末,家居日用,340,2467.13,34,31,44.19
61505,成都,自提,女,青年,周末,服装鞋帽,70,621.88,14,5,54.09
51160,重庆,网购,女,老年,周末,家居日用,158,11894.69,119,68,57.22
99922,杭州,门店购买,男,青年,周间,服装鞋帽,47,15575.3,46,32,203.88
16416,杭州,自提,男,青年,周间,家居日用,285,20437.93,192,282,31.79
28322,上海,网购,男,中年,周末,服装鞋帽,102,17675.51,52,48,214.05
21015,西安,门店购买,女,中年,周末,电子产品,34,92028.38,13,21,1484.01
53456,上海,网购,女,青年,周间,运动户外,203,11160.77,128,16,298.55
56392,深圳,网购,女,青年,周末,电子产品,315,978841.94,159,316,1203.52
64000,南京,自提,男,青年,周间,服装鞋帽,215,37478.99,52,83,206.7
92674,南京,网购,女,中年,周间,家居日用,279,16478.8,125,89,83.45
60905,杭州,网购,男,青年,周末,电子产品,459,270841.39,200,144,1123.73
79393,成都,门店购买,男,老年,周末,服装鞋帽,337,10645.24,62,35,163.44
17328,深圳,门店购买,女,青年,周末,服装鞋帽,122,34325.88,76,82,213.19
87537,北京,门店购买,女,中年,周末,美妆护肤,486,24334.07,49,64,134.09
14975,上海,网购,男,青年,周末,美妆护肤,245,3363.54,1,6,202.06
27103,成都,门店购买,男,中年,周间,电子产品,12,60805.26,3,10,2082.55
24538,南京,自提,男,青年,周间,美妆护肤,52,5496.99,22,20,162.92
67261,武汉,门店购买,女,青年,周间,服装鞋帽,341,21502.92,151,90,124.29
48602,广州,网购,男,中年,周间,美妆护肤,17,2727.44,6,10,148.0
90134,深圳,门店购买,男,中年,周末,食品生鲜,382,600.68,20,16,14.86
93386,上海,门店购买,女,青年,周间,服装鞋帽,128,4319.32,18,23,62.43
10167,北京,自提,女,中年,周末,家居日用,253,11054.17,97,90,40.58
72847,西安,门店购买,男,青年,周末,电子产品,151,19183.98,6,6,1059.65
54801,广州,自提,男,中年,周末,食品生鲜,305,15076.61,158,248,26.1
95673,广州,门店购买,女,青年,周末,食品生鲜,106,1628.58,25,27,31.16
80795,杭州,门店购买,女,青年,周末,电子产品,202,1962453.31,147,282,2408.37
57294,北京,自提,男,青年,周间,服装鞋帽,50,607.0,2,4,58.81
20739,武汉,网购,女,中年,周间,家居日用,459,6187.08,170,136,21.07
34232,成都,自提,女,青年,周末,食品生鲜,226,2019.99,120,68,11.31
18079,广州,门店购买,男,青年,周间,美妆护肤,212,69220.25,194,302,72.96
60738,南京,自提,女,青年,周末,家居日用,154,4770.28,21,26,94.36
75811,西安,门店购买,男,青年,周间,服装鞋帽,486,11747.5,43,28,141.75
65492,上海,门店购买,女,青年,周末,美妆护肤,133,2911.92,82,18,75.53
82358,成都,自提,女,中年,周末,运动户外,320,325939.28,151,268,405.91
29613,广州,门店购买,男,中年,周末,食品生鲜,445,12755.17,138,177,27.33
95824,武汉,门店购买,女,青年,周间,家居日用,74,486.42,52,5,54.84
41139,北京,门店购买,女,中年,周间,电子产品,173,265780.26,78,80,1486.66
99764,上海,网购,男,青年,周间,食品生鲜,138,8828.96,107,155,20.3
37707,重庆,门店购买,女,中年,周间,电子产品,264,31700.7,41,9,1592.22
27779,南京,门店购买,男,青年,周末,电子产品,128,27429.53,9,15,746.29
36097,杭州,自提,女,青年,周末,运动户外,16,10025.07,8,12,362.43
72204,西安,门店购买,女,青年,周间,运动户外,426,26817.74,177,47,237.35
31352,西安,网购,男,青年,周末,食品生鲜,334,2152.05,105,132,8.71
99417,北京,自提,男,青年,周末,服装鞋帽,130,18317.92,79,71,106.54
55706,武汉,自提,男,青年,周间,美妆护肤,53,5397.53,1,9,353.81
59051,南京,门店购买,女,青年,周末,家居日用,33,2500.22,22,18,77.57
44229,杭州,网购,男,青年,周末,电子产品,413,1199243.55,154,207,2921.21
13336,武汉,自提,女,中年,周间,家居日用,378,2857.06,10,19,70.92
34892,成都,门店购买,男,青年,周间,运动户外,184,200052.93,130,154,717.32
83170,广州,自提,男,青年,周间,运动户外,414,134514.04,144,94,815.49
95778,上海,网购,女,青年,周间,家居日用,404,7132.33,85,96,28.84
25437,武汉,网购,男,青年,周末,美妆护肤,62,26681.71,56,88,118.1
17086,广州,网购,男,青年,周间,服装鞋帽,162,3132.62,47,11,139.35
33176,成都,门店购买,男,青年,周间,服装鞋帽,390,28017.23,199,87,111.92
21539,广州,门店购买,女,青年,周间,家居日用,495,3048.58,123,99,14.17
58903,北京,自提,男,青年,周末,运动户外,376,63891.77,64,58,444.27
26899,上海,自提,女,青年,周末,食品生鲜,486,7290.16,75,117,29.84
54280,重庆,门店购买,男,青年,周间,食品生鲜,385,1685.76,49,22,44.1
62873,北京,网购,男,中年,周末,服装鞋帽,376,2919.46,6,10,98.37
95267,北京,自提,女,中年,周末,美妆护肤,25,3035.99,22,7,132.68
25176,重庆,自提,女,青年,周间,家居日用,360,4000.93,40,27,72.48
49467,重庆,门店购买,男,青年,周间,美妆护肤,311,22793.58,180,71,182.86
77054,西安,网购,女,青年,周末,家居日用,102,8437.16,78,52,89.15
36433,成都,门店购买,女,青年,周末,美妆护肤,255,50543.07,54,89,226.69
10358,北京,门店购买,男,中年,周间,服装鞋帽,487,3680.17,24,33,57.66
43540,深圳,自提,女,青年,周末,电子产品,417,42237.7,45,6,2872.62
98705,成都,自提,男,青年,周末,电子产品,437,79998.5,36,22,2066.72
91501,杭州,门店购买,男,青年,周间,服装鞋帽,59,12588.42,26,26,184.74
60556,武汉,自提,男,青年,周末,服装鞋帽,54,10743.49,27,38,133.07
67430,广州,门店购买,女,中年,周末,运动户外,451,55476.24,187,67,369.65
63907,武汉,网购,男,青年,周间,电子产品,361,1745523.96,174,269,3069.23
84057,深圳,门店购买,女,青年,周末,家居日用,339,14326.79,187,128,55.86
94070,重庆,网购,男,青年,周末,美妆护肤,435,78402.17,121,219,125.16
74441,成都,网购,女,老年,周末,美妆护肤,115,30416.58,71,97,116.18
70174,武汉,门店购买,女,青年,周间,家居日用,162,5014.1,31,32,47.84
62879,重庆,网购,男,中年,周间,美妆护肤,288,37153.85,53,84,258.8
57624,北京,网购,女,青年,周间,运动户外,337,145045.76,94,184,259.53
96364,深圳,网购,女,青年,周间,美妆护肤,268,30786.24,96,180,97.33
74542,广州,门店购买,女,青年,周末,服装鞋帽,62,26951.82,60,110,107.1
34979,成都,网购,女,青年,周末,家居日用,235,58150.81,169,302,65.54
75382,北京,门店购买,男,青年,周间,美妆护肤,248,41138.6,131,91,159.17
26827,上海,自提,女,青年,周间,家居日用,312,9793.45,178,128,45.07
48557,武汉,网购,男,青年,周间,运动户外,281,145174.87,81,142,368.32
91810,杭州,门店购买,女,中年,周末,运动户外,333,58840.53,46,65,444.53
25126,成都,门店购买,女,青年,周间,运动户外,383,197085.9,137,147,572.11
11673,南京,网购,男,青年,周末,运动户外,29,5876.2,7,5,409.31
47567,杭州,网购,男,青年,周间,服装鞋帽,386,3920.99,139,17,100.51
90754,南京,网购,女,青年,周间,运动户外,341,9149.67,13,13,413.15
99803,成都,门店购买,男,青年,周间,服装鞋帽,318,97290.63,200,227,245.77
94886,成都,门店购买,男,中年,周末,食品生鲜,230,1745.96,46,88,11.68
77350,上海,自提,男,青年,周间,服装鞋帽,83,5436.48,75,66,36.23
30290,北京,网购,女,青年,周间,家居日用,405,25626.62,147,282,48.64
51662,南京,网购,男,青年,周末,家居日用,279,9445.56,138,207,16.72
37964,成都,自提,女,青年,周间,美妆护肤,422,41367.18,193,333,62.2
68414,深圳,门店购买,男,老年,周间,家居日用,469,1840.51,30,25,38.08
13238,南京,自提,女,青年,周间,运动户外,99,20265.24,42,66,100.95
80513,南京,网购,男,青年,周末,运动户外,218,12587.13,27,14,459.27
67047,上海,门店购买,男,青年,周间,电子产品,45,2656.95,5,1,997.88
19232,西安,网购,女,青年,周间,运动户外,208,17978.62,111,81,111.42
80101,北京,门店购买,男,中年,周末,运动户外,435,32348.63,19,23,466.72
99899,杭州,门店购买,男,青年,周间,家居日用,203,1769.25,170,16,50.87
27875,重庆,门店购买,女,老年,周末,食品生鲜,347,13032.16,187,332,22.96
82551,南京,网购,男,青年,周间,美妆护肤,281,4416.51,22,20,115.37
55069,深圳,自提,男,青年,周末,美妆护肤,428,8750.94,65,50,87.74
84356,北京,门店购买,女,青年,周末,食品生鲜,344,363.51,18,17,11.07
73857,成都,自提,男,青年,周末,电子产品,146,46352.91,18,13,1551.73
90785,杭州,门店购买,男,青年,周间,食品生鲜,491,673.82,110,44,5.73
39035,重庆,自提,女,青年,周间,家居日用,237,14877.36,115,92,72.14
24264,广州,门店购买,男,中年,周末,美妆护肤,101,4691.64,34,10,266.31
76476,北京,门店购买,女,中年,周末,电子产品,283,695798.75,67,121,1981.53
61445,深圳,门店购买,女,青年,周末,家居日用,187,855.93,129,6,79.09
90482,广州,门店购买,男,青年,周末,美妆护肤,486,35493.11,145,75,210.62
57028,北京,网购,女,青年,周间,食品生鲜,120,312.84,6,11,16.28
57349,重庆,自提,女,中年,周末,运动户外,166,67112.8,27,46,715.0
45847,杭州,门店购买,男,青年,周间,食品生鲜,301,1943.32,168,40,20.06
39215,南京,自提,女,中年,周间,家居日用,406,30259.22,124,228,59.8
28214,武汉,网购,男,青年,周间,服装鞋帽,77,2553.47,24,11,119.59
25509,深圳,自提,女,中年,周间,运动户外,246,52273.52,123,54,478.38
63857,北京,网购,男,青年,周末,服装鞋帽,323,9536.84,132,21,156.25
31802,杭州,网购,女,青年,周末,运动户外,373,208988.78,170,146,522.44
89498,武汉,自提,男,青年,周间,美妆护肤,74,17465.26,24,40,165.64
99861,成都,自提,男,青年,周间,服装鞋帽,56,1198.16,2,4,171.58
99701,重庆,网购,男,青年,周末,美妆护肤,258,10048.6,193,61,82.01
89098,南京,网购,女,青年,周间,电子产品,358,658165.35,136,220,1617.56
59969,成都,门店购买,男,青年,周间,家居日用,393,20596.57,60,117,67.77
81267,重庆,自提,男,青年,周末,美妆护肤,268,4197.41,31,34,61.28
51405,重庆,自提,男,青年,周间,食品生鲜,438,11219.67,138,217,25.0
99208,重庆,网购,女,青年,周间,服装鞋帽,190,80706.09,144,285,168.93
85713,成都,门店购买,女,中年,周末,运动户外,118,112019.59,58,101,386.57
38109,南京,自提,女,中年,周末,服装鞋帽,200,1253.51,163,3,228.55
71822,西安,自提,男,青年,周末,食品生鲜,41,310.46,39,5,35.96
62513,西安,门店购买,女,中年,周末,服装鞋帽,328,9548.32,127,113,46.91
77915,杭州,网购,男,中年,周末,美妆护肤,87,2926.75,87,10,145.31
30636,上海,自提,女,青年,周间,家居日用,301,2185.02,52,67,16.67
21818,南京,自提,女,青年,周间,服装鞋帽,311,27758.31,50,59,222.29
44223,广州,自提,男,青年,周间,食品生鲜,485,2514.91,30,52,18.25
80504,西安,自提,女,老年,周间,服装鞋帽,388,43219.83,87,118,208.39
13584,武汉,网购,女,青年,周末,运动户外,360,62876.34,59,103,358.11
77699,南京,网购,女,青年,周末,家居日用,345,7554.78,192,176,24.87
72463,成都,自提,男,中年,周间,服装鞋帽,485,164747.52,192,350,168.07
36170,深圳,门店购买,男,中年,周末,服装鞋帽,104,6693.83,32,46,48.31
20287,武汉,门店购买,男,中年,周末,家居日用,191,18419.05,159,162,67.72
85303,杭州,自提,男,老年,周间,家居日用,114,7666.67,97,148,23.71
65466,武汉,门店购买,男,青年,周间,运动户外,398,86698.1,45,59,748.65
70302,成都,门店购买,男,青年,周末,家居日用,298,1920.92,26,21,51.09
34530,南京,自提,男,青年,周间,食品生鲜,95,3126.62,64,109,14.64
58799,成都,自提,女,青年,周末,美妆护肤,352,17633.43,59,105,63.98
40907,南京,自提,女,青年,周末,家居日用,413,304.98,3,3,34.6
92660,南京,门店购买,女,中年,周间,食品生鲜,288,1022.4,146,25,20.74
17869,深圳,自提,女,中年,周末,家居日用,382,6121.36,86,67,42.77
43779,成都,网购,女,青年,周末,美妆护肤,295,126023.97,167,333,224.73
47304,成都,自提,女,中年,周间,电子产品,196,663615.11,158,147,2649.85
31964,成都,自提,女,中年,周末,电子产品,83,106129.0,44,30,1754.33
45058,西安,门店购买,女,青年,周间,食品生鲜,383,20761.7,151,267,32.99
34102,北京,网购,男,青年,周末,服装鞋帽,86,1681.86,51,14,69.8
72021,南京,网购,男,中年,周末,电子产品,135,63320.54,40,11,3256.07
50549,深圳,网购,女,青年,周末,服装鞋帽,270,379.06,44,4,38.57
52624,武汉,自提,女,青年,周末,运动户外,277,74241.32,46,76,477.99
93342,西安,自提,女,中年,周间,美妆护肤,117,7638.14,104,23,136.07
44053,广州,自提,男,青年,周末,食品生鲜,147,2129.06,121,137,8.96
72530,杭州,网购,女,中年,周末,电子产品,281,204637.87,96,49,1955.2
61740,深圳,网购,女,中年,周末,食品生鲜,41,1253.43,28,41,16.18
90375,杭州,自提,女,青年,周末,服装鞋帽,70,5212.42,38,15,168.65
45669,西安,自提,男,青年,周末,电子产品,497,32503.13,137,12,895.68
45283,广州,门店购买,女,中年,周末,电子产品,78,23293.78,2,8,1240.61
75325,成都,自提,男,青年,周末,电子产品,137,95584.21,101,19,1783.31
42778,重庆,网购,男,老年,周末,家居日用,395,9945.29,114,64,48.18
70402,上海,门店购买,男,青年,周间,食品生鲜,82,697.48,81,11,29.48
26009,杭州,自提,女,青年,周末,运动户外,112,8182.25,15,8,406.41
31936,杭州,门店购买,男,青年,周末,电子产品,497,125259.19,11,19,2917.76
88146,广州,自提,男,青年,周间,电子产品,352,1313789.98,159,174,4523.45
91937,北京,网购,女,青年,周末,服装鞋帽,250,20184.46,60,41,264.15
55523,武汉,门店购买,男,青年,周间,食品生鲜,371,2422.63,35,33,32.71
67344,南京,自提,女,青年,周末,美妆护肤,179,30258.69,83,120,138.54
82682,广州,网购,男,青年,周间,美妆护肤,188,492.44,117,1,222.48
34318,北京,门店购买,女,中年,周末,食品生鲜,370,683.54,17,25,13.81
82281,广州,门店购买,女,青年,周间,电子产品,50,16060.97,34,9,1037.43
33414,北京,网购,男,青年,周末,电子产品,293,1149521.15,165,199,2644.17
87371,杭州,网购,女,青年,周末,电子产品,477,394307.4,54,84,2661.25
20480,武汉,门店购买,男,青年,周间,食品生鲜,407,2056.1,182,30,26.03
15328,上海,自提,男,中年,周末,电子产品,372,276320.99,60,69,1433.41
96098,深圳,门店购买,男,青年,周间,运动户外,55,77861.69,50,82,477.0
97194,重庆,网购,男,中年,周间,美妆护肤,173,30478.05,169,81,180.6
56179,成都,门店购买,女,中年,周间,运动户外,221,164495.61,186,166,464.69
38039,重庆,门店购买,女,青年,周间,家居日用,492,153.47,102,1,91.3
88087,北京,门店购买,男,老年,周间,电子产品,154,197741.12,57,28,2164.63
46170,南京,门店购买,男,青年,周间,食品生鲜,80,660.63,18,17,18.45
40539,杭州,自提,男,青年,周末,运动户外,40,13167.97,21,31,232.65
85527,上海,门店购买,女,青年,周间,电子产品,400,195325.79,15,30,2632.86
66925,重庆,网购,男,中年,周末,运动户外,399,52991.8,162,196,123.64
51853,南京,门店购买,男,青年,周末,服装鞋帽,26,12683.76,22,26,256.53
85399,南京,网购,男,青年,周间,服装鞋帽,68,3078.45,44,11,146.53
81847,重庆,自提,男,青年,周间,运动户外,67,28739.64,18,31,413.81
95491,西安,网购,男,青年,周间,家居日用,166,2259.98,148,46,20.83
57876,成都,网购,女,青年,周末,食品生鲜,87,5403.83,45,79,36.99
91681,广州,自提,男,中年,周末,服装鞋帽,351,15929.93,96,40,221.36
24728,北京,网购,男,中年,周间,电子产品,176,88508.0,29,20,1357.82
37395,南京,网购,男,青年,周间,美妆护肤,248,33115.29,160,73,227.03
59362,西安,门店购买,男,青年,周末,食品生鲜,103,9875.02,102,179,17.43
95820,北京,网购,女,青年,周间,电子产品,10,21018.17,5,7,1243.71
23055,成都,自提,男,青年,周间,美妆护肤,475,1668.97,183,12,80.21
49967,成都,自提,女,中年,周末,食品生鲜,351,5063.24,91,91,20.63
75700,杭州,网购,女,中年,周末,美妆护肤,486,11183.56,72,58,109.74
96105,广州,网购,女,青年,周末,家居日用,124,4099.96,74,40,40.36
89346,成都,自提,男,青年,周末,美妆护肤,278,55540.38,176,104,209.72
78656,广州,自提,男,青年,周末,食品生鲜,35,431.5,35,16,14.88
29073,北京,自提,女,老年,周间,家居日用,382,7872.41,164,141,19.9
27241,广州,网购,女,青年,周末,美妆护肤,119,5830.9,30,44,42.92
72469,广州,门店购买,女,中年,周间,服装鞋帽,437,35155.98,100,126,97.41
39658,北京,自提,男,中年,周间,服装鞋帽,381,41419.68,172,104,127.38
67577,西安,自提,女,中年,周末,家居日用,208,2933.66,199,22,72.98
51012,重庆,门店购买,男,青年,周间,家居日用,424,945.44,11,8,49.48
15144,南京,自提,男,青年,周间,家居日用,453,8023.75,78,74,46.27
90364,北京,门店购买,男,青年,周间,电子产品,370,154773.81,129,58,1269.24
81618,广州,自提,女,青年,周末,服装鞋帽,233,46869.72,152,104,147.39
52477,广州,门店购买,男,青年,周间,运动户外,186,38061.74,22,34,579.95
77065,西安,网购,女,青年,周末,服装鞋帽,468,64662.5,86,145,249.2
31249,广州,网购,男,青年,周间,运动户外,394,75064.76,115,74,340.09
27245,深圳,网购,女,青年,周间,家居日用,279,1800.59,2,10,66.87
87183,武汉,自提,女,青年,周末,服装鞋帽,452,48663.15,141,143,159.01
37215,北京,网购,男,青年,周间,电子产品,75,69470.94,5,10,2706.12
21495,北京,网购,女,老年,周末,运动户外,146,132512.49,144,91,764.2
57210,北京,网购,女,青年,周间,电子产品,389,1096861.4,110,216,1969.53
27635,上海,门店购买,女,青年,周间,美妆护肤,108,22344.43,90,54,137.7
92441,南京,网购,女,中年,周间,家居日用,312,7994.21,82,67,71.41
56380,广州,门店购买,女,青年,周间,家居日用,414,5495.45,47,79,26.93
35369,北京,网购,男,青年,周末,运动户外,435,102989.74,54,103,424.35
15962,成都,自提,男,青年,周末,运动户外,145,10801.88,66,18,271.25
52457,北京,网购,女,青年,周末,服装鞋帽,100,20563.73,43,44,207.38
72193,北京,门店购买,男,青年,周间,美妆护肤,459,59061.45,86,119,210.53
17342,南京,自提,女,青年,周末,服装鞋帽,296,70686.82,176,170,235.52
56346,上海,网购,女,中年,周间,家居日用,321,10800.68,137,85,52.97
88012,上海,自提,女,中年,周间,家居日用,45,2888.25,32,31,51.13
49666,深圳,门店购买,女,青年,周间,电子产品,399,52614.38,52,12,1348.16
73263,南京,网购,男,青年,周间,运动户外,448,192102.71,135,159,414.4
22878,南京,门店购买,男,青年,周末,家居日用,199,13317.49,183,268,19.54
15771,西安,网购,女,青年,周末,电子产品,267,2144983.73,197,338,1946.63
50913,深圳,自提,男,青年,周间,美妆护肤,164,30353.25,113,172,60.85
45866,上海,网购,男,青年,周间,美妆护肤,164,21192.61,70,37,309.99
85246,深圳,网购,男,青年,周间,美妆护肤,228,669.58,13,5,76.46
16613,上海,自提,男,青年,周间,服装鞋帽,361,104690.82,153,304,174.61
68436,西安,自提,女,青年,周末,运动户外,389,82777.95,172,274,174.27
71039,西安,网购,男,中年,周间,电子产品,234,547025.78,80,120,2663.26
28837,西安,自提,女,青年,周间,食品生鲜,233,153.99,125,8,6.43
72737,武汉,网购,女,中年,周末,美妆护肤,53,23112.41,26,46,199.85
95124,上海,自提,女,青年,周间,服装鞋帽,318,10421.99,63,71,65.28
18658,成都,网购,女,中年,周间,美妆护肤,404,63445.75,88,140,159.49
97766,上海,门店购买,女,青年,周间,食品生鲜,285,767.09,25,29,15.52
19123,西安,网购,女,青年,周末,电子产品,112,261619.2,105,36,4149.4
93379,北京,网购,男,青年,周间,家居日用,316,14487.3,148,229,31.91
51497,杭州,门店购买,女,中年,周间,运动户外,469,22023.54,89,23,462.92
76902,重庆,网购,女,青年,周末,电子产品,361,407199.19,144,184,851.27
14087,深圳,自提,女,青年,周间,家居日用,196,9226.94,112,140,23.2
28228,深圳,门店购买,女,中年,周间,家居日用,79,898.06,37,17,16.99
12058,广州,门店购买,女,青年,周末,电子产品,71,431188.88,54,59,3717.12
65797,西安,网购,女,青年,周间,家居日用,182,2453.07,58,24,30.89
75294,深圳,门店购买,女,青年,周间,电子产品,20,188533.83,19,31,2030.99
73115,上海,网购,女,青年,周末,美妆护肤,456,10934.71,157,46,116.29
96997,上海,门店购买,女,青年,周间,美妆护肤,399,2703.49,3,8,193.24
85230,成都,自提,女,老年,周间,食品生鲜,86,637.13,5,10,33.01
83886,杭州,网购,女,青年,周末,运动户外,150,4150.94,7,5,280.64
20074,杭州,自提,男,青年,周间,食品生鲜,8,263.5,2,10,12.58
29809,武汉,自提,男,青年,周末,家居日用,93,794.56,68,9,28.72
29014,西安,网购,女,中年,周间,家居日用,122,17336.44,85,113,53.73
85727,成都,网购,女,中年,周末,电子产品,86,238966.4,60,52,2035.26
79798,深圳,自提,女,青年,周末,美妆护肤,446,1034.48,112,4,139.45
60070,成都,门店购买,男,青年,周间,家居日用,313,12172.22,167,140,33.05
22881,杭州,门店购买,女,青年,周末,运动户外,345,87593.8,151,100,440.87
33582,成都,门店购买,男,青年,周末,电子产品,211,73963.51,26,34,943.65
38759,杭州,自提,男,青年,周末,电子产品,481,859955.96,153,112,3773.25
25725,上海,门店购买,男,青年,周末,电子产品,357,112684.97,48,33,1701.01
19924,武汉,自提,女,青年,周间,食品生鲜,83,589.61,10,9,27.18
53601,北京,自提,女,青年,周末,家居日用,476,7643.08,52,79,47.76
24212,广州,门店购买,女,青年,周末,家居日用,367,970.01,67,27,11.54
42846,武汉,网购,女,青年,周末,电子产品,341,171495.95,100,69,991.57
61292,西安,网购,女,青年,周间,运动户外,400,17276.03,18,35,205.01
73185,上海,门店购买,女,青年,周间,家居日用,29,1907.36,21,42,20.91
54572,上海,自提,女,青年,周末,美妆护肤,21,4656.99,13,22,107.7
23994,成都,自提,男,中年,周间,运动户外,98,1353.06,18,3,232.69
87718,深圳,自提,女,青年,周间,家居日用,274,181.49,116,5,11.5
15611,重庆,网购,男,中年,周间,运动户外,446,89579.26,138,77,430.32
19441,北京,门店购买,男,青年,周末,家居日用,465,1710.14,159,24,35.25
11882,广州,门店购买,男,中年,周末,家居日用,313,3106.33,44,76,22.29
24965,武汉,门店购买,男,青年,周末,家居日用,173,4245.06,103,84,25.53
81550,广州,自提,男,中年,周末,食品生鲜,33,217.62,8,9,10.27
58487,南京,网购,女,青年,周末,服装鞋帽,52,27315.26,51,81,179.84
12048,武汉,网购,男,青年,周末,运动户外,334,108198.98,152,146,401.84
72391,广州,网购,男,青年,周间,家居日用,123,6020.62,121,45,41.65
33593,武汉,门店购买,男,青年,周间,食品生鲜,215,272.85,2,9,10.16
79494,上海,门店购买,女,中年,周末,家居日用,395,8238.2,161,107,27.57
29558,武汉,自提,男,青年,周末,电子产品,331,208950.34,94,73,1074.56
90847,武汉,网购,男,中年,周末,服装鞋帽,403,4740.15,8,16,95.18
40841,武汉,门店购买,女,青年,周间,服装鞋帽,399,3689.04,29,21,65.2
64079,深圳,自提,男,青年,周间,电子产品,456,110392.8,112,38,1402.66
33338,重庆,自提,男,青年,周末,运动户外,184,33106.25,70,52,197.13
84536,北京,自提,男,青年,周间,家居日用,215,2964.5,44,44,26.18
30550,西安,网购,男,青年,周间,服装鞋帽,303,58987.49,122,215,83.5
66113,深圳,网购,女,青年,周末,美妆护肤,485,40785.9,39,74,234.43
15796,北京,自提,男,青年,周间,家居日用,415,5452.67,179,51,39.79
83202,北京,门店购买,女,中年,周末,食品生鲜,152,6634.34,62,83,24.36
97691,杭州,网购,女,中年,周末,家居日用,238,12681.58,198,71,75.31
58551,武汉,门店购买,男,中年,周末,家居日用,458,20563.85,177,171,46.78
45361,西安,门店购买,男,中年,周末,美妆护肤,451,5506.1,86,15,210.33
57708,北京,网购,女,青年,周末,食品生鲜,188,4259.67,45,83,16.43
36832,广州,自提,男,青年,周间,运动户外,481,397076.3,193,298,680.7
39548,成都,自提,女,青年,周间,食品生鲜,28,224.64,3,6,16.69
79033,上海,自提,女,青年,周间,运动户外,485,15125.23,178,34,251.43
21443,上海,自提,男,青年,周末,电子产品,85,90465.51,36,15,2707.32
36772,南京,门店购买,男,青年,周末,家居日用,178,17716.81,108,114,47.62
34780,上海,网购,男,中年,周间,家居日用,297,23491.22,88,168,55.64
87772,南京,门店购买,女,青年,周末,食品生鲜,88,1394.27,34,30,27.48
16202,广州,自提,女,青年,周末,美妆护肤,474,17727.37,42,69,152.09
97340,广州,网购,男,青年,周间,美妆护肤,65,10113.05,57,34,107.54
14546,成都,自提,男,青年,周末,美妆护肤,155,1256.76,32,4,141.33
29055,武汉,自提,男,青年,周间,运动户外,362,166502.02,76,122,806.42
85199,广州,门店购买,女,青年,周末,运动户外,246,5407.05,11,5,362.34
13250,重庆,门店购买,男,青年,周末,食品生鲜,29,688.0,20,13,19.4
46428,深圳,网购,男,青年,周间,运动户外,344,23520.77,23,33,318.7
89058,西安,门店购买,男,中年,周间,家居日用,76,4590.68,55,48,29.04
55209,成都,自提,女,中年,周末,服装鞋帽,373,94409.25,114,190,268.87
47831,广州,门店购买,女,中年,周间,服装鞋帽,428,6314.78,151,45,54.86
78852,成都,网购,女,青年,周间,运动户外,469,45727.62,70,107,187.46
84437,广州,网购,男,中年,周间,美妆护肤,252,5206.01,11,10,203.65
83306,武汉,网购,男,中年,周末,食品生鲜,154,1839.93,121,32,32.65
64677,广州,自提,男,青年,周间,家居日用,497,3090.75,18,24,60.48
43804,武汉,门店购买,男,青年,周末,食品生鲜,84,367.48,75,15,10.74
27759,成都,网购,男,青年,周间,运动户外,467,7498.57,92,13,264.69
20069,南京,网购,男,中年,周末,美妆护肤,166,19523.42,81,78,127.5
57516,上海,门店购买,女,中年,周末,服装鞋帽,266,39081.53,73,96,172.45
31368,上海,网购,男,青年,周末,美妆护肤,315,142050.64,177,270,270.3
24937,重庆,自提,男,青年,周末,电子产品,246,479346.37,90,80,2047.43
67925,西安,门店购买,女,青年,周间,电子产品,382,35049.66,31,15,1187.65
39697,杭州,网购,男,青年,周末,家居日用,354,2506.47,196,58,23.01
66524,北京,网购,男,青年,周末,家居日用,61,1232.81,59,33,14.59
11346,上海,网购,男,青年,周末,服装鞋帽,344,945.02,90,8,65.41
46356,西安,自提,女,青年,周末,美妆护肤,292,3593.81,18,7,271.58
79315,深圳,门店购买,男,老年,周末,美妆护肤,3,1127.26,3,2,324.73
72221,成都,门店购买,男,青年,周末,服装鞋帽,428,25295.62,91,98,117.26
63422,上海,自提,男,青年,周末,家居日用,391,14300.11,93,181,40.82
20780,成都,自提,男,青年,周间,美妆护肤,377,26039.79,80,114,96.44
66093,深圳,网购,女,中年,周间,服装鞋帽,7,2898.24,6,8,151.76
78506,上海,网购,男,青年,周末,运动户外,474,6055.41,44,9,242.03
36248,西安,自提,男,青年,周间,运动户外,256,82823.57,72,70,639.27
62459,成都,自提,女,老年,周间,服装鞋帽,394,3676.96,117,28,58.67
40254,广州,网购,男,中年,周末,家居日用,348,285.14,7,3,47.88
30019,杭州,门店购买,男,中年,周间,家居日用,104,7253.92,38,64,42.9
55038,南京,门店购买,男,老年,周末,家居日用,451,2662.99,31,25,59.21
68006,武汉,网购,男,青年,周间,运动户外,85,20990.74,63,56,192.93
73891,上海,门店购买,女,青年,周间,家居日用,288,2565.9,41,65,14.96
87469,重庆,门店购买,女,中年,周间,食品生鲜,32,179.33,2,10,9.88
55727,西安,网购,女,青年,周间,食品生鲜,183,1680.23,106,90,6.97
40752,杭州,门店购买,男,中年,周末,食品生鲜,59,179.09,22,11,6.48
70412,重庆,门店购买,女,青年,周间,美妆护肤,12,2756.39,6,7,156.22
22809,武汉,网购,男,青年,周间,服装鞋帽,315,45793.01,77,94,175.63
93288,上海,门店购买,男,青年,周末,食品生鲜,294,6114.61,103,206,15.52
22053,西安,网购,女,青年,周间,家居日用,108,1407.61,45,10,54.97
49309,重庆,门店购买,女,青年,周间,食品生鲜,320,13665.78,132,233,27.23
12438,南京,网购,女,青年,周间,食品生鲜,480,18449.52,164,273,37.56
66849,西安,门店购买,男,青年,周间,家居日用,76,1568.94,31,10,83.1
67067,重庆,自提,男,青年,周间,食品生鲜,422,1330.1,74,42,15.21
63197,深圳,网购,男,青年,周末,食品生鲜,238,11438.5,125,144,33.89
14850,深圳,网购,女,青年,周间,食品生鲜,338,5176.0,141,91,17.78
73680,北京,网购,男,青年,周间,电子产品,462,551391.64,105,94,3318.41
62021,广州,网购,男,青年,周末,美妆护肤,341,64793.46,149,269,136.18
41205,西安,网购,女,青年,周间,运动户外,381,89967.56,61,120,257.37
32957,深圳,自提,女,青年,周末,家居日用,274,34430.55,96,180,75.55
65545,武汉,门店购买,男,老年,周末,食品生鲜,244,12925.47,184,189,20.95
89405,北京,门店购买,男,青年,周末,食品生鲜,283,4522.54,99,80,28.84
99816,上海,门店购买,男,中年,周间,电子产品,466,228081.02,101,66,2007.45
40862,杭州,网购,男,中年,周间,运动户外,209,11937.4,9,9,725.47
74447,武汉,门店购买,女,中年,周间,运动户外,217,12188.3,26,11,500.72
56118,重庆,门店购买,女,青年,周末,电子产品,329,531621.54,165,95,3006.77
27837,北京,自提,男,青年,周间,美妆护肤,43,1438.86,8,6,123.28
95089,广州,门店购买,女,中年,周间,家居日用,245,5127.77,189,69,37.62
52936,杭州,网购,男,青年,周末,家居日用,449,10019.93,97,147,39.84
83207,西安,门店购买,男,中年,周间,服装鞋帽,135,1739.04,44,7,106.5
44099,广州,网购,女,青年,周末,电子产品,368,1455484.34,135,223,3775.68
98291,武汉,网购,男,中年,周末,食品生鲜,148,2299.37,127,98,13.07
88654,深圳,自提,男,青年,周间,服装鞋帽,15,894.52,5,5,77.88
42547,成都,门店购买,女,青年,周间,服装鞋帽,447,37584.76,83,102,189.4
65481,西安,自提,男,青年,周末,电子产品,171,451611.82,61,61,4434.84
97921,西安,门店购买,男,青年,周间,食品生鲜,203,4483.14,172,190,13.39
15390,西安,网购,女,青年,周间,食品生鲜,450,708.12,120,34,10.69
66744,广州,自提,男,青年,周末,家居日用,447,17433.81,72,93,72.15
44500,西安,自提,女,青年,周末,食品生鲜,378,15043.65,126,196,35.82
96169,武汉,网购,男,青年,周末,服装鞋帽,19,2527.78,16,17,65.45
25207,武汉,网购,女,青年,周间,家居日用,253,8379.79,29,55,52.48
55823,上海,网购,女,青年,周末,运动户外,261,52723.64,70,55,567.01
78945,西安,网购,女,中年,周末,家居日用,347,757.1,25,22,17.36
99212,上海,自提,女,青年,周末,食品生鲜,79,89.83,4,2,23.01
72895,武汉,门店购买,女,青年,周末,食品生鲜,497,1164.53,12,21,24.17
84600,广州,网购,男,中年,周间,食品生鲜,409,470.33,15,24,11.48
59989,上海,自提,女,青年,周间,电子产品,11,12075.81,4,3,1693.51
94825,广州,网购,女,青年,周间,运动户外,413,57454.26,80,155,185.21
58163,南京,网购,女,青年,周间,家居日用,138,3806.48,109,24,86.17
90460,广州,自提,女,青年,周间,家居日用,347,12172.8,58,83,50.82
74922,南京,门店购买,男,青年,周间,电子产品,465,189877.57,123,77,834.32
49375,深圳,门店购买,女,青年,周末,美妆护肤,40,1544.97,3,9,73.38
22384,武汉,门店购买,女,青年,周末,美妆护肤,9,1649.48,2,8,73.13
61505,北京,网购,女,中年,周间,食品生鲜,301,14965.13,186,233,27.94
44743,成都,网购,男,青年,周间,运动户外,55,7815.14,28,35,93.44
11743,广州,门店购买,女,青年,周间,运动户外,495,353398.61,191,309,447.0
90837,成都,门店购买,女,中年,周末,服装鞋帽,70,508.01,2,4,38.71
34670,北京,网购,女,青年,周末,家居日用,432,17237.71,161,276,24.37
70742,广州,自提,女,青年,周末,服装鞋帽,379,110539.89,180,228,214.02
68918,西安,网购,男,青年,周间,电子产品,171,11195.33,3,2,2876.8
64484,武汉,门店购买,女,青年,周间,家居日用,263,17356.0,152,250,22.09
12492,重庆,门店购买,女,青年,周间,运动户外,214,25296.76,122,30,490.5
55451,武汉,门店购买,女,青年,周间,运动户外,99,34629.48,61,45,348.06
87025,成都,门店购买,女,青年,周间,运动户外,365,137281.53,100,107,643.98
57219,武汉,网购,男,青年,周末,运动户外,248,10564.58,34,23,221.27
23225,重庆,自提,女,青年,周末,电子产品,184,542802.86,67,92,2079.26
75991,北京,网购,女,青年,周末,电子产品,288,200078.17,58,63,1277.0
56562,北京,门店购买,女,中年,周末,运动户外,26,20651.18,15,26,438.82
24539,上海,门店购买,男,中年,周末,美妆护肤,54,3710.04,11,21,63.89
57400,广州,门店购买,女,中年,周间,运动户外,446,10412.21,26,10,416.89
28058,上海,网购,女,老年,周末,服装鞋帽,428,17638.59,122,88,70.43
44867,成都,门店购买,女,青年,周末,服装鞋帽,386,69937.55,193,272,94.74
66206,重庆,自提,女,老年,周间,电子产品,227,12329.13,38,2,2806.14
19120,上海,自提,女,青年,周末,家居日用,32,1778.99,26,49,20.94
29785,西安,网购,女,青年,周间,运动户外,381,18714.29,81,89,80.73
79178,西安,网购,女,青年,周末,美妆护肤,320,103236.44,159,227,257.55
95033,重庆,网购,女,青年,周间,家居日用,372,7701.19,185,65,54.77
38014,上海,门店购买,女,青年,周末,电子产品,15,130248.62,15,26,1891.65
49838,重庆,门店购买,男,中年,周间,食品生鲜,322,4194.71,130,182,12.15
26351,武汉,自提,男,青年,周末,运动户外,298,355609.39,145,274,480.4
49216,杭州,门店购买,男,中年,周末,电子产品,168,677999.29,133,99,2796.78
22843,广州,门店购买,女,中年,周末,电子产品,32,41360.8,28,9,1993.82
58404,南京,自提,女,中年,周间,运动户外,217,249631.29,113,177,630.23
64646,广州,网购,男,青年,周间,服装鞋帽,496,116396.99,181,263,148.45
37871,武汉,自提,男,中年,周间,电子产品,309,66283.32,105,29,1077.74
15279,南京,网购,男,青年,周间,食品生鲜,151,531.43,125,8,22.76
87283,重庆,网购,女,中年,周末,服装鞋帽,420,20299.88,190,251,37.55
18855,北京,自提,女,青年,周间,食品生鲜,401,8447.27,97,122,38.09
27407,广州,门店购买,女,中年,周间,服装鞋帽,444,19624.55,187,167,57.28
91735,重庆,自提,男,中年,周间,美妆护肤,24,13723.91,22,29,233.67
31707,北京,门店购买,女,青年,周末,运动户外,287,18742.34,22,13,666.87
16930,西安,门店购买,男,中年,周末,电子产品,338,721256.76,137,93,2966.37
36975,深圳,门店购买,女,青年,周间,家居日用,302,2824.57,12,16,54.19
67280,广州,自提,男,中年,周间,家居日用,132,1572.51,24,8,90.92
47401,广州,网购,女,中年,周末,食品生鲜,488,4523.55,105,174,12.59
52636,广州,网购,男,青年,周末,食品生鲜,73,1334.16,53,42,18.5
25855,北京,网购,男,中年,周末,家居日用,261,24723.69,193,259,31.93
17947,成都,自提,女,青年,周末,家居日用,325,21135.64,60,117,68.78
86830,上海,网购,男,青年,周间,家居日用,43,4198.2,41,65,38.13
58929,南京,网购,男,青年,周间,美妆护肤,232,510.07,11,1,300.09
91360,杭州,门店购买,男,青年,周间,食品生鲜,307,7835.17,65,98,44.19
37886,西安,门店购买,女,青年,周末,食品生鲜,46,1034.71,26,45,7.86
82938,杭州,自提,男,青年,周间,运动户外,485,87982.3,88,163,283.81
69338,杭州,网购,女,青年,周间,美妆护肤,169,1290.88,5,3,129.35
72459,北京,网购,男,青年,周间,家居日用,276,5910.04,21,42,64.95
98029,武汉,门店购买,男,青年,周间,美妆护肤,184,24048.34,100,46,284.17
11105,上海,自提,女,中年,周间,电子产品,114,38578.42,96,6,3241.66
56900,深圳,网购,女,中年,周末,服装鞋帽,253,1979.18,93,10,113.08
89433,深圳,网购,男,老年,周间,电子产品,446,607728.49,72,129,2193.17
96486,西安,门店购买,男,青年,周末,运动户外,34,12722.69,9,9,786.89
78561,杭州,网购,男,老年,周间,运动户外,287,1419.26,117,1,698.69
95200,北京,自提,女,中年,周间,食品生鲜,63,3036.99,44,67,18.51
15697,深圳,网购,女,中年,周间,食品生鲜,3,147.02,2,4,20.73
13325,深圳,门店购买,女,老年,周末,服装鞋帽,85,4255.78,43,40,51.88
13653,武汉,自提,男,青年,周间,食品生鲜,127,487.89,14,16,12.27
17134,成都,门店购买,男,中年,周间,电子产品,321,344394.34,115,149,1369.16
14370,重庆,自提,男,中年,周末,家居日用,29,2729.03,10,20,43.63
98809,北京,门店购买,男,青年,周间,家居日用,50,3690.34,40,53,33.41
96471,西安,网购,女,青年,周间,美妆护肤,318,9513.73,26,22,217.4
13404,武汉,门店购买,女,青年,周末,电子产品,7,10707.52,5,2,2956.53
85132,广州,门店购买,女,青年,周间,运动户外,318,24772.71,114,48,278.23
17928,广州,自提,女,青年,周间,食品生鲜,299,1843.62,139,75,9.65
54944,杭州,自提,男,青年,周末,电子产品,122,59407.56,65,14,1521.78
36263,深圳,网购,女,青年,周间,运动户外,355,169421.25,120,154,611.24
84199,成都,门店购买,女,青年,周末,电子产品,233,46818.21,11,16,881.09
39232,深圳,自提,男,青年,周间,运动户外,193,22854.93,53,52,262.38
57555,北京,网购,女,青年,周末,服装鞋帽,149,17258.03,113,50,198.06
57174,北京,网购,男,青年,周末,服装鞋帽,454,10022.55,68,45,103.87
33401,深圳,网购,男,中年,周末,电子产品,426,281372.85,174,71,2125.06
24544,成都,网购,女,青年,周间,食品生鲜,339,5338.79,44,68,47.05
66848,上海,网购,男,中年,周末,服装鞋帽,99,36047.98,69,97,146.94
66300,深圳,网购,男,中年,周间,服装鞋帽,168,4821.22,64,14,132.25
26575,南京,门店购买,女,青年,周末,家居日用,405,12923.95,170,315,18.57
94550,南京,自提,女,青年,周末,食品生鲜,365,8119.32,96,135,30.96
74853,武汉,自提,女,青年,周末,服装鞋帽,113,12833.39,26,29,185.32
50107,重庆,自提,男,中年,周间,食品生鲜,282,574.7,22,9,24.81
78002,成都,网购,男,青年,周间,家居日用,231,11046.94,120,111,53.88
51552,杭州,自提,男,青年,周末,食品生鲜,331,1692.71,20,23,28.58
75767,南京,门店购买,男,中年,周末,电子产品,61,10492.97,5,6,629.74
35774,成都,自提,女,中年,周间,服装鞋帽,362,35452.44,155,71,262.51
81188,杭州,网购,女,青年,周间,家居日用,485,23665.23,104,149,48.21
95733,南京,网购,女,青年,周末,家居日用,120,18339.21,67,120,67.0
21255,成都,网购,女,中年,周间,服装鞋帽,225,68885.94,116,219,129.72
85695,广州,自提,男,青年,周间,食品生鲜,116,3276.6,54,55,25.08
80464,杭州,自提,男,青年,周末,服装鞋帽,79,25150.87,43,73,165.69
89670,西安,自提,女,青年,周间,电子产品,274,224716.68,99,49,1828.24
69183,杭州,网购,男,青年,周末,电子产品,424,1444879.86,177,309,1664.69
19108,重庆,自提,男,青年,周末,家居日用,30,541.93,12,17,12.69
63852,重庆,网购,男,青年,周间,家居日用,381,4809.16,18,25,107.67
27030,深圳,自提,女,中年,周间,服装鞋帽,310,51952.71,148,159,147.28
99762,武汉,自提,男,青年,周末,家居日用,33,6524.16,26,39,76.58
84609,武汉,自提,女,青年,周末,食品生鲜,331,5386.33,117,89,31.08
48987,重庆,门店购买,男,青年,周末,美妆护肤,376,35947.43,111,118,151.63
84529,上海,自提,男,青年,周末,食品生鲜,452,9376.5,161,276,19.53
38476,武汉,自提,男,老年,周末,电子产品,259,695659.28,197,167,1455.68
37180,南京,网购,女,青年,周间,家居日用,176,4871.73,103,50,29.54
25031,广州,自提,女,青年,周末,电子产品,281,767285.0,169,125,2647.55
71707,杭州,网购,男,中年,周末,服装鞋帽,151,7688.27,32,51,75.59
11469,杭州,网购,女,青年,周末,运动户外,18,10845.46,18,14,243.5
93203,南京,门店购买,男,青年,周间,家居日用,27,38.27,20,1,15.81
36442,深圳,自提,男,青年,周末,家居日用,15,1016.94,1,6,85.42
18280,深圳,网购,男,中年,周末,家居日用,263,4537.54,28,53,40.12
34844,西安,网购,女,中年,周末,服装鞋帽,110,2589.77,14,12,65.72
95720,成都,网购,女,青年,周末,电子产品,337,169632.3,72,95,1010.01
63883,杭州,门店购买,女,老年,周末,运动户外,275,46421.95,146,88,173.25
52513,重庆,门店购买,男,青年,周间,运动户外,247,4904.76,18,22,127.89
68839,重庆,门店购买,男,青年,周末,服装鞋帽,11,838.87,10,4,109.34
41922,西安,网购,男,青年,周间,食品生鲜,104,707.13,20,25,8.81
88390,武汉,门店购买,女,青年,周间,运动户外,403,18419.83,195,21,520.38
94940,杭州,网购,男,中年,周间,食品生鲜,125,648.02,27,35,10.65
42550,深圳,门店购买,女,青年,周末,家居日用,323,355.75,2,2,57.1
35226,北京,门店购买,男,中年,周末,电子产品,89,973313.94,76,141,4000.55
40973,南京,网购,女,中年,周间,服装鞋帽,370,8258.79,51,32,124.33
49728,杭州,门店购买,女,老年,周末,食品生鲜,442,1613.13,124,21,31.33
59508,广州,自提,女,青年,周间,服装鞋帽,420,2400.06,124,6,171.29
20909,杭州,门店购买,男,青年,周末,食品生鲜,195,3514.25,119,79,18.35
89432,武汉,网购,女,青年,周间,服装鞋帽,80,85.39,25,1,38.44
59054,武汉,自提,女,中年,周间,家居日用,251,6358.59,79,151,23.81
26315,重庆,门店购买,男,青年,周间,食品生鲜,395,13933.32,193,370,19.31
93228,成都,门店购买,男,青年,周间,运动户外,127,15181.31,32,62,133.19
92700,北京,门店购买,男,青年,周间,运动户外,76,31449.41,33,32,575.46
31158,北京,网购,男,青年,周间,家居日用,362,4962.35,151,42,42.14
65436,广州,自提,女,青年,周间,美妆护肤,158,104349.74,106,193,280.23
21648,上海,门店购买,女,中年,周间,运动户外,108,113088.59,96,102,334.75
32072,武汉,网购,男,青年,周间,美妆护肤,214,69835.32,168,148,165.71
59106,广州,门店购买,男,青年,周末,美妆护肤,486,11373.92,29,29,142.67
36337,北京,门店购买,男,中年,周末,食品生鲜,462,6299.12,105,113,27.17
93418,广州,网购,女,青年,周末,食品生鲜,33,106.13,22,2,23.53
98185,上海,网购,男,青年,周末,运动户外,299,1897.56,11,4,255.0
59239,西安,门店购买,女,中年,周间,食品生鲜,310,3401.79,110,87,22.17
51317,深圳,自提,女,青年,周末,食品生鲜,448,395.21,85,26,8.53
62665,广州,网购,男,中年,周间,运动户外,385,74811.88,64,95,398.36
72285,南京,自提,男,青年,周间,电子产品,325,93628.61,93,12,4063.04
98857,武汉,网购,女,青年,周末,食品生鲜,220,11950.24,122,169,40.42
60444,杭州,门店购买,男,中年,周末,服装鞋帽,255,8591.77,23,20,257.28
71184,广州,自提,男,青年,周末,服装鞋帽,109,16080.36,22,43,124.02
13830,广州,自提,女,中年,周末,运动户外,132,333490.45,122,244,460.5
27793,南京,门店购买,女,青年,周间,服装鞋帽,478,11916.13,148,34,144.78
60023,南京,自提,男,青年,周末,食品生鲜,45,111.35,8,3,17.73
34662,上海,门店购买,女,青年,周间,家居日用,296,82.84,189,1,39.52
34885,重庆,自提,女,中年,周末,美妆护肤,340,68668.27,155,303,94.87
80555,武汉,自提,男,中年,周间,服装鞋帽,256,33208.96,175,234,54.64
97208,北京,门店购买,女,青年,周末,食品生鲜,435,13549.98,181,294,25.28
74883,杭州,门店购买,女,青年,周间,服装鞋帽,424,47108.45,184,108,253.13
39500,北京,网购,女,中年,周间,运动户外,468,2736.98,41,3,366.05
98853,武汉,自提,女,青年,周间,食品生鲜,357,6359.08,50,90,29.54
27157,成都,门店购买,男,中年,周间,家居日用,336,3950.52,42,74,27.16
48152,广州,网购,男,中年,周末,运动户外,334,6862.47,3,6,540.65
98908,广州,自提,女,青年,周末,电子产品,50,82696.03,23,31,842.28
77559,成都,门店购买,女,老年,周间,服装鞋帽,18,986.36,4,4,96.37
88139,广州,门店购买,女,中年,周末,家居日用,443,15050.2,167,196,38.08
58145,北京,网购,男,青年,周间,运动户外,343,26672.44,131,116,108.5
85055,武汉,自提,男,中年,周末,家居日用,248,18000.95,166,223,27.25
52628,上海,门店购买,男,青年,周末,家居日用,285,30751.17,138,272,51.52
86640,南京,门店购买,男,中年,周末,运动户外,460,15847.25,31,12,671.61
10697,南京,自提,女,青年,周末,美妆护肤,106,6810.47,84,42,61.14
14588,上海,网购,女,青年,周末,家居日用,484,72.22,169,1,22.67
78084,杭州,门店购买,女,青年,周间,运动户外,161,178832.3,134,181,447.75
22977,北京,网购,男,青年,周间,服装鞋帽,491,9199.37,35,28,125.91
91567,重庆,网购,女,青年,周末,家居日用,234,2465.16,22,17,84.4
28775,南京,网购,男,青年,周间,运动户外,357,111749.07,166,99,529.5
94904,南京,门店购买,男,青年,周末,食品生鲜,404,1635.05,112,98,8.03
20161,杭州,网购,男,青年,周间,电子产品,169,177483.03,164,46,1543.54
45815,广州,网购,女,青年,周间,服装鞋帽,194,23907.12,27,51,165.34
50180,西安,自提,男,青年,周间,美妆护肤,139,807.84,26,4,117.94
61060,广州,自提,女,青年,周末,食品生鲜,5,173.22,5,3,19.79
84391,杭州,网购,女,中年,周末,运动户外,312,143917.18,108,181,343.24
56399,武汉,门店购买,女,青年,周间,美妆护肤,483,31445.82,184,118,148.54
50063,重庆,自提,男,青年,周末,运动户外,123,9951.53,121,24,131.54
47467,南京,自提,男,老年,周间,运动户外,261,57648.69,188,70,374.31
98706,南京,门店购买,男,青年,周末,运动户外,4,10571.12,4,9,438.43
96661,南京,门店购买,男,青年,周末,运动户外,477,369858.38,196,269,484.59
58110,广州,门店购买,女,老年,周间,家居日用,195,9352.98,44,48,78.21
99006,深圳,门店购买,男,青年,周间,食品生鲜,136,62.97,55,1,29.64
38503,杭州,门店购买,男,中年,周间,电子产品,183,44923.0,2,10,1749.77
24046,北京,自提,男,青年,周末,电子产品,221,104592.56,126,51,931.69
30147,重庆,网购,女,青年,周间,服装鞋帽,241,19747.17,102,96,88.14
33878,南京,自提,男,老年,周间,服装鞋帽,72,4616.66,46,56,46.58
36013,上海,网购,女,青年,周间,家居日用,381,515.28,85,9,20.59
72822,杭州,网购,女,青年,周间,运动户外,366,49409.51,33,42,628.33
62412,南京,门店购买,女,青年,周末,电子产品,65,109250.14,20,23,2518.53
40999,北京,门店购买,女,青年,周末,家居日用,246,8220.38,75,73,59.49
42472,西安,网购,男,青年,周末,食品生鲜,359,3068.65,64,110,14.28
23508,南京,门店购买,男,青年,周末,服装鞋帽,62,1249.48,9,13,57.39
29163,重庆,网购,男,青年,周末,家居日用,209,23397.24,135,157,88.53
39068,成都,自提,女,青年,周间,运动户外,27,2200.08,10,4,211.3
56009,重庆,网购,女,中年,周末,电子产品,1,17267.12,1,6,1270.91
89498,上海,自提,男,青年,周间,食品生鲜,172,617.63,78,29,6.48
82321,广州,自提,女,中年,周间,运动户外,399,267240.67,151,271,366.32
46168,深圳,门店购买,女,青年,周末,服装鞋帽,323,40339.59,191,309,62.14
95767,深圳,网购,女,中年,周末,美妆护肤,317,36517.13,88,78,279.45
36476,南京,门店购买,男,青年,周末,家居日用,282,23604.07,183,130,95.83
83445,成都,自提,女,青年,周末,家居日用,35,3214.07,31,27,69.73
12867,广州,门店购买,女,青年,周末,食品生鲜,24,266.54,19,4,33.86
62100,武汉,门店购买,男,青年,周间,美妆护肤,400,42380.88,100,103,148.98
10471,广州,门店购买,男,青年,周末,美妆护肤,234,35329.71,129,133,97.25
45194,南京,网购,男,青年,周末,食品生鲜,21,762.33,21,10,29.22
27428,杭州,网购,男,老年,周末,美妆护肤,60,2542.13,1,6,250.68
52540,上海,门店购买,女,中年,周间,美妆护肤,151,6306.88,84,15,127.45
56593,深圳,门店购买,女,青年,周末,美妆护肤,337,159986.15,200,400,206.69
60067,杭州,门店购买,男,中年,周末,食品生鲜,138,4195.28,53,75,31.18
61834,广州,自提,男,中年,周间,食品生鲜,76,566.85,62,12,20.68
33083,深圳,门店购买,女,中年,周末,运动户外,145,2058.97,6,5,145.5
61668,西安,网购,男,青年,周间,服装鞋帽,233,25274.33,166,207,55.93
11545,西安,网购,女,青年,周末,电子产品,391,54260.77,165,23,1252.8
45082,广州,门店购买,男,中年,周末,电子产品,278,1225426.56,189,174,2292.32
28249,武汉,门店购买,女,中年,周间,食品生鲜,246,596.22,40,32,9.46
92245,南京,网购,男,中年,周末,美妆护肤,152,18001.48,27,33,231.61
10158,深圳,网购,男,青年,周末,食品生鲜,336,4344.77,74,58,37.85
24733,武汉,网购,男,青年,周间,食品生鲜,40,975.79,40,43,13.09
21115,北京,门店购买,男,青年,周间,美妆护肤,93,20939.51,87,109,96.09
49526,西安,自提,女,中年,周间,家居日用,339,11411.92,95,68,86.16
20009,北京,网购,男,青年,周间,家居日用,370,8661.65,123,209,19.62
46500,广州,网购,女,老年,周末,家居日用,181,12960.53,82,127,51.84
64256,西安,门店购买,女,青年,周末,家居日用,215,31004.69,141,255,54.44
80282,深圳,自提,男,青年,周间,美妆护肤,296,181353.59,199,356,186.35
21436,深圳,自提,男,青年,周末,食品生鲜,286,2620.06,122,35,23.8
55789,成都,网购,女,青年,周间,服装鞋帽,108,6000.89,106,58,35.32
28753,重庆,门店购买,男,青年,周间,食品生鲜,28,406.55,23,7,18.71
87847,广州,网购,男,青年,周末,服装鞋帽,40,4290.49,1,10,182.32
33910,武汉,门店购买,男,中年,周间,家居日用,211,18247.26,185,173,52.05
11731,杭州,网购,男,青年,周末,美妆护肤,385,12802.88,45,65,82.51
65524,武汉,门店购买,女,中年,周间,运动户外,117,11620.89,55,21,181.28
59487,广州,门店购买,男,青年,周末,服装鞋帽,201,47031.81,48,96,235.91
20119,武汉,自提,女,青年,周间,家居日用,85,1210.97,7,13,39.8
45378,上海,网购,男,青年,周间,电子产品,123,105424.02,37,21,1604.43
88264,北京,自提,男,青年,周末,服装鞋帽,138,11736.94,22,37,148.81
73413,北京,网购,女,青年,周间,电子产品,183,484643.26,73,102,1873.68
61202,成都,网购,男,青年,周末,美妆护肤,414,10115.41,199,77,70.78
72515,西安,网购,女,青年,周间,电子产品,454,369279.31,161,48,2842.46
38265,广州,门店购买,男,老年,周间,家居日用,403,3495.5,34,44,38.69
66479,北京,门店购买,女,青年,周末,服装鞋帽,291,30832.19,161,255,36.82
50572,南京,网购,女,青年,周间,服装鞋帽,479,4562.37,76,42,51.38
56316,上海,网购,男,中年,周间,食品生鲜,243,6528.66,66,114,19.59
26248,西安,自提,男,青年,周间,家居日用,210,7031.03,159,67,47.62
91871,成都,自提,男,青年,周间,食品生鲜,450,1217.48,175,22,27.29
42088,南京,网购,男,中年,周间,家居日用,82,18040.55,73,103,64.27
70591,上海,自提,女,青年,周间,电子产品,44,52902.34,12,24,1295.81
62028,重庆,网购,女,青年,周间,食品生鲜,310,3335.69,125,55,26.86
46487,武汉,网购,男,中年,周末,运动户外,110,17572.58,41,73,115.62
59844,北京,自提,女,老年,周末,电子产品,109,22778.09,3,7,1596.76
20956,广州,网购,女,青年,周间,运动户外,232,64575.41,108,135,271.66
34127,北京,网购,女,青年,周间,服装鞋帽,102,15243.26,45,54,130.03
31061,重庆,自提,女,中年,周末,电子产品,371,1635677.14,171,297,2187.07
51486,北京,网购,女,中年,周间,食品生鲜,59,3603.12,51,87,18.89
10481,武汉,网购,女,青年,周末,电子产品,112,207326.09,96,49,1962.51
31771,西安,自提,男,青年,周末,运动户外,296,7547.48,4,6,383.48
50234,南京,网购,女,青年,周间,家居日用,211,15542.04,91,91,73.06
54017,上海,网购,女,青年,周末,美妆护肤,305,23045.44,42,70,126.92
96455,重庆,门店购买,女,中年,周末,电子产品,413,34335.36,27,6,2774.74
63907,上海,自提,男,青年,周末,运动户外,149,26935.88,108,55,213.72
59948,上海,网购,女,老年,周间,家居日用,212,6352.45,166,203,12.9
39351,南京,自提,女,中年,周间,食品生鲜,430,5311.28,107,173,17.5
64336,北京,网购,男,青年,周间,美妆护肤,420,83894.91,190,308,95.64
84997,重庆,网购,女,青年,周间,电子产品,411,514284.76,148,220,1147.51
32769,重庆,自提,男,青年,周末,运动户外,411,23002.5,33,65,167.42
61381,杭州,门店购买,男,中年,周末,电子产品,48,11024.98,2,7,836.34
30060,北京,门店购买,男,青年,周末,运动户外,376,60463.32,34,59,546.5
34452,深圳,门店购买,男,青年,周末,运动户外,400,70821.35,97,67,404.3
28844,北京,门店购买,男,青年,周末,电子产品,73,248707.66,37,34,2398.08
74781,成都,网购,女,青年,周末,家居日用,38,657.5,32,10,28.01
51102,武汉,网购,男,青年,周末,运动户外,291,407799.25,162,311,439.48
54932,成都,自提,男,青年,周间,电子产品,99,39869.62,78,8,2269.57
29968,深圳,自提,男,中年,周末,食品生鲜,71,373.82,29,6,36.26
45073,杭州,自提,男,老年,周间,运动户外,283,121880.69,167,151,438.05
67155,南京,自提,男,青年,周末,运动户外,434,208862.31,184,144,479.9
87015,杭州,网购,男,老年,周间,家居日用,453,14319.99,115,109,50.12
51779,西安,网购,女,青年,周间,食品生鲜,460,1458.97,162,33,25.06
77024,杭州,门店购买,女,青年,周间,家居日用,16,502.61,4,3,71.84
34368,成都,网购,男,青年,周间,食品生鲜,75,250.02,41,16,7.91
53105,深圳,自提,女,中年,周末,家居日用,146,4553.88,55,68,31.36
89679,上海,门店购买,女,青年,周间,食品生鲜,417,1418.46,82,51,15.04
75359,北京,自提,女,青年,周间,服装鞋帽,308,36601.62,84,152,113.88
47360,北京,门店购买,男,中年,周间,服装鞋帽,431,4562.48,104,10,262.53
15127,成都,门店购买,男,青年,周末,家居日用,371,5958.48,78,71,33.88
20455,南京,自提,女,青年,周间,食品生鲜,357,8910.79,117,127,41.41
25913,成都,门店购买,男,青年,周末,电子产品,72,78089.3,14,11,3672.16
39667,广州,网购,男,中年,周间,美妆护肤,3,244.65,3,1,131.01
24523,北京,自提,男,青年,周间,食品生鲜,358,952.64,44,18,17.78
51855,广州,门店购买,女,青年,周末,美妆护肤,271,25855.96,62,74,156.19
46771,成都,门店购买,女,青年,周间,食品生鲜,365,1179.98,22,23,28.83
96439,深圳,门店购买,男,青年,周间,电子产品,109,18171.91,2,4,1887.69
73916,上海,自提,男,中年,周间,食品生鲜,363,4201.67,117,168,11.29
27047,深圳,自提,女,老年,周末,家居日用,97,917.33,9,9,51.56
85660,上海,网购,女,中年,周末,服装鞋帽,9,1152.23,8,6,85.05
79584,武汉,自提,女,青年,周末,食品生鲜,221,816.01,55,20,17.51
53743,北京,自提,女,青年,周末,运动户外,196,98108.11,188,217,161.33
33153,西安,自提,女,青年,周末,运动户外,26,23146.61,21,16,529.3
16964,北京,门店购买,女,青年,周末,食品生鲜,116,9614.46,113,159,25.48
61496,上海,网购,女,青年,周末,服装鞋帽,178,55715.84,164,148,145.46
10407,上海,网购,女,中年,周末,服装鞋帽,162,1745.53,18,11,90.44
28590,北京,门店购买,女,青年,周末,服装鞋帽,499,3034.09,68,20,80.11
11275,西安,自提,女,青年,周间,服装鞋帽,242,1271.85,29,3,199.33
48097,深圳,门店购买,男,中年,周末,电子产品,156,543959.03,86,116,1900.27
81527,杭州,门店购买,女,青年,周间,电子产品,424,477049.68,91,78,3470.3
97023,西安,自提,男,青年,周末,服装鞋帽,211,42288.91,57,85,202.57
14050,深圳,门店购买,女,青年,周末,服装鞋帽,472,20554.33,97,164,47.9
92167,南京,自提,男,青年,周间,食品生鲜,201,16358.66,151,214,29.27
34978,北京,门店购买,女,中年,周末,家居日用,408,28409.56,117,146,104.63
47802,上海,网购,女,中年,周末,家居日用,349,13020.39,39,67,94.67
97073,广州,自提,女,青年,周间,电子产品,233,23377.29,11,7,1596.07
16972,武汉,自提,男,青年,周末,电子产品,129,324526.21,36,45,3862.43
75797,南京,网购,男,中年,周末,运动户外,101,104530.33,56,75,539.71
14212,武汉,自提,男,中年,周间,家居日用,205,3169.36,26,17,89.32
32715,西安,自提,女,中年,周末,运动户外,394,12421.13,52,33,175.51
49460,杭州,网购,女,青年,周间,美妆护肤,94,9301.62,49,56,76.07
51059,南京,门店购买,女,青年,周间,家居日用,216,4129.82,106,119,16.23
65170,上海,网购,女,中年,周间,服装鞋帽,318,15475.25,140,151,56.73
26506,重庆,门店购买,男,青年,周间,电子产品,44,34471.56,4,5,3412.44
53710,西安,网购,女,青年,周间,电子产品,63,441276.34,48,75,3070.16
16949,深圳,门店购买,男,青年,周间,服装鞋帽,115,60318.29,115,173,120.79
92344,杭州,门店购买,男,中年,周末,电子产品,35,16273.92,1,3,1824.36
22696,深圳,网购,男,青年,周间,家居日用,29,493.87,4,5,58.75
40792,南京,自提,女,中年,周末,家居日用,75,162.26,3,3,28.31
41546,广州,门店购买,男,青年,周间,食品生鲜,342,1787.62,26,38,23.54
61273,重庆,门店购买,男,青年,周间,服装鞋帽,15,1043.63,5,8,54.38
86092,杭州,网购,女,青年,周间,服装鞋帽,240,46130.43,186,235,116.71
56890,南京,门店购买,男,青年,周间,美妆护肤,33,4046.14,12,21,95.72
83812,成都,自提,男,青年,周间,家居日用,35,4840.86,31,25,93.28
33642,西安,门店购买,女,青年,周间,美妆护肤,490,71699.66,149,179,219.89
18856,北京,网购,男,青年,周末,家居日用,479,20745.39,174,244,31.41
41013,上海,网购,女,中年,周间,电子产品,32,13945.75,17,8,915.16
67872,成都,门店购买,男,中年,周间,电子产品,358,229493.09,116,97,1162.18
82937,深圳,网购,女,青年,周间,服装鞋帽,104,11016.87,95,42,120.28
35204,上海,门店购买,男,青年,周末,服装鞋帽,18,231.02,5,1,97.58
81641,上海,自提,男,青年,周间,服装鞋帽,427,31641.05,54,74,192.52
56725,西安,门店购买,男,中年,周间,家居日用,321,2408.36,97,19,42.86
77796,杭州,网购,男,青年,周末,美妆护肤,277,1365.18,85,6,132.46
42949,重庆,门店购买,女,青年,周末,食品生鲜,39,2184.19,35,31,40.83
75542,杭州,自提,男,青年,周末,美妆护肤,242,1083.93,68,8,57.78
36281,成都,网购,男,青年,周间,运动户外,468,13465.95,16,16,455.91
83905,西安,门店购买,男,青年,周末,家居日用,307,59029.43,190,314,106.45
72753,广州,自提,男,青年,周间,美妆护肤,116,29441.47,84,90,127.92
39852,北京,网购,男,中年,周末,美妆护肤,312,78421.99,98,175,136.87
73199,北京,自提,女,青年,周间,运动户外,219,24868.33,141,71,117.48
90694,成都,自提,男,青年,周末,服装鞋帽,119,1600.2,12,19,35.7
80283,西安,网购,男,中年,周末,电子产品,40,13051.84,4,3,1674.02
51173,成都,门店购买,男,老年,周末,美妆护肤,204,30207.17,123,169,57.74
42794,南京,网购,女,中年,周间,服装鞋帽,228,73686.9,183,155,253.89
48362,深圳,门店购买,女,青年,周末,电子产品,178,1389837.91,106,181,3423.63
20282,深圳,网购,男,青年,周末,电子产品,191,126519.21,186,73,642.18
67708,武汉,网购,男,青年,周末,食品生鲜,143,5295.03,99,77,22.37
46581,西安,自提,女,青年,周间,家居日用,228,519.79,12,8,23.09
66503,南京,网购,女,青年,周间,电子产品,466,1297074.67,156,173,4290.35
87458,深圳,网购,女,中年,周间,家居日用,401,5017.72,187,30,77.94
98862,杭州,门店购买,女,青年,周间,服装鞋帽,492,47179.95,98,120,227.01
27284,北京,自提,女,青年,周末,美妆护肤,152,45483.06,87,147,149.96
57408,杭州,门店购买,女,中年,周末,电子产品,158,1144109.78,146,165,3843.36
68170,武汉,网购,女,青年,周末,食品生鲜,246,8310.53,164,285,9.26
20426,杭州,门店购买,女,老年,周间,服装鞋帽,133,29815.22,71,67,150.49
92619,广州,网购,男,青年,周末,服装鞋帽,351,73123.23,130,226,101.14
39878,北京,门店购买,女,老年,周末,运动户外,433,157600.3,91,139,544.43
55839,上海,网购,女,青年,周末,服装鞋帽,105,17461.85,42,74,129.03
64521,上海,门店购买,女,中年,周末,电子产品,168,680320.41,156,185,1553.49
95456,成都,自提,女,青年,周末,食品生鲜,23,371.36,10,5,22.85
89827,深圳,自提,女,中年,周间,美妆护肤,17,3402.38,5,7,240.48
20133,深圳,门店购买,女,青年,周末,美妆护肤,409,6934.36,14,20,158.57
67805,成都,自提,男,中年,周间,服装鞋帽,169,41448.25,63,103,164.42
69745,成都,门店购买,男,青年,周间,运动户外,491,28234.53,105,93,142.13
20019,成都,门店购买,女,青年,周间,家居日用,118,6183.27,73,33,69.98
63427,西安,门店购买,男,青年,周间,食品生鲜,161,249.32,31,6,18.76
29450,西安,自提,男,中年,周间,电子产品,86,86722.51,16,27,1497.97
71585,上海,网购,男,中年,周末,运动户外,86,4346.83,10,5,398.86
60870,重庆,自提,男,青年,周末,运动户外,151,30066.39,31,22,778.32
87526,西安,门店购买,男,老年,周末,电子产品,379,853228.98,91,115,3629.93
67106,杭州,自提,男,中年,周末,服装鞋帽,459,3290.8,2,10,165.25
69444,重庆,自提,女,青年,周间,电子产品,119,237904.76,39,64,1744.29
78838,西安,门店购买,女,青年,周间,食品生鲜,388,336.79,46,19,10.34
37614,重庆,门店购买,女,青年,周间,电子产品,178,97635.03,73,43,867.71
67529,深圳,网购,女,中年,周间,美妆护肤,386,6598.32,28,15,150.57
37111,南京,门店购买,男,青年,周末,美妆护肤,276,354.42,50,1,193.77
58436,深圳,自提,女,中年,周末,家居日用,152,6903.44,29,46,83.05
68249,重庆,自提,女,青年,周末,食品生鲜,375,4676.91,172,60,42.18
39155,上海,自提,男,青年,周间,家居日用,323,37938.76,189,263,46.48
51262,北京,自提,男,中年,周间,服装鞋帽,431,9094.48,143,19,233.67
42232,广州,门店购买,女,中年,周末,运动户外,101,24208.65,34,61,215.96
75106,杭州,网购,男,青年,周末,美妆护肤,439,13368.84,186,110,38.91
83103,西安,网购,男,青年,周间,美妆护肤,195,69566.41,162,299,94.14
79528,广州,自提,男,中年,周间,家居日用,408,26458.26,162,201,60.95
48720,上海,网购,男,老年,周间,家居日用,497,6052.82,115,84,30.8
33094,武汉,自提,男,青年,周间,运动户外,66,134582.87,62,108,556.71
64002,深圳,网购,女,青年,周末,家居日用,32,2460.72,21,17,61.28
67927,重庆,自提,女,中年,周间,家居日用,373,6079.27,57,44,43.34
68672,重庆,网购,男,青年,周末,美妆护肤,313,13952.97,85,34,125.57
12767,重庆,网购,女,中年,周末,运动户外,26,9390.18,17,14,241.15
30577,南京,自提,男,青年,周末,食品生鲜,170,2852.74,106,56,19.08
11787,北京,网购,男,青年,周间,电子产品,81,64645.95,37,39,811.33
42415,北京,自提,男,中年,周间,运动户外,206,46220.26,34,35,426.49
76127,重庆,网购,男,中年,周末,电子产品,377,555332.15,151,201,1330.88
50919,成都,自提,男,青年,周间,服装鞋帽,52,7383.08,17,31,102.14
39131,重庆,门店购买,女,青年,周末,家居日用,9,2492.72,8,13,101.4
24195,武汉,网购,男,青年,周末,家居日用,190,7035.58,123,145,19.08
28844,上海,网购,男,青年,周间,美妆护肤,128,3135.34,22,10,172.89
78603,西安,网购,男,中年,周间,家居日用,160,1412.06,87,39,18.35
88476,重庆,网购,女,青年,周间,美妆护肤,256,16743.42,81,61,140.72
77427,南京,门店购买,男,中年,周间,运动户外,40,10655.57,25,9,412.76
25922,广州,网购,女,中年,周末,电子产品,454,331431.08,109,127,1411.7
73857,广州,门店购买,女,青年,周间,电子产品,223,342728.45,76,70,2372.32
58710,西安,门店购买,男,青年,周末,美妆护肤,488,70536.74,183,191,138.63
70670,深圳,自提,男,青年,周间,电子产品,163,113954.37,107,46,793.01
10734,杭州,门店购买,男,青年,周末,美妆护肤,235,3733.29,85,25,65.8
30506,上海,自提,男,青年,周末,服装鞋帽,141,35802.44,73,110,127.5
91854,重庆,自提,男,青年,周末,电子产品,375,95728.11,56,36,1247.38
26607,南京,门店购买,女,青年,周间,运动户外,447,114719.99,158,243,142.01
40386,深圳,网购,男,青年,周间,电子产品,166,9561.35,20,4,1295.97
65758,武汉,自提,女,青年,周末,服装鞋帽,287,39289.49,101,97,207.33
56529,杭州,门店购买,女,青年,周末,服装鞋帽,485,54163.54,163,143,209.06
83464,武汉,自提,女,青年,周间,运动户外,179,5303.92,46,4,738.06
97823,成都,门店购买,女,青年,周末,家居日用,192,126.58,46,2,25.84
35544,北京,门店购买,女,青年,周间,食品生鲜,258,327.47,4,10,16.18
94105,武汉,自提,男,老年,周间,食品生鲜,321,1301.81,15,19,38.3
71709,西安,门店购买,女,青年,周间,运动户外,448,349904.77,166,280,389.22
13779,西安,门店购买,男,中年,周末,服装鞋帽,43,23502.82,27,54,137.89
93555,北京,自提,男,中年,周间,服装鞋帽,336,1977.47,158,9,110.21
51481,广州,门店购买,女,青年,周间,家居日用,429,1313.35,171,32,22.47
75735,广州,门店购买,女,青年,周间,电子产品,142,425911.98,51,89,1683.98
10422,杭州,自提,女,青年,周间,美妆护肤,429,17629.69,179,45,171.95
25238,上海,网购,男,青年,周末,服装鞋帽,404,1391.75,3,4,152.43
42339,杭州,门店购买,男,中年,周末,食品生鲜,28,774.18,13,23,12.91
84060,成都,自提,男,中年,周间,服装鞋帽,91,12681.13,38,34,141.49
74210,成都,门店购买,女,青年,周间,运动户外,352,7172.82,44,5,682.23
30408,南京,门店购买,男,老年,周间,食品生鲜,331,4215.64,175,148,14.52
76029,南京,门店购买,女,青年,周末,食品生鲜,112,579.5,60,34,5.7
96288,广州,自提,男,青年,周间,食品生鲜,289,8998.47,97,169,16.51
23711,成都,网购,男,青年,周间,食品生鲜,332,892.26,26,12,29.14
71189,南京,网购,男,青年,周间,美妆护肤,295,105001.41,178,223,208.15
41927,杭州,门店购买,女,青年,周间,运动户外,206,16081.95,77,11,823.44
76448,上海,自提,女,中年,周间,美妆护肤,15,1798.78,3,9,77.98
88230,南京,网购,男,青年,周间,电子产品,497,133072.25,24,20,2278.45
55364,武汉,自提,男,青年,周末,服装鞋帽,453,8157.29,45,39,74.33
36649,重庆,网购,男,青年,周间,电子产品,245,96724.69,41,45,999.38
61648,深圳,自提,女,中年,周末,电子产品,199,264851.31,33,41,2196.7
52875,杭州,门店购买,女,青年,周末,食品生鲜,251,5041.23,172,301,9.47
33351,深圳,自提,女,青年,周末,美妆护肤,307,114036.26,193,204,275.96
28098,武汉,网购,男,青年,周间,电子产品,174,448424.2,99,168,921.47
50775,重庆,门店购买,女,青年,周间,服装鞋帽,84,26161.2,51,88,98.68
20831,成都,门店购买,男,青年,周间,电子产品,83,89002.38,41,17,2173.74
69597,北京,自提,女,青年,周末,食品生鲜,218,1627.09,67,30,29.33
69017,南京,自提,女,中年,周间,电子产品,403,272586.91,46,55,2057.0
98436,上海,网购,男,青年,周间,服装鞋帽,264,61198.14,158,233,115.42
15222,上海,自提,女,青年,周间,食品生鲜,218,5925.14,87,173,18.69
81139,杭州,网购,女,青年,周末,家居日用,167,1312.82,77,10,53.45
14798,南京,门店购买,女,青年,周末,美妆护肤,49,2119.01,9,5,181.95
46004,成都,自提,男,中年,周间,电子产品,40,41972.83,21,24,844.36
93599,上海,自提,男,青年,周间,家居日用,206,574.68,6,3,72.23
95576,上海,自提,男,中年,周间,食品生鲜,316,7515.84,132,125,18.92
85148,武汉,网购,女,青年,周末,食品生鲜,257,1303.21,172,24,31.11
98894,杭州,自提,男,青年,周末,家居日用,337,2714.37,34,36,36.17
93211,成都,网购,男,青年,周间,服装鞋帽,33,9807.72,19,30,160.33
53090,南京,自提,女,中年,周末,食品生鲜,175,6093.91,82,89,23.66
75401,深圳,门店购买,男,青年,周间,家居日用,17,1003.4,3,8,50.62
37204,南京,自提,女,青年,周间,家居日用,346,452.02,120,8,26.87
91823,成都,门店购买,女,青年,周末,食品生鲜,285,19990.96,191,252,32.73
80463,广州,自提,男,青年,周末,服装鞋帽,57,5890.81,37,38,53.91
62575,南京,自提,女,中年,周间,美妆护肤,143,39295.51,82,93,210.96
92984,成都,门店购买,女,青年,周间,家居日用,388,12612.82,119,74,74.12
33281,重庆,自提,男,青年,周间,家居日用,336,16212.92,45,88,76.46
95603,重庆,自提,女,青年,周末,美妆护肤,115,19782.73,18,33,287.67
63578,北京,自提,男,青年,周间,运动户外,47,2331.71,24,2,658.77
95736,重庆,门店购买,男,中年,周末,家居日用,189,7353.66,186,123,34.74
36186,成都,网购,女,青年,周末,服装鞋帽,296,21584.53,119,118,87.98
41704,广州,自提,男,中年,周间,服装鞋帽,126,45034.24,60,93,146.27
14236,重庆,门店购买,女,中年,周末,家居日用,491,4702.24,67,31,73.13
80014,北京,自提,女,中年,周末,食品生鲜,416,12084.33,102,186,26.57
77051,武汉,自提,男,青年,周间,美妆护肤,386,9451.59,29,47,85.24
54542,广州,网购,女,青年,周末,食品生鲜,329,1701.86,178,38,22.96
42077,杭州,自提,女,青年,周间,家居日用,359,9304.75,67,71,69.25
29401,南京,自提,男,青年,周间,美妆护肤,186,40079.72,183,150,137.54
84401,杭州,自提,女,青年,周末,运动户外,413,25771.94,178,66,151.39
60361,杭州,门店购买,男,青年,周末,美妆护肤,156,9434.4,38,75,51.48
76662,南京,自提,女,青年,周末,食品生鲜,330,5351.9,40,76,27.77
59068,重庆,自提,男,中年,周间,服装鞋帽,248,1443.49,98,4,115.27
39468,杭州,网购,男,青年,周末,运动户外,101,51015.57,46,64,457.4
11599,南京,网购,男,青年,周末,家居日用,321,2557.74,26,22,44.35
80091,南京,网购,男,青年,周末,服装鞋帽,132,42120.14,47,89,263.73
39928,武汉,网购,男,老年,周间,美妆护肤,143,10137.93,24,48,116.0
18345,广州,门店购买,女,青年,周末,服装鞋帽,300,83576.65,195,298,92.41
16695,成都,门店购买,男,青年,周末,家居日用,43,610.73,31,13,22.4
88419,武汉,自提,男,青年,周末,运动户外,454,207083.11,114,200,493.56
93221,西安,自提,男,青年,周间,美妆护肤,139,33167.12,127,162,92.58
77397,杭州,门店购买,女,青年,周末,食品生鲜,141,8853.9,129,159,18.57
33878,武汉,网购,女,中年,周间,家居日用,84,796.37,23,5,79.94
22395,武汉,自提,男,青年,周末,服装鞋帽,110,13536.98,40,65,110.36
71849,上海,门店购买,女,中年,周末,美妆护肤,345,8192.78,40,42,103.37
32515,广州,门店购买,男,青年,周间,运动户外,305,228881.76,107,200,421.85
44452,武汉,自提,女,青年,周间,运动户外,182,69648.95,81,116,281.59
64673,北京,自提,男,老年,周间,运动户外,413,70632.63,36,59,366.15
36504,深圳,门店购买,女,青年,周间,电子产品,165,809085.16,110,203,1862.97
36142,深圳,门店购买,女,中年,周末,电子产品,125,130168.91,21,21,3610.32
87717,武汉,网购,女,青年,周间,服装鞋帽,144,1961.68,97,16,60.31
46181,南京,自提,女,中年,周末,家居日用,69,2157.32,10,11,101.93
29893,广州,门店购买,女,青年,周末,家居日用,126,9096.04,42,74,61.24
82964,南京,自提,男,青年,周末,运动户外,365,232541.99,190,161,589.83
68437,深圳,网购,女,青年,周间,食品生鲜,171,6798.49,51,87,29.52
89117,北京,网购,男,青年,周间,家居日用,413,7823.88,125,205,17.5
77143,成都,网购,女,老年,周间,美妆护肤,252,36506.95,73,86,220.88
84095,上海,门店购买,男,青年,周末,美妆护肤,473,67837.11,120,157,154.37
19579,重庆,自提,女,青年,周末,运动户外,170,12506.3,19,12,418.9
79168,重庆,网购,女,青年,周末,美妆护肤,425,620.49,100,5,49.23
29725,杭州,网购,女,青年,周末,美妆护肤,474,28601.04,91,148,102.79
37019,杭州,网购,男,青年,周末,服装鞋帽,277,3915.61,90,18,85.84
40160,深圳,网购,女,青年,周间,服装鞋帽,480,22695.24,56,99,78.22
67624,上海,自提,男,青年,周末,家居日用,26,1467.9,15,15,35.39
59873,西安,网购,男,老年,周末,服装鞋帽,388,7601.48,54,16,248.09
56974,成都,自提,男,青年,周末,美妆护肤,185,24036.73,123,66,212.5
12116,北京,自提,女,青年,周末,食品生鲜,185,734.73,80,17,23.96
49412,深圳,门店购买,男,青年,周间,家居日用,9,226.28,5,6,20.9
33246,西安,网购,男,青年,周末,运动户外,241,5590.72,196,20,151.15
96632,杭州,自提,女,中年,周间,服装鞋帽,90,15273.41,67,39,212.69
33804,成都,网购,男,青年,周末,食品生鲜,207,14224.08,161,192,28.12
52083,北京,网购,女,青年,周间,电子产品,377,95519.06,37,53,744.53
88447,南京,网购,男,青年,周间,服装鞋帽,48,636.06,27,5,56.32
64404,南京,自提,男,中年,周末,食品生鲜,244,17021.79,121,231,24.94
96032,南京,自提,男,青年,周末,服装鞋帽,113,14221.79,66,34,143.38
96403,上海,门店购买,男,中年,周间,美妆护肤,54,3604.83,16,15,124.73
49466,成都,门店购买,女,青年,周间,服装鞋帽,168,34339.66,109,96,169.48
14485,重庆,门店购买,男,中年,周末,电子产品,74,10209.02,5,4,1012.63
84984,武汉,自提,女,青年,周间,家居日用,110,5974.14,59,80,32.26
46609,南京,自提,女,老年,周末,食品生鲜,175,10034.35,125,198,25.29
97557,成都,门店购买,女,青年,周间,家居日用,329,463.13,7,9,18.94
69956,上海,网购,女,青年,周间,食品生鲜,232,11215.2,112,142,25.66
76155,广州,自提,男,青年,周末,电子产品,102,447377.43,94,91,2625.18
83778,南京,门店购买,男,中年,周间,美妆护肤,118,27205.67,89,136,69.54
99180,广州,门店购买,男,中年,周末,美妆护肤,483,115972.01,157,218,204.03
62543,杭州,自提,女,中年,周间,食品生鲜,70,19.87,39,1,10.18
97571,杭州,网购,男,青年,周间,服装鞋帽,74,15614.46,62,106,87.15
41780,重庆,网购,女,青年,周末,服装鞋帽,428,3325.91,90,19,102.35
28407,重庆,网购,男,青年,周末,运动户外,142,3083.35,84,3,468.86
78713,上海,门店购买,女,青年,周间,食品生鲜,421,1474.35,32,59,14.1
54744,杭州,网购,女,中年,周间,电子产品,321,583259.68,120,110,2984.55
73871,杭州,网购,男,青年,周间,服装鞋帽,446,109580.13,171,254,254.09
65269,北京,门店购买,男,中年,周间,运动户外,376,67102.43,71,65,411.54
97422,杭州,自提,男,青年,周间,服装鞋帽,300,18710.56,127,57,164.03
23626,武汉,门店购买,女,青年,周间,电子产品,309,264036.8,28,38,3424.16
22920,西安,网购,男,老年,周末,食品生鲜,298,13149.86,173,310,17.74
15225,成都,门店购买,女,中年,周末,家居日用,417,31910.64,161,222,44.23
84308,广州,网购,女,青年,周间,电子产品,374,1589468.56,117,218,2971.7
99523,成都,自提,男,青年,周末,食品生鲜,235,10466.65,179,326,17.28
37443,南京,门店购买,女,中年,周间,服装鞋帽,433,10128.31,128,46,106.77
39828,成都,自提,男,中年,周末,运动户外,208,135416.08,81,160,301.18
60160,深圳,自提,女,青年,周间,食品生鲜,387,791.55,41,22,12.0
86263,杭州,门店购买,女,中年,周末,家居日用,317,2486.85,179,39,20.86
88377,重庆,自提,男,中年,周间,家居日用,69,2431.12,50,14,90.45
48523,西安,门店购买,男,青年,周末,家居日用,423,985.26,11,8,61.61
45885,北京,自提,男,中年,周末,服装鞋帽,449,20070.61,58,57,128.45
11627,杭州,网购,男,中年,周间,家居日用,213,56521.71,143,283,71.44
34386,南京,门店购买,女,青年,周间,运动户外,134,51728.22,94,68,311.4
40763,成都,门店购买,女,青年,周末,食品生鲜,441,8472.32,180,127,31.6
22664,南京,门店购买,女,青年,周末,美妆护肤,117,41798.79,93,90,229.19
82623,深圳,自提,女,青年,周末,家居日用,317,16701.53,113,128,41.68
32458,北京,门店购买,女,青年,周末,食品生鲜,245,1455.06,181,76,7.78
46187,西安,自提,男,中年,周间,家居日用,361,13638.2,196,69,72.06
69259,杭州,门店购买,女,青年,周间,服装鞋帽,393,71660.43,139,162,261.55
16943,成都,门店购买,男,中年,周末,美妆护肤,33,9276.83,27,47,70.74
88843,广州,网购,男,青年,周间,运动户外,62,1934.46,22,6,135.76
99830,重庆,自提,女,青年,周末,食品生鲜,94,380.85,13,10,19.51
43031,武汉,网购,男,青年,周末,服装鞋帽,180,37134.09,166,325,49.76
22324,南京,自提,男,中年,周末,美妆护肤,31,3980.05,22,24,49.84
79352,北京,网购,女,青年,周末,美妆护肤,289,10417.35,96,18,206.35
91378,武汉,网购,男,老年,周末,运动户外,468,52854.25,40,77,242.36
67763,广州,门店购买,男,中年,周间,电子产品,319,130923.32,10,18,3913.84
25765,杭州,自提,男,青年,周末,美妆护肤,266,4665.34,43,13,172.64
90372,成都,自提,女,中年,周末,运动户外,284,11441.95,17,22,178.09
74325,深圳,自提,男,青年,周间,运动户外,363,99509.59,194,303,149.74
96967,成都,门店购买,女,中年,周末,食品生鲜,165,3748.48,35,58,25.07
92095,重庆,自提,女,青年,周间,电子产品,252,108111.03,27,21,2486.03
50094,武汉,自提,男,青年,周末,服装鞋帽,485,9093.58,23,20,238.41
84878,南京,网购,女,中年,周末,电子产品,495,269631.8,78,99,1604.87
16872,重庆,门店购买,男,青年,周末,服装鞋帽,51,5457.47,30,12,233.64
19563,深圳,自提,男,青年,周末,电子产品,473,389660.48,98,53,2462.21
48068,北京,网购,女,老年,周间,服装鞋帽,191,1745.88,103,12,69.78
91495,杭州,自提,女,青年,周间,家居日用,354,1190.03,3,7,70.24
34837,武汉,自提,男,青年,周间,电子产品,357,537687.93,197,230,1184.9
19243,上海,网购,男,中年,周间,电子产品,94,217382.24,69,84,1350.95
99247,重庆,自提,女,青年,周间,电子产品,390,178066.29,31,26,3870.94
21338,南京,自提,男,青年,周末,家居日用,246,550.96,28,8,37.87
34179,上海,门店购买,男,青年,周间,家居日用,379,7494.94,37,57,41.07
76010,深圳,网购,女,青年,周末,服装鞋帽,175,10217.22,65,45,81.78
94428,北京,自提,女,青年,周间,美妆护肤,33,2526.38,15,6,168.75
67523,北京,自提,男,中年,周间,美妆护肤,83,20980.97,19,36,184.76
99753,上海,自提,男,青年,周末,运动户外,478,23746.11,83,95,142.59
99694,深圳,网购,女,青年,周末,家居日用,394,10892.81,146,62,92.88
14613,西安,门店购买,男,青年,周间,美妆护肤,331,32783.77,99,73,186.84
41151,武汉,门店购买,女,青年,周间,家居日用,471,7150.64,40,59,49.45
28927,杭州,门店购买,男,老年,周间,食品生鲜,452,3028.82,42,48,27.1
49302,广州,网购,女,青年,周末,家居日用,65,5133.23,46,27,81.06
64752,武汉,门店购买,女,青年,周间,家居日用,187,12021.53,87,84,48.65
79459,深圳,网购,男,中年,周末,运动户外,338,256276.14,159,187,636.53
63504,成都,门店购买,女,青年,周末,家居日用,56,4701.16,35,58,44.57
91735,重庆,网购,男,青年,周末,运动户外,197,96438.98,133,222,188.05
37060,重庆,门店购买,男,青年,周末,运动户外,206,40380.6,148,102,156.35
42204,广州,自提,女,青年,周末,运动户外,50,455.81,5,2,131.29
16914,成都,网购,女,中年,周间,服装鞋帽,381,5856.93,39,28,66.9
91688,成都,门店购买,女,青年,周末,食品生鲜,156,2679.18,26,52,29.38
29925,广州,自提,男,青年,周间,服装鞋帽,288,90120.09,142,241,143.73
42688,上海,门店购买,男,中年,周末,电子产品,70,241920.11,49,61,1392.58
12615,西安,门店购买,女,中年,周末,家居日用,458,1527.38,6,8,89.74
54535,上海,自提,男,青年,周间,运动户外,202,22361.49,39,15,800.97
97674,深圳,门店购买,女,青年,周末,食品生鲜,309,277.11,127,5,26.44
32159,成都,自提,男,青年,周末,家居日用,164,982.79,43,7,71.62
44486,武汉,自提,女,青年,周间,运动户外,42,8668.29,22,36,135.23
91811,北京,门店购买,男,青年,周末,家居日用,195,1481.99,100,10,56.48
59170,成都,自提,女,青年,周间,服装鞋帽,483,20904.05,89,67,139.35
44953,上海,自提,男,中年,周间,美妆护肤,459,1018.32,30,2,275.9
24031,深圳,网购,男,青年,周末,美妆护肤,411,16194.58,61,100,52.25
11762,成都,门店购买,男,青年,周间,运动户外,448,27897.37,85,28,315.69
28181,深圳,门店购买,男,青年,周末,电子产品,222,343970.85,176,120,1476.48
60711,成都,门店购买,男,青年,周末,运动户外,254,77757.46,155,96,420.76
87569,北京,自提,男,青年,周末,服装鞋帽,499,4774.79,51,34,64.97
34817,上海,门店购买,男,青年,周间,服装鞋帽,84,35353.23,51,82,167.72
64038,南京,门店购买,女,青年,周间,食品生鲜,377,1050.87,62,68,8.76
99591,杭州,自提,男,青年,周末,家居日用,177,1220.57,16,28,23.07
68449,北京,门店购买,男,青年,周间,运动户外,349,31958.69,156,34,487.04
51820,武汉,自提,女,青年,周间,家居日用,161,6740.34,140,98,24.15
56254,重庆,自提,女,青年,周间,家居日用,445,6490.95,119,116,29.17
60536,重庆,网购,男,中年,周间,运动户外,77,10252.36,52,47,117.23
96739,广州,网购,男,青年,周末,家居日用,242,3057.03,39,35,26.77
61410,广州,自提,女,青年,周间,美妆护肤,371,73005.06,128,222,182.67
73876,北京,自提,男,青年,周间,运动户外,245,57204.25,156,149,174.93
74779,深圳,自提,女,青年,周间,运动户外,82,48907.44,44,81,293.17
90167,上海,门店购买,男,青年,周间,运动户外,192,44908.89,177,66,402.23
18273,北京,自提,女,青年,周末,食品生鲜,353,8385.6,60,117,28.22
72414,杭州,门店购买,女,青年,周间,运动户外,100,25537.55,17,21,573.6
40005,西安,门店购买,男,中年,周末,家居日用,289,7591.84,121,228,15.09
22528,重庆,网购,女,青年,周间,家居日用,309,5668.69,187,137,17.25
35320,杭州,门店购买,男,青年,周末,家居日用,127,1251.28,29,41,12.42
91350,武汉,门店购买,男,中年,周间,家居日用,161,17602.73,155,275,34.77
34667,西安,门店购买,男,青年,周末,运动户外,454,84218.21,50,68,476.5
59284,重庆,门店购买,男,青年,周末,服装鞋帽,152,353.69,7,1,187.0
20316,成都,自提,男,青年,周间,美妆护肤,81,55183.02,77,114,160.87
45855,武汉,自提,男,中年,周间,食品生鲜,84,1187.41,76,33,10.98
16871,成都,门店购买,女,青年,周间,运动户外,193,14245.8,141,14,502.57
61843,广州,自提,男,青年,周间,美妆护肤,388,11423.26,146,21,172.31
27284,武汉,网购,男,青年,周末,美妆护肤,84,2893.42,31,6,285.34
54323,上海,自提,女,中年,周间,家居日用,280,3755.95,16,27,58.26
30314,南京,网购,男,青年,周末,食品生鲜,117,227.64,31,4,26.59
16879,深圳,自提,男,青年,周末,服装鞋帽,489,13921.23,36,65,89.15
93142,重庆,网购,女,青年,周间,美妆护肤,35,1612.16,3,4,146.16
86380,武汉,网购,女,中年,周间,美妆护肤,461,11328.81,43,51,102.37
92271,西安,自提,女,青年,周间,服装鞋帽,428,32514.38,52,97,134.2
52868,杭州,自提,男,青年,周间,电子产品,229,1710843.49,155,263,2350.8
24770,北京,自提,男,中年,周末,服装鞋帽,389,65764.06,146,153,215.89
87759,杭州,自提,女,青年,周末,美妆护肤,456,20458.35,65,56,143.56
38367,广州,自提,男,青年,周间,运动户外,168,99218.04,118,101,343.41
74445,武汉,门店购买,女,中年,周末,电子产品,316,7042.43,28,1,3421.09
11469,杭州,网购,女,青年,周末,电子产品,28,39882.63,12,7,3368.84
58866,上海,自提,女,青年,周间,电子产品,461,48438.95,31,20,1058.58
36825,上海,门店购买,男,中年,周间,服装鞋帽,8,768.84,2,2,167.83
85992,南京,自提,女,青年,周间,电子产品,375,229146.71,178,79,1216.11
59469,北京,网购,女,青年,周间,家居日用,90,1825.59,2,10,90.73
46808,杭州,门店购买,女,青年,周间,电子产品,344,148289.69,70,49,1314.62
10255,北京,门店购买,女,青年,周间,服装鞋帽,367,5008.43,191,25,65.42
58142,武汉,自提,男,青年,周间,运动户外,283,46269.35,139,75,303.4
63346,广州,门店购买,女,青年,周间,食品生鲜,76,4034.24,64,105,16.5
88925,杭州,网购,女,中年,周间,家居日用,386,15406.76,139,85,73.05
91928,广州,门店购买,女,青年,周末,美妆护肤,72,23995.38,27,53,146.93
64916,上海,门店购买,男,青年,周末,食品生鲜,479,5361.9,141,85,31.87
53895,武汉,网购,女,中年,周间,美妆护肤,480,58331.29,102,134,181.89
85631,成都,门店购买,女,青年,周末,服装鞋帽,328,33876.92,165,233,73.89
34684,北京,门店购买,男,青年,周末,运动户外,487,73317.53,79,62,462.2
37426,南京,门店购买,男,老年,周末,电子产品,9,11434.95,1,5,813.51
99192,上海,网购,女,青年,周末,家居日用,484,16746.72,92,170,50.18
49349,成都,自提,女,青年,周间,美妆护肤,302,67662.2,123,163,129.75
74400,北京,自提,女,青年,周间,运动户外,243,173839.44,99,193,296.7
86955,西安,自提,女,老年,周间,电子产品,493,1440697.09,125,195,3268.99
81268,上海,网购,男,中年,周末,家居日用,195,12288.95,192,173,42.28
14501,成都,自提,女,青年,周间,电子产品,6,16071.87,6,3,2692.43
13700,南京,自提,男,青年,周间,食品生鲜,357,13349.91,145,199,30.91
16385,杭州,门店购买,男,青年,周间,服装鞋帽,462,33325.48,116,76,136.79
88790,成都,自提,男,青年,周末,服装鞋帽,247,5273.01,125,64,43.89
95704,广州,自提,男,青年,周末,食品生鲜,444,20918.04,175,299,25.79
68283,上海,网购,男,青年,周末,家居日用,255,18454.09,94,179,52.84
58272,南京,网购,女,青年,周间,家居日用,286,8979.36,180,217,13.5
97123,成都,自提,女,青年,周末,服装鞋帽,62,348.84,2,3,41.4
35757,武汉,门店购买,女,青年,周间,电子产品,498,501959.42,169,95,1768.77
15210,深圳,网购,男,青年,周间,电子产品,191,2232.89,16,1,1115.94
86752,南京,网购,女,中年,周末,食品生鲜,472,5131.01,63,111,16.83
97036,武汉,自提,女,青年,周末,家居日用,284,39296.39,163,322,66.04
29151,广州,门店购买,男,中年,周末,家居日用,263,2146.17,19,37,28.31
64199,成都,网购,女,青年,周间,电子产品,446,171342.05,83,102,842.43
58979,重庆,自提,男,中年,周末,家居日用,315,29223.84,131,209,73.64
30615,深圳,门店购买,女,青年,周末,家居日用,308,577.87,8,14,13.43
29079,北京,自提,女,青年,周间,运动户外,414,100403.3,88,78,619.91
50388,武汉,门店购买,女,青年,周末,家居日用,173,5096.02,24,45,45.61
77763,西安,门店购买,男,青年,周间,食品生鲜,448,3934.89,74,132,17.23
52488,深圳,门店购买,男,青年,周间,服装鞋帽,423,48406.95,86,133,139.6
88349,重庆,门店购买,男,中年,周末,运动户外,152,96076.07,49,88,560.94
82470,成都,网购,女,青年,周末,电子产品,371,847630.48,186,150,2044.03
93026,成都,网购,女,青年,周间,家居日用,368,14320.42,70,118,41.74
89427,上海,自提,男,老年,周间,电子产品,35,196866.62,13,26,4379.08
69606,南京,门店购买,女,青年,周间,服装鞋帽,137,4813.3,14,14,153.64
24166,武汉,自提,女,青年,周末,服装鞋帽,63,388.94,24,4,31.22
24085,南京,门店购买,女,青年,周末,运动户外,352,13351.69,109,53,125.48
17848,北京,网购,女,老年,周间,食品生鲜,221,879.85,62,30,14.11
44961,南京,自提,男,青年,周间,服装鞋帽,88,8303.01,50,27,93.86
31023,上海,门店购买,女,中年,周末,电子产品,127,308314.4,109,105,1285.68
31711,广州,网购,女,青年,周末,运动户外,158,196555.41,112,149,731.97
68479,深圳,网购,男,中年,周间,运动户外,228,45275.63,114,39,482.18
90616,重庆,网购,女,青年,周间,家居日用,405,14916.63,135,176,38.11
90692,重庆,自提,男,青年,周末,美妆护肤,429,105447.6,179,350,161.61
37149,深圳,自提,女,青年,周末,运动户外,149,48047.75,60,49,432.35
13181,西安,网购,男,青年,周末,家居日用,293,8813.15,89,93,42.39
68369,重庆,网购,女,青年,周末,食品生鲜,188,3109.0,67,123,9.24
86741,南京,门店购买,男,中年,周间,食品生鲜,25,312.72,25,15,11.98
22108,西安,门店购买,男,青年,周间,家居日用,77,3342.96,38,19,67.48
34382,深圳,自提,女,青年,周末,服装鞋帽,447,4076.06,24,40,50.58
33061,杭州,门店购买,女,中年,周末,服装鞋帽,9,3792.62,4,10,121.45
23305,杭州,网购,男,中年,周间,运动户外,92,49412.83,20,35,527.58
11146,成都,网购,女,青年,周末,美妆护肤,259,2402.08,15,13,58.11
30435,广州,网购,女,青年,周间,家居日用,126,3466.92,59,23,77.48
31245,西安,网购,男,老年,周末,电子产品,148,910172.84,118,136,3368.03
61775,南京,门店购买,女,中年,周间,运动户外,483,222458.63,134,182,578.44
63110,杭州,门店购买,女,青年,周间,服装鞋帽,413,775.85,10,7,66.33
49117,上海,门店购买,女,青年,周间,食品生鲜,13,223.33,6,8,8.51
67086,广州,自提,男,青年,周间,家居日用,126,366.17,19,2,104.56
43150,武汉,自提,女,中年,周间,服装鞋帽,238,26084.14,34,54,180.47
29075,上海,自提,女,青年,周间,家居日用,455,9608.38,168,222,16.8
77182,南京,自提,男,中年,周间,电子产品,181,175861.08,85,50,1589.84
11449,上海,网购,女,青年,周末,运动户外,267,5480.06,96,7,313.31
90337,武汉,自提,女,青年,周末,美妆护肤,300,27592.35,32,57,208.16
77367,北京,门店购买,男,老年,周末,家居日用,170,34882.3,170,226,75.72
28868,广州,网购,男,青年,周间,家居日用,113,81.49,6,1,47.76
35492,重庆,门店购买,男,青年,周末,家居日用,281,25986.79,146,131,72.05
18680,广州,网购,女,中年,周末,服装鞋帽,240,8190.69,43,64,64.1
54923,西安,门店购买,女,中年,周间,美妆护肤,286,71932.4,141,170,168.39
30394,西安,门店购买,女,中年,周末,服装鞋帽,418,1981.18,6,7,112.77
76694,杭州,自提,女,青年,周间,食品生鲜,55,970.44,53,19,28.26
38698,深圳,自提,男,中年,周间,家居日用,381,13642.28,103,108,49.23
41784,广州,门店购买,女,中年,周末,食品生鲜,475,579.39,15,14,17.78
64293,武汉,网购,女,中年,周末,食品生鲜,121,9023.83,63,113,46.19
61949,西安,网购,女,青年,周末,食品生鲜,125,1584.43,79,43,17.66
87784,重庆,网购,男,青年,周末,服装鞋帽,277,57983.65,110,127,264.95
94930,广州,网购,男,青年,周末,服装鞋帽,150,64028.16,94,174,201.66
56825,西安,网购,男,青年,周间,食品生鲜,52,203.52,3,10,6.35
10027,深圳,网购,女,中年,周间,电子产品,137,265402.1,75,135,951.16
28168,上海,自提,女,青年,周末,家居日用,311,6962.34,58,89,32.7
54388,广州,门店购买,女,中年,周间,美妆护肤,157,33024.42,76,103,185.69
50543,成都,网购,男,青年,周末,电子产品,41,71884.21,4,10,2475.0
68840,广州,网购,男,青年,周间,运动户外,164,139510.61,149,123,488.4
26071,南京,门店购买,女,中年,周末,家居日用,336,679.32,9,12,20.24
18658,北京,网购,女,青年,周间,家居日用,338,30261.37,102,201,59.78
27419,成都,门店购买,女,青年,周末,电子产品,446,138689.32,43,33,1874.69
53850,广州,网购,男,青年,周间,食品生鲜,465,2486.2,52,93,8.33
11209,成都,门店购买,女,中年,周间,食品生鲜,2,521.22,1,8,38.49
36438,深圳,网购,女,青年,周间,美妆护肤,201,33205.78,136,101,192.31
15167,武汉,门店购买,女,青年,周间,电子产品,146,20738.43,86,5,2024.54
18231,武汉,自提,女,中年,周末,食品生鲜,428,5083.3,152,115,17.24
95466,北京,网购,女,青年,周末,美妆护肤,118,2307.86,6,4,250.85
62032,北京,自提,男,老年,周间,美妆护肤,417,27358.79,140,214,71.67
93888,杭州,门店购买,男,青年,周末,美妆护肤,339,73148.1,142,148,275.08
60990,南京,门店购买,女,青年,周末,电子产品,351,76377.76,110,21,1359.08
72896,北京,网购,男,中年,周间,服装鞋帽,337,16799.76,75,66,145.54
36750,广州,自提,男,中年,周间,食品生鲜,278,15886.75,178,281,18.25
30390,上海,网购,男,青年,周间,服装鞋帽,59,12862.23,49,58,99.82
80070,武汉,门店购买,男,青年,周间,电子产品,183,60871.58,24,23,1434.4
81474,杭州,门店购买,男,中年,周末,电子产品,84,55928.6,19,22,1384.4
80098,深圳,自提,女,青年,周间,家居日用,54,10685.17,52,66,68.12
31957,深圳,门店购买,女,中年,周末,运动户外,117,238955.03,107,169,755.37
83067,武汉,自提,女,青年,周末,电子产品,19,10669.34,15,7,619.78
97107,成都,门店购买,女,青年,周末,食品生鲜,442,521.73,119,22,7.8
78224,南京,网购,男,青年,周间,电子产品,320,34091.69,9,11,1429.14
65789,杭州,网购,男,青年,周间,运动户外,494,42853.65,36,34,755.97
46787,成都,自提,男,老年,周间,电子产品,256,319138.88,79,77,1275.91
47375,成都,网购,男,中年,周末,食品生鲜,59,324.6,7,5,25.68
26217,广州,门店购买,男,青年,周末,服装鞋帽,26,4334.16,9,10,201.57
80950,上海,门店购买,女,中年,周间,电子产品,459,1457172.74,104,193,2971.48
65072,上海,门店购买,女,青年,周末,服装鞋帽,36,816.84,7,10,46.35
15573,武汉,自提,女,青年,周间,服装鞋帽,303,14534.35,144,127,40.11
94998,西安,门店购买,男,青年,周末,家居日用,112,9378.9,94,182,26.87
99449,南京,网购,女,青年,周间,美妆护肤,407,34577.91,187,97,132.38
66324,深圳,门店购买,女,青年,周间,食品生鲜,70,3173.02,52,76,19.77
45305,深圳,门店购买,男,中年,周间,运动户外,310,1471.16,128,1,620.33
35056,杭州,门店购买,男,青年,周末,运动户外,128,3000.67,34,6,187.54
16103,上海,门店购买,女,青年,周末,食品生鲜,492,561.78,29,37,5.51
24519,北京,自提,男,青年,周间,服装鞋帽,76,5197.13,16,24,91.67
96444,南京,门店购买,女,青年,周末,运动户外,75,16478.29,27,25,369.76
96809,深圳,自提,女,中年,周间,电子产品,130,31593.0,1,7,1437.13
17810,武汉,门店购买,女,青年,周末,食品生鲜,73,954.32,37,36,14.07
72027,南京,网购,女,青年,周末,家居日用,103,12262.38,89,71,101.74
45342,广州,自提,男,青年,周末,电子产品,400,386644.43,61,83,1703.39
82318,南京,门店购买,男,青年,周间,美妆护肤,131,9607.7,26,18,242.83
50660,重庆,网购,男,青年,周末,服装鞋帽,461,27305.09,73,65,221.52
97614,南京,门店购买,男,青年,周末,服装鞋帽,491,2416.6,6,6,213.83
65014,西安,自提,男,青年,周末,电子产品,376,341452.32,79,109,1695.92
86833,深圳,门店购买,女,青年,周间,电子产品,195,444119.49,121,160,1036.64
16003,成都,自提,女,中年,周间,家居日用,117,2361.12,56,72,10.59
84076,广州,网购,女,中年,周末,家居日用,212,1802.89,137,38,28.32
81901,武汉,门店购买,男,青年,周末,服装鞋帽,190,563.14,25,3,108.02
63626,上海,自提,女,中年,周末,食品生鲜,473,1794.93,61,79,12.31
88423,南京,门店购买,男,青年,周间,美妆护肤,86,1129.18,85,2,252.3
38358,重庆,自提,男,青年,周末,美妆护肤,143,3179.83,1,7,263.65
69291,南京,门店购买,男,青年,周末,运动户外,293,6136.19,6,11,196.15
30572,深圳,门店购买,男,中年,周末,服装鞋帽,102,5197.62,17,19,136.37
39573,西安,网购,男,青年,周末,食品生鲜,322,10665.81,194,154,29.75
18292,广州,自提,女,青年,周间,电子产品,273,614143.21,45,88,2973.76
21118,广州,网购,男,青年,周末,家居日用,118,3235.48,90,43,34.32
82744,南京,门店购买,女,中年,周末,美妆护肤,273,65033.27,170,291,97.15
32562,西安,自提,女,青年,周末,运动户外,409,5006.66,198,11,176.9
80182,武汉,网购,男,中年,周末,电子产品,118,894245.19,95,180,2767.95
83408,武汉,自提,男,青年,周末,美妆护肤,449,18610.55,60,103,103.42
76639,西安,门店购买,男,青年,周末,食品生鲜,269,1530.13,138,48,12.74
27849,广州,网购,女,青年,周末,服装鞋帽,412,31250.23,57,90,158.12
91899,武汉,网购,女,中年,周末,运动户外,390,48854.95,83,118,158.53
54260,北京,网购,男,中年,周末,运动户外,16,2486.41,3,6,216.59
93498,西安,网购,男,青年,周间,电子产品,225,357572.87,138,191,915.94
89281,北京,门店购买,男,老年,周间,家居日用,345,9456.63,30,51,91.54
48291,杭州,网购,男,青年,周末,美妆护肤,343,96632.45,148,277,156.06
20040,广州,网购,女,青年,周末,食品生鲜,195,527.61,121,11,21.11
15786,西安,网购,男,青年,周末,家居日用,177,7888.48,163,175,23.31
46055,南京,网购,女,青年,周末,服装鞋帽,212,10321.73,39,35,176.12
58439,北京,自提,女,中年,周间,运动户外,22,3037.57,18,3,319.87
37252,深圳,自提,女,青年,周末,美妆护肤,399,56345.73,163,270,66.65
45102,北京,网购,女,青年,周末,美妆护肤,469,736.72,136,3,127.69
94381,广州,门店购买,女,青年,周末,美妆护肤,100,44771.74,49,92,223.13
18410,重庆,自提,男,青年,周末,服装鞋帽,357,57990.37,103,159,188.85
78383,西安,门店购买,女,青年,周末,电子产品,125,693048.58,113,108,2176.39
79248,重庆,网购,男,青年,周间,电子产品,237,44142.34,11,13,2019.22
61102,广州,自提,女,中年,周末,服装鞋帽,207,33834.83,59,93,146.25
99546,广州,自提,男,老年,周末,运动户外,44,15001.21,31,25,322.6
48089,南京,门店购买,男,中年,周末,食品生鲜,124,6284.69,72,129,26.75
46101,成都,门店购买,男,青年,周末,运动户外,353,5766.05,88,10,283.53
48191,深圳,网购,男,青年,周间,服装鞋帽,425,43110.02,135,132,184.54
26014,重庆,门店购买,男,中年,周末,电子产品,49,343099.33,46,77,1960.28
26223,南京,网购,男,青年,周末,运动户外,348,30836.28,51,64,203.09
52338,深圳,网购,女,中年,周末,电子产品,471,2024922.67,193,314,2895.51
52918,重庆,网购,女,老年,周间,美妆护肤,369,625.61,135,5,44.47
13482,北京,门店购买,男,青年,周间,电子产品,282,6177.02,33,2,1276.13
71901,武汉,自提,女,中年,周末,运动户外,465,1346.97,107,1,678.92
61348,成都,门店购买,女,青年,周末,电子产品,160,249947.52,155,37,3791.45
93792,西安,自提,男,青年,周末,服装鞋帽,204,54889.58,136,245,68.98
28257,重庆,网购,男,中年,周末,服装鞋帽,311,36806.64,155,259,52.87
46047,成都,自提,女,青年,周间,电子产品,357,1278999.18,191,375,1554.94
63378,北京,自提,男,中年,周间,服装鞋帽,253,28914.15,102,110,141.21
16076,南京,门店购买,男,青年,周末,家居日用,400,190.45,5,1,107.12
17259,南京,网购,女,青年,周末,电子产品,198,116372.55,40,59,1148.13
37899,上海,网购,男,青年,周间,食品生鲜,27,1346.52,27,28,17.07
84978,上海,自提,女,青年,周末,美妆护肤,108,17638.68,68,68,152.77
25181,深圳,自提,男,中年,周间,服装鞋帽,176,17097.84,77,61,140.18
82127,南京,网购,女,青年,周末,运动户外,192,17242.91,158,64,134.74
69183,北京,门店购买,男,青年,周末,食品生鲜,147,7122.62,147,94,38.98
69389,杭州,门店购买,男,青年,周间,美妆护肤,294,44324.91,97,169,122.17
89254,西安,门店购买,女,青年,周间,服装鞋帽,275,35956.91,94,149,141.31
42532,广州,自提,男,青年,周间,美妆护肤,317,12591.56,50,23,182.03
39232,杭州,网购,女,青年,周末,家居日用,319,2379.65,180,12,87.63
62165,上海,自提,女,老年,周末,运动户外,227,16865.86,45,28,351.12
39898,南京,门店购买,男,青年,周间,运动户外,125,50930.72,116,134,216.31
12293,杭州,网购,女,老年,周末,服装鞋帽,462,97498.85,178,290,135.29
81991,广州,自提,女,青年,周末,家居日用,339,3917.09,69,24,67.69
59584,成都,自提,男,中年,周末,电子产品,288,887889.55,124,208,2141.19
99872,广州,网购,女,青年,周末,食品生鲜,432,3235.81,50,100,14.96
41536,西安,自提,女,青年,周末,电子产品,427,396190.14,43,62,1918.92
97518,南京,自提,女,中年,周间,电子产品,29,33427.42,4,7,1540.13
97597,深圳,门店购买,女,中年,周末,电子产品,485,123269.51,17,25,2384.63
46601,上海,自提,男,中年,周间,电子产品,233,527694.24,105,199,1296.33
35676,西安,自提,女,青年,周末,运动户外,189,46226.7,57,82,171.97
74915,武汉,自提,女,青年,周末,运动户外,483,86634.47,115,227,160.66
63955,广州,门店购买,男,青年,周末,运动户外,447,188419.23,126,186,447.99
60393,北京,网购,男,中年,周间,电子产品,204,261431.23,135,135,694.4
36563,武汉,网购,男,中年,周间,食品生鲜,367,972.61,44,26,22.01
24249,武汉,门店购买,男,青年,周末,服装鞋帽,348,1999.38,27,6,100.02
24761,深圳,自提,男,中年,周间,服装鞋帽,240,44918.02,127,140,129.46
25894,深圳,网购,女,青年,周间,食品生鲜,136,1859.53,13,24,43.34
52339,北京,网购,女,青年,周末,电子产品,221,581593.74,71,73,2955.39
36855,杭州,网购,女,青年,周末,服装鞋帽,464,78316.76,119,190,206.17
32323,广州,网购,男,中年,周末,家居日用,458,46927.34,151,275,56.43
35347,杭州,门店购买,女,青年,周间,运动户外,425,231270.01,126,201,554.53
40653,重庆,网购,男,中年,周末,美妆护肤,349,14069.51,82,105,49.4
68935,北京,自提,女,青年,周末,家居日用,245,3150.47,180,32,57.25
40926,重庆,门店购买,男,中年,周末,食品生鲜,392,350.98,1,7,16.31
32405,广州,网购,女,青年,周末,电子产品,202,1311190.97,174,338,2068.37
80657,武汉,网购,女,青年,周末,运动户外,38,6775.32,34,23,138.8
52911,西安,自提,女,中年,周末,美妆护肤,303,32140.92,137,138,113.43
81022,杭州,门店购买,男,老年,周末,电子产品,436,69156.9,85,9,3899.97
40120,南京,自提,女,青年,周间,运动户外,67,49844.91,39,78,332.7
77135,南京,门店购买,男,青年,周间,食品生鲜,232,13437.14,161,280,28.25
14692,武汉,网购,女,中年,周末,美妆护肤,206,34924.87,115,100,161.28
96078,广州,网购,女,青年,周末,美妆护肤,33,13216.23,30,32,184.92
81037,广州,门店购买,女,青年,周末,服装鞋帽,164,29031.54,133,101,150.89
94319,南京,自提,男,青年,周末,运动户外,321,12836.81,61,48,101.84
13918,成都,自提,女,中年,周间,运动户外,234,4796.49,146,20,80.93
46647,南京,网购,女,中年,周间,食品生鲜,94,4539.4,68,101,18.8
28396,成都,门店购买,女,青年,周末,运动户外,488,80120.64,35,69,643.31
61299,深圳,网购,男,青年,周末,食品生鲜,41,595.77,21,12,19.93
73347,广州,自提,女,青年,周末,家居日用,485,20248.32,151,114,65.13
79434,西安,门店购买,女,青年,周末,美妆护肤,364,28080.67,101,95,173.06
74177,南京,自提,女,中年,周间,电子产品,313,815565.13,83,125,2519.71
44302,深圳,网购,男,青年,周末,运动户外,458,54764.35,132,39,468.95
73074,西安,自提,男,青年,周间,美妆护肤,121,806.42,35,5,66.01
61711,杭州,网购,女,青年,周末,食品生鲜,424,1142.41,84,52,11.4
57986,西安,网购,女,青年,周末,服装鞋帽,409,50330.32,110,115,137.31
91365,杭州,网购,男,青年,周末,电子产品,398,205533.26,91,46,2165.76
25992,西安,门店购买,女,青年,周末,家居日用,4,312.37,3,6,28.81
79046,南京,自提,女,青年,周末,食品生鲜,286,9249.99,199,220,24.67
86489,南京,自提,女,青年,周间,食品生鲜,442,846.47,43,18,18.87
54208,杭州,门店购买,女,中年,周间,食品生鲜,408,5328.1,82,158,15.2
49916,西安,网购,男,中年,周间,食品生鲜,14,72.36,3,1,22.64
50218,成都,门店购买,男,青年,周末,电子产品,491,96512.88,61,17,3109.67
25169,成都,自提,男,青年,周间,食品生鲜,247,480.52,9,17,13.85
82816,广州,门店购买,男,青年,周间,美妆护肤,269,60123.67,158,197,148.32
74307,广州,自提,男,青年,周间,运动户外,487,41829.31,75,106,119.14
58010,南京,门店购买,男,中年,周间,服装鞋帽,487,5839.3,18,34,93.44
81219,上海,门店购买,男,青年,周末,服装鞋帽,103,16614.44,78,37,221.62
92170,杭州,门店购买,男,青年,周末,电子产品,267,173099.02,63,54,1115.67
82449,武汉,自提,男,青年,周间,家居日用,266,6438.45,181,45,50.52
33680,成都,自提,女,青年,周间,美妆护肤,322,22954.88,69,124,64.13
84870,北京,自提,男,青年,周间,家居日用,461,20159.77,169,284,23.47
16959,南京,网购,女,老年,周间,服装鞋帽,33,7494.47,30,44,73.73
38478,西安,门店购买,男,老年,周末,食品生鲜,94,524.82,23,10,24.67
90584,深圳,门店购买,女,中年,周末,运动户外,219,44695.76,84,150,116.49
82500,南京,网购,男,中年,周间,运动户外,187,154495.81,180,126,682.61
80800,深圳,自提,女,青年,周末,家居日用,372,36963.67,166,238,87.71
38687,广州,自提,女,青年,周末,美妆护肤,171,25821.4,67,65,232.76
75289,西安,门店购买,男,青年,周间,美妆护肤,423,27290.31,150,225,57.17
67690,上海,网购,男,青年,周间,美妆护肤,467,12924.36,128,58,114.17
52844,广州,门店购买,男,青年,周末,运动户外,386,11080.83,26,9,516.05
17115,南京,网购,男,青年,周末,食品生鲜,390,13661.35,142,251,31.67
71027,南京,门店购买,女,青年,周末,运动户外,379,484487.23,185,361,671.31
56840,广州,网购,女,中年,周末,服装鞋帽,9,896.2,5,5,74.63
20749,西安,门店购买,女,青年,周末,食品生鲜,428,1935.37,42,27,33.77
22264,北京,网购,男,中年,周间,运动户外,13,2292.46,2,5,175.67
77027,深圳,网购,男,中年,周间,家居日用,43,2879.63,14,22,42.92
25095,广州,自提,男,青年,周末,电子产品,107,57070.01,21,8,4117.57
70338,重庆,自提,男,青年,周末,电子产品,58,56661.43,25,26,1250.88
15485,上海,门店购买,男,青年,周间,运动户外,381,317727.71,136,225,507.5
91654,深圳,网购,女,青年,周间,家居日用,173,2227.29,54,69,11.42
95278,杭州,门店购买,男,青年,周间,服装鞋帽,52,447.69,6,5,41.86
61745,南京,网购,女,中年,周间,服装鞋帽,77,17592.93,77,74,72.54
87516,深圳,门店购买,女,老年,周间,运动户外,195,1246.97,17,1,454.38
97418,西安,门店购买,女,青年,周间,电子产品,398,116966.34,25,15,2616.89
46105,深圳,自提,女,青年,周间,家居日用,158,4868.59,34,28,65.69
19823,广州,网购,男,老年,周末,家居日用,64,4545.04,47,79,21.24
74861,杭州,网购,男,青年,周末,家居日用,369,4545.54,185,44,57.71
12933,重庆,网购,男,青年,周间,美妆护肤,333,6013.24,28,22,160.14
30787,北京,网购,女,青年,周末,电子产品,9,54024.8,6,7,3622.2
93864,武汉,自提,女,中年,周间,美妆护肤,34,11694.51,24,29,215.14
55617,成都,自提,女,中年,周末,食品生鲜,246,624.51,28,9,26.04
66909,北京,网购,男,青年,周末,美妆护肤,63,531.16,3,4,76.15
64076,南京,网购,男,青年,周间,电子产品,251,267070.07,42,55,2249.76
77744,上海,门店购买,女,青年,周末,美妆护肤,16,2748.39,4,6,201.11
35622,南京,网购,女,青年,周末,电子产品,237,431750.84,183,118,2161.07
47712,成都,门店购买,女,青年,周末,家居日用,90,1458.52,15,23,19.36
67028,广州,自提,女,青年,周间,美妆护肤,130,3491.04,128,16,102.2
53746,深圳,门店购买,男,青年,周末,家居日用,473,20298.68,66,112,78.12
29518,上海,自提,男,青年,周末,运动户外,438,1208.55,122,5,143.56
62819,重庆,自提,男,青年,周间,运动户外,302,3746.01,7,13,96.52
68580,西安,自提,女,青年,周间,电子产品,11,47755.53,11,9,2457.62
82356,上海,门店购买,女,青年,周间,服装鞋帽,342,7241.99,182,34,74.9
43491,西安,门店购买,男,中年,周间,运动户外,426,359050.03,154,255,589.26
89443,南京,自提,男,青年,周末,家居日用,303,8878.72,113,176,21.41
89034,南京,门店购买,女,青年,周间,电子产品,77,107624.25,28,32,1058.52
72900,西安,自提,男,青年,周末,食品生鲜,224,1698.38,47,27,37.12
97783,西安,门店购买,女,青年,周末,美妆护肤,229,923.03,4,2,264.6
31645,重庆,门店购买,男,青年,周间,电子产品,264,1549064.37,118,210,4081.23
23853,上海,自提,男,中年,周末,运动户外,412,173023.13,170,322,298.16
81532,上海,网购,女,青年,周间,服装鞋帽,460,2939.55,29,6,288.45
80451,南京,门店购买,女,中年,周末,电子产品,497,1498972.98,140,205,2860.73
28119,广州,网购,女,中年,周间,美妆护肤,263,47294.65,189,120,170.3
76433,成都,自提,男,青年,周末,电子产品,133,64161.99,12,14,2025.61
22281,广州,网购,女,青年,周间,美妆护肤,207,18506.55,24,42,255.67
76964,武汉,门店购买,女,中年,周间,美妆护肤,463,26708.16,130,78,179.99
85837,武汉,门店购买,男,青年,周间,服装鞋帽,366,7819.71,31,17,150.2
86149,重庆,网购,女,青年,周间,美妆护肤,329,16284.15,64,46,177.8
82510,南京,网购,女,中年,周间,电子产品,399,996231.46,118,149,3620.15
97821,重庆,网购,女,青年,周间,运动户外,328,67788.44,73,97,261.79
44711,西安,自提,男,青年,周间,服装鞋帽,34,144.24,29,1,57.9
60585,广州,网购,女,青年,周末,运动户外,209,126590.84,71,139,273.31
85218,深圳,自提,女,青年,周末,美妆护肤,22,2964.03,14,5,248.12
29836,南京,自提,男,青年,周末,电子产品,154,111882.68,19,14,2668.27
42543,成都,门店购买,男,老年,周末,运动户外,209,7160.2,28,15,246.27
10055,成都,网购,男,青年,周间,食品生鲜,285,2010.94,131,49,21.91
12874,广州,自提,女,中年,周间,服装鞋帽,135,3381.89,32,13,128.79
35329,杭州,自提,男,中年,周间,家居日用,433,4912.04,17,31,70.55
18563,南京,网购,女,青年,周末,美妆护肤,278,1071.65,187,2,234.97
82240,广州,网购,女,青年,周间,家居日用,265,3493.53,27,51,27.26
34210,重庆,门店购买,女,中年,周间,美妆护肤,340,58299.23,138,128,216.13
91073,南京,自提,女,中年,周间,美妆护肤,160,5950.07,24,21,107.2
51098,北京,网购,男,青年,周末,电子产品,433,1951534.3,176,245,2978.43
60002,北京,自提,男,青年,周末,家居日用,350,2195.26,187,32,32.85
82776,重庆,网购,女,青年,周间,运动户外,332,11297.89,33,13,328.48
58809,西安,网购,女,青年,周末,电子产品,305,1743680.07,168,334,2830.08
49152,南京,门店购买,女,青年,周间,家居日用,193,23058.85,175,141,85.39
82974,西安,自提,女,青年,周末,食品生鲜,405,1735.29,112,68,13.93
50729,成都,自提,女,青年,周间,食品生鲜,276,987.95,8,15,25.86
51803,深圳,网购,男,青年,周末,食品生鲜,133,6459.49,104,98,36.67
34159,重庆,自提,女,青年,周间,运动户外,172,88567.95,155,178,157.29
98508,重庆,网购,男,青年,周末,食品生鲜,93,4272.49,58,55,34.45
96067,武汉,自提,女,青年,周间,美妆护肤,35,339.51,25,2,59.93
23096,上海,自提,女,青年,周间,电子产品,4,9169.61,1,2,2085.54
61915,武汉,门店购买,女,老年,周末,服装鞋帽,448,3872.31,21,12,182.24
56971,武汉,网购,女,青年,周间,食品生鲜,437,5557.9,43,82,21.88
24536,广州,网购,男,青年,周末,运动户外,389,43680.45,123,88,200.39
87167,重庆,门店购买,男,青年,周间,运动户外,87,48701.07,48,34,504.84
26766,上海,门店购买,男,青年,周间,食品生鲜,409,2492.93,193,138,9.08
66260,杭州,自提,女,青年,周间,食品生鲜,379,1818.91,38,26,22.6
28342,深圳,网购,女,青年,周间,运动户外,482,34582.91,159,44,448.28
62185,深圳,网购,女,青年,周末,家居日用,87,709.97,4,4,82.8
59742,广州,网购,女,青年,周末,运动户外,278,4943.81,16,5,411.43
42366,北京,自提,女,中年,周末,电子产品,198,426274.78,156,118,1674.74
28982,杭州,门店购买,男,青年,周末,食品生鲜,7,96.91,1,2,24.93
61948,武汉,自提,女,青年,周末,家居日用,177,2635.11,45,36,42.09
57115,杭州,自提,女,青年,周末,美妆护肤,451,26843.74,93,177,72.92
38500,武汉,门店购买,男,青年,周间,服装鞋帽,330,9073.61,153,64,61.95
75842,南京,门店购买,女,中年,周间,美妆护肤,291,129562.32,149,218,272.38
30316,西安,网购,女,老年,周间,家居日用,297,11894.0,180,69,57.13
68905,广州,自提,女,青年,周末,运动户外,307,220228.42,139,196,396.08
27327,深圳,门店购买,男,青年,周末,美妆护肤,121,18512.11,31,37,172.76
24775,南京,自提,男,青年,周末,美妆护肤,108,18228.36,23,34,309.48
85769,南京,网购,男,青年,周末,电子产品,8,10568.96,3,4,794.35
18261,南京,自提,女,青年,周末,电子产品,466,98346.06,8,16,2068.41
81793,上海,自提,男,青年,周末,食品生鲜,32,1431.77,16,19,37.3
94037,上海,门店购买,男,中年,周间,家居日用,401,39214.21,193,282,49.85
50544,重庆,门店购买,女,中年,周末,电子产品,2,4470.79,1,1,2349.31
33904,北京,自提,女,中年,周间,家居日用,428,733.1,20,22,16.88
67135,重庆,门店购买,女,青年,周末,电子产品,7,52184.36,6,7,2905.38
21343,上海,门店购买,男,老年,周末,家居日用,278,2542.8,83,26,53.34
87526,杭州,门店购买,女,青年,周末,食品生鲜,396,4294.33,144,100,19.95
48561,南京,网购,女,青年,周间,服装鞋帽,199,96680.44,156,236,187.78
80770,重庆,门店购买,男,青年,周间,美妆护肤,38,596.16,24,2,142.31
33672,成都,自提,男,青年,周间,电子产品,355,283317.83,153,122,1353.84
27393,重庆,门店购买,女,青年,周末,家居日用,8,248.12,5,2,37.44
84925,成都,网购,男,中年,周间,食品生鲜,262,1393.05,81,31,19.64
21824,广州,自提,女,青年,周末,电子产品,50,63120.86,35,19,1603.16
87623,重庆,网购,女,青年,周末,服装鞋帽,309,25381.63,123,86,95.13
16998,杭州,门店购买,女,青年,周末,电子产品,422,1054934.65,142,178,2440.9
15946,成都,自提,男,青年,周末,服装鞋帽,433,54887.92,94,128,220.02
12367,北京,网购,女,青年,周间,家居日用,141,887.78,14,15,32.44
46496,武汉,网购,男,中年,周间,运动户外,454,551.87,72,2,122.97
95452,南京,网购,男,青年,周间,服装鞋帽,47,1546.23,9,14,64.33
81073,成都,网购,女,青年,周间,美妆护肤,329,5081.03,179,31,77.41
10134,西安,网购,女,中年,周末,运动户外,45,9067.5,21,12,396.14
15717,成都,网购,女,青年,周末,服装鞋帽,23,878.16,2,8,47.1
51144,北京,网购,女,青年,周末,美妆护肤,294,66450.34,80,144,235.22
39753,广州,门店购买,女,青年,周末,家居日用,177,2555.35,34,33,34.2
25147,重庆,门店购买,男,老年,周末,家居日用,104,13428.74,104,80,54.52
19269,北京,自提,女,青年,周间,美妆护肤,340,46875.97,157,207,80.38
71377,杭州,网购,女,青年,周末,食品生鲜,447,2670.09,39,54,20.85
45783,南京,自提,男,中年,周间,服装鞋帽,302,56012.42,141,113,296.88
49265,南京,门店购买,男,青年,周末,食品生鲜,410,3668.82,59,49,40.38
92656,杭州,自提,男,青年,周间,食品生鲜,28,1184.81,15,27,16.81
16569,重庆,自提,女,青年,周间,电子产品,187,116396.33,102,41,1007.34
11275,西安,网购,女,中年,周间,电子产品,22,124980.58,16,20,3123.42
88654,上海,网购,男,老年,周末,家居日用,399,9175.55,130,199,27.48
12503,广州,自提,女,中年,周间,运动户外,200,24497.14,14,22,390.24
13118,重庆,门店购买,女,中年,周间,食品生鲜,358,1166.58,22,44,7.96
20838,广州,网购,女,中年,周间,电子产品,6,45059.37,2,7,3282.19
16655,上海,自提,男,青年,周末,食品生鲜,495,9626.53,168,302,15.62
90954,成都,网购,女,青年,周间,电子产品,392,496520.72,114,181,929.24
87982,南京,网购,女,中年,周间,运动户外,15,8530.84,15,8,585.18
16310,北京,自提,女,老年,周末,食品生鲜,396,197.48,185,7,16.06
25534,北京,自提,女,青年,周末,服装鞋帽,220,5726.64,12,17,199.32
47252,上海,网购,女,青年,周末,服装鞋帽,335,53557.54,87,158,119.41
81492,成都,自提,男,中年,周间,服装鞋帽,24,1425.81,12,13,34.86
73818,西安,门店购买,男,青年,周间,美妆护肤,220,4816.47,141,31,64.64
67571,武汉,自提,男,中年,周末,家居日用,257,5010.44,69,33,89.11
96797,深圳,门店购买,女,青年,周间,服装鞋帽,11,2002.88,1,7,118.2
30601,成都,自提,男,青年,周间,电子产品,38,221337.01,32,28,3113.98
27040,重庆,网购,女,青年,周间,服装鞋帽,299,4293.92,16,12,168.82
29588,深圳,网购,女,青年,周末,电子产品,8,17589.2,1,10,999.96
65280,北京,自提,男,青年,周间,美妆护肤,130,385.41,63,2,110.01
21584,重庆,自提,女,青年,周末,美妆护肤,475,2751.32,2,5,220.3
69839,成都,门店购买,女,青年,周末,电子产品,88,989813.24,76,152,2562.48
61805,北京,网购,男,青年,周末,电子产品,453,326618.45,178,73,1817.06
34449,上海,自提,女,老年,周末,运动户外,306,1379.53,33,1,461.26
55121,广州,网购,男,青年,周间,运动户外,491,13534.89,44,13,502.25
96540,广州,网购,女,中年,周末,美妆护肤,294,22701.75,126,186,50.02
22381,重庆,网购,男,青年,周末,美妆护肤,191,54184.68,86,141,199.48
51018,西安,门店购买,女,青年,周间,服装鞋帽,361,11775.79,177,49,109.35
16598,成都,网购,女,青年,周末,电子产品,281,1189801.31,97,156,3451.61
86268,武汉,网购,女,青年,周间,电子产品,337,79122.9,25,33,1238.91
72491,广州,网购,男,青年,周末,美妆护肤,151,27728.62,138,66,231.75
39968,广州,门店购买,男,青年,周末,食品生鲜,143,4144.62,125,72,29.9
78799,上海,网购,女,老年,周间,美妆护肤,309,46109.37,182,101,229.15
92221,北京,网购,男,青年,周末,食品生鲜,480,8818.76,183,357,13.73
27115,武汉,自提,女,中年,周末,运动户外,449,10956.96,27,16,245.29
27123,南京,网购,女,青年,周末,家居日用,130,1555.02,102,51,18.15
17528,成都,门店购买,男,中年,周间,家居日用,236,18719.64,92,102,60.34
80420,深圳,网购,男,青年,周末,美妆护肤,46,23938.68,27,44,275.15
19702,武汉,自提,女,中年,周末,服装鞋帽,299,46683.71,192,272,100.1
13823,杭州,网购,女,青年,周间,家居日用,84,1620.5,20,37,24.55
25534,重庆,自提,男,青年,周间,家居日用,286,18515.7,95,107,99.02
70359,北京,自提,男,中年,周末,电子产品,293,778372.7,132,202,1225.87
86180,杭州,自提,女,青年,周间,家居日用,201,7220.3,51,88,43.57
39454,西安,自提,女,青年,周间,服装鞋帽,233,7404.08,49,17,181.01
66864,上海,网购,女,老年,周间,服装鞋帽,403,23551.33,106,171,75.56
55026,南京,门店购买,女,青年,周末,电子产品,348,1482138.98,132,263,3305.16
79966,武汉,门店购买,男,中年,周间,服装鞋帽,328,19592.93,62,93,115.07
21093,西安,门店购买,女,青年,周末,美妆护肤,174,21011.27,62,114,108.69
46927,武汉,网购,女,青年,周间,美妆护肤,121,3922.5,29,16,88.43
14552,深圳,网购,男,中年,周间,运动户外,271,49168.34,128,208,140.42
45006,成都,自提,女,中年,周间,家居日用,170,13365.33,117,103,73.77
45160,成都,网购,女,老年,周间,食品生鲜,289,7173.22,121,220,13.56
87941,南京,自提,男,青年,周间,服装鞋帽,41,2199.24,12,11,61.31
11038,西安,自提,女,青年,周间,服装鞋帽,390,21403.18,103,153,74.98
58655,西安,自提,女,青年,周间,服装鞋帽,58,2656.37,55,31,48.07
46199,广州,网购,女,中年,周末,食品生鲜,93,1210.45,50,16,29.19
97516,杭州,门店购买,男,青年,周末,家居日用,419,3240.96,30,20,91.69
37982,北京,自提,女,青年,周间,服装鞋帽,54,277.78,44,3,45.71
25988,武汉,门店购买,女,中年,周末,电子产品,41,238214.24,24,47,1660.98
83004,杭州,自提,男,青年,周间,运动户外,459,75932.31,46,56,612.4
70378,杭州,自提,女,青年,周间,服装鞋帽,330,39190.83,42,83,237.51
79341,重庆,自提,男,青年,周间,家居日用,232,5490.9,34,56,38.94
34680,深圳,自提,男,青年,周末,运动户外,424,23317.26,12,21,604.68
67583,南京,网购,男,中年,周间,食品生鲜,333,416.73,133,24,10.01
73418,广州,门店购买,男,青年,周末,食品生鲜,238,2279.45,170,100,7.02
49468,深圳,门店购买,男,中年,周末,家居日用,271,5131.99,161,45,39.84
14598,深圳,网购,男,青年,周间,食品生鲜,364,4382.59,40,67,23.08
13511,西安,门店购买,男,青年,周间,服装鞋帽,177,23321.82,33,48,197.11
96412,深圳,网购,男,青年,周间,服装鞋帽,359,44621.46,158,98,219.02
32846,北京,自提,女,中年,周末,食品生鲜,116,637.65,17,15,13.86
55876,北京,自提,女,青年,周末,美妆护肤,500,4385.96,118,12,152.31
75252,上海,门店购买,男,中年,周末,家居日用,20,113.54,4,1,39.37
23077,成都,门店购买,男,中年,周末,运动户外,46,78397.52,32,56,740.04
80009,杭州,自提,女,青年,周间,食品生鲜,68,1101.51,19,14,46.36
30023,广州,网购,男,青年,周间,食品生鲜,79,5715.02,45,72,44.25
84196,广州,门店购买,男,青年,周间,家居日用,30,1017.47,13,6,82.31
54241,深圳,自提,男,中年,周末,运动户外,405,325664.94,185,246,494.31
94902,上海,门店购买,男,青年,周间,食品生鲜,54,477.72,53,31,7.72
40030,南京,自提,男,青年,周间,服装鞋帽,7,344.59,6,2,71.61
62598,北京,门店购买,女,青年,周末,美妆护肤,425,105775.1,185,243,181.01
51134,杭州,自提,男,青年,周间,美妆护肤,38,9169.66,12,21,179.24
66114,杭州,网购,男,青年,周间,食品生鲜,220,260.11,70,5,26.07
85527,重庆,门店购买,男,青年,周间,美妆护肤,255,7146.96,92,48,80.56
27968,北京,自提,男,青年,周末,运动户外,8,13269.4,2,10,595.58
27819,上海,网购,女,青年,周末,美妆护肤,125,60057.29,97,184,190.61
62891,武汉,门店购买,女,青年,周间,服装鞋帽,38,4004.43,11,14,127.33
20473,西安,网购,男,青年,周间,运动户外,392,21703.3,8,15,735.94
79522,南京,门店购买,女,青年,周间,食品生鲜,122,12437.43,108,164,44.15
99776,西安,门店购买,女,青年,周末,运动户外,395,51118.72,98,85,185.99
77173,西安,门店购买,女,青年,周末,服装鞋帽,24,652.32,6,2,132.29
13082,成都,自提,女,青年,周间,美妆护肤,328,115291.42,117,205,249.69
16545,北京,网购,女,老年,周间,家居日用,157,20036.07,80,140,61.62
62548,杭州,门店购买,女,青年,周间,电子产品,215,364421.08,52,50,3119.37
14426,杭州,自提,男,青年,周末,食品生鲜,162,1704.75,57,61,13.32
60609,杭州,门店购买,女,青年,周间,家居日用,41,640.2,8,12,27.14
39194,成都,网购,男,青年,周间,运动户外,5,3928.16,2,6,228.13
31115,武汉,自提,男,青年,周末,电子产品,437,534810.37,81,158,1548.09
83346,西安,自提,女,青年,周间,家居日用,337,5168.08,112,64,32.23
44304,杭州,门店购买,男,青年,周间,电子产品,406,359299.17,79,157,1077.48
89099,西安,网购,男,中年,周间,食品生鲜,297,2169.34,116,73,16.77
63728,杭州,网购,男,青年,周末,美妆护肤,169,39222.53,129,216,93.86
38642,西安,门店购买,女,青年,周末,电子产品,496,43960.3,3,10,1399.53
32719,上海,自提,男,青年,周间,美妆护肤,179,15634.08,50,37,226.19
58567,成都,自提,男,中年,周末,电子产品,126,3461.51,2,1,1626.93
49896,重庆,网购,男,中年,周末,美妆护肤,28,375.78,27,2,97.93
56631,上海,网购,男,青年,周间,食品生鲜,440,4542.01,101,92,23.62
34944,成都,门店购买,女,青年,周间,电子产品,285,416634.79,111,207,950.21
38626,上海,自提,女,青年,周末,食品生鲜,357,4101.69,84,102,13.08
39205,南京,门店购买,女,青年,周末,食品生鲜,456,1721.82,47,25,23.92
97916,广州,网购,男,青年,周间,食品生鲜,94,1511.26,34,53,9.48
49486,深圳,门店购买,女,中年,周间,美妆护肤,380,174549.46,178,346,211.31
80814,北京,网购,女,中年,周末,美妆护肤,441,47193.5,72,98,283.05
30052,上海,门店购买,女,青年,周间,电子产品,239,389944.72,68,49,3108.65
51751,北京,网购,男,青年,周间,电子产品,84,196623.46,21,36,2097.86
61228,成都,网购,女,中年,周末,服装鞋帽,103,16914.55,18,34,242.32
40641,北京,网购,男,青年,周间,美妆护肤,56,3789.46,14,7,199.71
38765,深圳,自提,女,青年,周末,运动户外,355,67006.89,32,55,498.97
11403,武汉,自提,男,中年,周间,食品生鲜,128,198.42,15,6,13.59
17346,上海,网购,男,中年,周间,家居日用,88,133.71,31,2,34.43
27276,北京,网购,女,青年,周末,电子产品,233,648856.06,184,84,3851.23
27354,杭州,网购,女,青年,周间,食品生鲜,339,14795.22,140,237,36.68
72427,武汉,自提,女,青年,周末,食品生鲜,26,679.06,13,12,20.84
67764,广州,门店购买,女,青年,周间,美妆护肤,447,2335.98,17,12,93.37
86668,成都,自提,女,中年,周间,运动户外,131,108778.85,130,76,637.85
92208,深圳,自提,男,中年,周末,服装鞋帽,44,130.07,6,1,56.89
77307,北京,网购,女,老年,周间,运动户外,315,30607.06,13,22,824.72
19690,武汉,网购,女,青年,周末,运动户外,478,30520.16,58,77,131.23
91189,西安,自提,女,青年,周间,运动户外,454,48004.79,196,57,296.28
28625,武汉,自提,女,青年,周间,服装鞋帽,84,2640.03,3,6,151.76
24809,重庆,网购,女,青年,周间,美妆护肤,451,103487.75,166,196,188.87
35598,北京,门店购买,男,青年,周间,食品生鲜,155,16608.34,114,225,22.55
75824,南京,自提,女,青年,周间,电子产品,412,14182.36,43,2,3433.23
59482,南京,门店购买,女,青年,周间,服装鞋帽,404,66394.28,175,230,140.63
33810,重庆,自提,男,青年,周间,家居日用,120,2565.59,35,24,48.04
51799,广州,网购,女,青年,周末,家居日用,42,2812.1,26,23,41.88
89244,广州,网购,女,青年,周末,服装鞋帽,304,3298.83,74,30,63.47
63806,深圳,网购,男,青年,周间,运动户外,359,103487.97,149,206,187.54
97605,广州,门店购买,女,青年,周间,运动户外,392,4565.42,47,6,245.62
96932,杭州,门店购买,男,青年,周间,电子产品,100,103179.08,27,47,1089.77
15301,北京,自提,男,中年,周末,电子产品,420,113910.07,165,43,915.39
32661,上海,自提,女,青年,周末,运动户外,191,105121.29,138,79,616.13
80226,武汉,自提,女,中年,周末,美妆护肤,57,10324.82,34,42,113.37
61047,杭州,自提,男,中年,周末,电子产品,407,239435.16,100,46,2346.17
75251,武汉,门店购买,女,青年,周间,美妆护肤,168,51303.92,100,164,182.6
62336,杭州,门店购买,男,青年,周末,服装鞋帽,152,5046.24,47,15,173.07
67162,广州,网购,男,青年,周末,食品生鲜,354,100.44,17,3,16.19
79716,深圳,网购,女,中年,周末,电子产品,242,571871.99,158,229,1318.82
87087,西安,门店购买,女,青年,周末,运动户外,83,17552.25,66,51,159.99
17472,深圳,自提,女,青年,周末,运动户外,2,652.19,1,1,234.14
31141,南京,自提,男,青年,周末,电子产品,2,3623.14,2,1,1282.01
42017,南京,网购,男,中年,周末,家居日用,432,12513.37,158,88,66.74
90145,北京,网购,女,青年,周间,服装鞋帽,422,51057.32,118,194,98.22
39771,广州,门店购买,男,中年,周间,运动户外,405,35249.89,53,28,531.58
20918,南京,自提,男,中年,周间,服装鞋帽,204,4970.42,117,27,85.72
24242,北京,网购,男,青年,周末,服装鞋帽,461,30883.02,58,92,110.69
80852,南京,门店购买,男,青年,周末,家居日用,378,3954.07,154,33,47.64
12593,重庆,自提,女,青年,周末,家居日用,387,32364.35,162,190,59.64
93205,南京,门店购买,男,中年,周间,服装鞋帽,395,5340.92,20,40,64.36
63706,上海,自提,男,青年,周间,美妆护肤,437,48220.44,137,127,147.95
96604,武汉,网购,男,老年,周末,运动户外,201,104947.5,97,95,603.83
79974,重庆,网购,女,青年,周末,服装鞋帽,166,11097.15,115,53,94.68
84121,广州,自提,女,青年,周间,运动户外,223,5965.98,161,5,622.19
27891,西安,门店购买,男,青年,周间,服装鞋帽,392,54370.81,159,211,153.72
49913,上海,自提,女,青年,周末,美妆护肤,401,62828.87,153,235,134.73
43411,南京,自提,女,青年,周末,美妆护肤,100,68451.55,78,130,175.74
70560,深圳,自提,女,青年,周间,服装鞋帽,205,90980.18,188,298,140.43
59914,杭州,门店购买,男,青年,周间,电子产品,406,499550.67,155,86,2639.67
61707,北京,自提,男,青年,周末,服装鞋帽,205,5688.51,36,59,40.5
82466,西安,网购,男,中年,周末,食品生鲜,274,4490.1,65,92,25.92
10071,南京,门店购买,男,中年,周末,食品生鲜,248,7063.87,79,139,24.68
72092,杭州,门店购买,男,青年,周间,服装鞋帽,8,3288.7,3,8,236.19
16192,北京,网购,男,青年,周间,运动户外,207,51497.06,27,38,723.08
56647,深圳,网购,女,青年,周末,美妆护肤,134,33618.54,50,57,294.6
48560,重庆,自提,男,青年,周间,运动户外,468,1780.13,5,2,310.28
94245,北京,网购,男,青年,周末,家居日用,191,2399.85,177,63,14.53
48748,杭州,自提,男,青年,周末,家居日用,248,16922.19,71,88,89.92
62542,成都,网购,女,中年,周间,服装鞋帽,404,8389.44,200,65,73.96
90121,西安,自提,女,青年,周间,服装鞋帽,95,2686.2,24,8,134.15
38240,杭州,自提,男,青年,周间,家居日用,462,9516.1,100,78,61.66
52687,成都,门店购买,男,青年,周间,服装鞋帽,50,3142.69,15,18,52.7
20726,广州,自提,女,中年,周末,电子产品,86,22824.12,77,15,570.21
26741,广州,网购,男,中年,周间,服装鞋帽,473,45965.36,200,328,82.82
74835,广州,自提,女,青年,周末,美妆护肤,178,76219.35,143,165,183.1
52562,广州,网购,女,青年,周间,服装鞋帽,365,6514.4,81,26,148.64
52951,武汉,自提,男,青年,周末,食品生鲜,470,1196.11,14,17,22.1
50437,西安,网购,女,青年,周间,食品生鲜,242,3802.19,59,98,14.14
28500,杭州,自提,女,青年,周间,电子产品,183,934030.17,149,154,3602.66
70222,深圳,自提,女,中年,周末,电子产品,171,303568.22,60,63,1489.34
35589,上海,门店购买,男,青年,周末,运动户外,103,54992.94,31,53,597.17
33883,重庆,网购,女,青年,周末,美妆护肤,35,4204.33,23,12,155.06
11263,杭州,门店购买,女,青年,周末,食品生鲜,93,1738.5,16,29,25.33
96624,深圳,自提,男,青年,周末,电子产品,263,209855.96,145,55,1929.41
34640,杭州,自提,女,青年,周间,家居日用,381,5490.38,97,42,54.81
18559,杭州,网购,男,中年,周末,美妆护肤,310,72145.42,148,132,267.12
66362,杭州,自提,男,青年,周末,运动户外,19,891.95,4,1,415.85
72874,深圳,门店购买,男,青年,周末,运动户外,363,13597.9,88,42,105.38
87915,重庆,门店购买,女,中年,周末,运动户外,151,82144.11,100,71,525.7
77725,杭州,门店购买,女,青年,周间,服装鞋帽,288,27469.16,95,126,111.84
55682,南京,网购,男,中年,周末,服装鞋帽,74,5894.71,10,15,172.45
80623,西安,门店购买,男,中年,周间,美妆护肤,277,33788.04,49,82,229.91
20741,武汉,网购,女,中年,周间,食品生鲜,474,1724.94,85,26,35.72
37015,重庆,自提,男,青年,周间,美妆护肤,54,1405.61,6,3,230.27
37514,南京,门店购买,女,中年,周末,电子产品,296,624847.71,63,79,3539.53
80617,上海,自提,女,青年,周末,运动户外,408,299691.12,159,294,356.85
23810,武汉,自提,男,青年,周末,美妆护肤,442,43697.72,109,109,146.85
58977,上海,门店购买,女,中年,周末,运动户外,238,8396.1,192,7,600.54
35579,广州,门店购买,女,青年,周末,电子产品,295,535219.67,62,101,1606.35
79813,广州,门店购买,女,青年,周间,食品生鲜,63,496.92,16,28,5.64
79614,成都,门店购买,男,中年,周末,电子产品,146,115449.24,84,16,2812.64
70429,深圳,自提,男,中年,周间,服装鞋帽,195,28580.77,194,206,59.93
38446,成都,门店购买,女,青年,周末,食品生鲜,124,3008.75,103,159,5.72
53760,南京,自提,女,青年,周间,家居日用,341,3234.09,64,23,78.49
59227,深圳,门店购买,女,青年,周间,食品生鲜,405,277.82,30,7,14.84
98977,西安,网购,男,中年,周末,家居日用,249,2052.58,47,59,12.09
87922,重庆,门店购买,女,青年,周间,服装鞋帽,152,7673.3,46,67,62.09
43610,上海,门店购买,女,青年,周末,美妆护肤,357,35242.7,119,83,153.46
80177,杭州,自提,女,青年,周间,电子产品,20,56555.48,7,11,1544.31
74279,深圳,网购,女,青年,周间,服装鞋帽,217,29461.89,35,66,169.18
43969,杭州,自提,男,青年,周末,美妆护肤,163,1188.5,55,3,187.2
15885,重庆,自提,女,青年,周末,美妆护肤,89,12459.44,23,33,210.47
90434,南京,自提,女,中年,周间,电子产品,439,842108.41,181,122,3658.86
80469,武汉,网购,女,青年,周间,服装鞋帽,11,5859.54,11,14,246.08
25704,上海,自提,女,中年,周末,服装鞋帽,157,22163.75,54,76,133.22
18520,南京,自提,男,青年,周间,运动户外,383,64571.51,92,132,181.1
63045,杭州,自提,女,青年,周间,电子产品,120,16298.34,92,3,2644.71
24774,成都,网购,女,老年,周末,美妆护肤,66,5172.6,51,18,154.1
15179,杭州,网购,男,中年,周末,电子产品,313,53116.4,9,12,1505.78
45196,杭州,网购,男,青年,周间,运动户外,303,46146.27,181,140,120.15
45484,成都,网购,男,青年,周间,运动户外,316,37470.6,80,26,831.67
28900,杭州,门店购买,女,青年,周间,服装鞋帽,382,29273.05,100,66,209.48
36828,广州,网购,女,青年,周间,食品生鲜,407,811.8,37,24,12.84
94631,深圳,网购,女,青年,周末,电子产品,99,240980.19,40,49,1621.77
60001,深圳,网购,女,青年,周间,家居日用,356,3439.58,168,87,22.89
14606,北京,门店购买,女,中年,周末,家居日用,458,9812.79,107,185,25.0
35767,重庆,门店购买,男,青年,周间,家居日用,310,321.51,81,8,18.02
27899,成都,门店购买,男,青年,周间,服装鞋帽,316,3670.63,119,23,85.16
95766,武汉,网购,男,青年,周末,美妆护肤,417,20271.45,98,145,63.3
19905,重庆,自提,男,青年,周末,食品生鲜,162,6982.77,72,105,39.88
24543,西安,网购,男,青年,周末,家居日用,132,6249.64,79,63,59.02
28966,深圳,自提,女,中年,周末,服装鞋帽,185,4225.65,37,12,107.27
54868,广州,网购,女,中年,周末,运动户外,468,8625.09,171,9,375.22
68468,武汉,网购,女,青年,周末,运动户外,94,84092.52,54,83,399.94
39445,广州,自提,女,青年,周间,美妆护肤,419,18814.67,77,143,77.79
27555,杭州,自提,女,青年,周间,电子产品,196,10937.48,10,5,1033.57
24475,成都,门店购买,男,青年,周间,美妆护肤,451,88754.41,104,194,237.78
80236,重庆,自提,女,青年,周间,服装鞋帽,110,24482.04,60,49,285.97
75562,南京,自提,女,青年,周末,美妆护肤,384,29298.85,60,57,240.17
21609,西安,网购,男,青年,周末,电子产品,224,21927.45,77,12,861.35
79348,深圳,自提,男,中年,周间,服装鞋帽,143,40591.57,139,138,112.11
15121,南京,网购,男,青年,周间,食品生鲜,141,1181.87,111,48,13.71
32042,上海,网购,男,中年,周间,运动户外,481,100782.53,191,76,540.76
53103,北京,网购,男,青年,周末,电子产品,281,601452.53,133,193,1207.6
62862,武汉,网购,男,青年,周末,美妆护肤,267,174498.36,147,291,201.72
25612,重庆,网购,男,青年,周末,家居日用,291,51954.3,193,380,74.67
28201,武汉,网购,女,中年,周间,运动户外,367,16207.32,159,23,325.93
54150,杭州,门店购买,男,中年,周间,家居日用,133,2325.15,100,63,11.33
88213,西安,门店购买,女,青年,周末,家居日用,61,1987.86,57,13,57.08
68414,上海,网购,男,青年,周间,运动户外,133,49533.18,85,129,181.24
50507,广州,网购,男,青年,周末,电子产品,186,271200.48,53,42,2475.16
63885,北京,自提,女,青年,周间,食品生鲜,298,9955.39,181,140,30.55
29434,北京,网购,男,青年,周间,运动户外,370,3354.73,5,3,516.32
22006,南京,网购,男,青年,周间,美妆护肤,473,86537.09,197,148,201.6
61259,广州,网购,女,青年,周末,家居日用,135,3832.04,84,35,58.78
56990,深圳,自提,女,青年,周末,食品生鲜,233,34.15,5,1,11.88
22412,南京,网购,女,青年,周末,运动户外,215,14666.31,18,12,723.99
55344,西安,网购,女,青年,周间,电子产品,453,9040.43,9,2,1590.52
17258,杭州,自提,女,青年,周末,服装鞋帽,288,9393.14,63,67,45.7
21761,广州,网购,男,青年,周间,电子产品,180,15217.86,23,9,966.05
79776,成都,网购,女,中年,周间,食品生鲜,115,14439.81,105,198,41.86
43888,杭州,自提,男,老年,周间,运动户外,91,21594.86,19,29,272.27
93101,杭州,自提,男,青年,周末,食品生鲜,122,284.7,1,6,24.82
92040,深圳,门店购买,女,青年,周末,食品生鲜,121,5577.96,45,72,25.17
63717,南京,网购,男,中年,周末,运动户外,348,63049.29,33,59,379.34
